#,Address,Source,Live Registers,Sampling Data (All),Sampling Data (Not Issued),Instructions Executed,Predicated-On Thread Instructions Executed,Memory Address Space,Memory Access Operation,Memory Access Size,Memory L1 Transactions Global,Memory L1 Transactions Shared,Memory L2 Transactions Global,stall_barrier,stall_dispatch,stall_drain,stall_imc,stall_lg,stall_long_sb,stall_math,stall_membar,stall_mio,stall_misc,stall_no_inst,stall_not_selected,stall_selected,stall_short_sb,stall_sleep,stall_tex,stall_wait,stall_barrier (Not Issued),stall_dispatch (Not Issued),stall_drain (Not Issued),stall_imc (Not Issued),stall_lg (Not Issued),stall_long_sb (Not Issued),stall_math (Not Issued),stall_membar (Not Issued),stall_mio (Not Issued),stall_misc (Not Issued),stall_no_inst (Not Issued),stall_not_selected (Not Issued),stall_selected (Not Issued),stall_short_sb (Not Issued),stall_sleeping (Not Issued),stall_tex (Not Issued),stall_wait (Not Issued)
1,00000013 2faab100,"     IMAD.MOV.U32 R1, RZ, RZ, c[0x0][0x28] ",,21,19,12800,409600,,,,,,,0,0,0,9,0,0,0,0,0,0,12,0,0,0,0,0,0,0,0,0,9,0,0,0,0,0,0,10,0,0,0,0,0,0
2,00000013 2faab110,"@!PT SHFL.IDX PT, RZ, RZ, RZ, RZ ",,1,0,12800,0,,,,,,,0,0,0,0,0,0,0,0,0,0,0,0,1,0,0,0,0,0,0,0,0,0,0,0,0,0,0,0,0,0,0,0,0,0
3,00000013 2faab120,"     S2R R5, SR_CTAID.Y ",,0,0,12800,409600,,,,,,,,,,,,,,,,,,,,,,,,,,,,,,,,,,,,,,,,
4,00000013 2faab130,"     S2R R43, SR_CTAID.X ",,2,0,12800,409600,,,,,,,0,0,0,0,0,0,0,0,0,0,0,0,2,0,0,0,0,0,0,0,0,0,0,0,0,0,0,0,0,0,0,0,0,0
5,00000013 2faab140,"     S2R R2, SR_CTAID.Z ",,4,0,12800,409600,,,,,,,0,0,0,0,0,0,0,0,0,0,0,0,2,0,0,0,2,0,0,0,0,0,0,0,0,0,0,0,0,0,0,0,0,0
6,00000013 2faab150,"     ISETP.GE.AND P0, PT, R5, c[0x0][0x188], PT ",,13,8,12800,409600,,,,,,,0,0,0,6,0,0,0,0,0,0,1,0,0,6,0,0,0,0,0,0,6,0,0,0,0,0,0,1,0,0,1,0,0,0
7,00000013 2faab160,"     IMAD.SHL.U32 R43, R43, 0x10, RZ ",,2,1,12800,409600,,,,,,,0,0,0,0,0,0,0,0,0,0,0,0,0,2,0,0,0,0,0,0,0,0,0,0,0,0,0,0,0,0,1,0,0,0
8,00000013 2faab170,"     ISETP.GE.OR P0, PT, R2, c[0x0][0x194], P0 ",,3,1,12800,409600,,,,,,,0,0,0,0,0,0,0,0,0,0,0,0,0,1,0,0,2,0,0,0,0,0,0,0,0,0,0,0,0,0,0,0,0,1
9,00000013 2faab180,"     ISETP.GE.OR P0, PT, R43, c[0x0][0x18c], P0 ",,4,1,12800,409600,,,,,,,0,0,0,0,0,0,0,0,0,0,0,0,2,0,0,0,2,0,0,0,0,0,0,0,0,0,0,0,0,0,0,0,0,1
10,00000013 2faab190,@P0  EXIT ,,7,4,12800,0,,,,,,,0,0,0,0,0,0,0,0,0,0,0,0,0,0,0,0,7,0,0,0,0,0,0,0,0,0,0,0,0,0,0,0,0,4
11,00000013 2faab1a0,"     IMAD.MOV.U32 R44, RZ, RZ, c[0x0][0x0] ",,2,2,12800,409600,,,,,,,0,0,0,0,0,0,0,0,0,0,0,0,0,0,0,0,2,0,0,0,0,0,0,0,0,0,0,0,0,0,0,0,0,2
12,00000013 2faab1b0,"     ISETP.GT.U32.AND P0, PT, R44, 0x11f, PT ",,2,1,12800,409600,,,,,,,0,0,0,0,0,0,0,0,0,0,0,1,0,0,0,0,1,0,0,0,0,0,0,0,0,0,0,0,0,0,0,0,0,1
13,00000013 2faab1c0,"     SHF.R.U32.HI R44, RZ, 0x5, R44 ",,0,0,12800,409600,,,,,,,,,,,,,,,,,,,,,,,,,,,,,,,,,,,,,,,,
14,00000013 2faab1d0,"     ISETP.EQ.OR P0, PT, R44, RZ, P0 ",,3,1,12800,409600,,,,,,,0,0,0,0,0,0,2,0,0,0,0,1,0,0,0,0,0,0,0,0,0,0,0,1,0,0,0,0,0,0,0,0,0,0
15,00000013 2faab1e0,@P0  EXIT ,,5,3,12800,0,,,,,,,0,0,0,0,0,0,0,0,0,0,0,0,0,0,0,0,5,0,0,0,0,0,0,0,0,0,0,0,0,0,0,0,0,3
16,00000013 2faab1f0,"     IMAD.MOV.U32 R12, RZ, RZ, c[0x0][0x190] ",,1,0,12800,409600,,,,,,,0,0,0,0,0,0,0,0,0,0,0,0,0,0,0,0,1,0,0,0,0,0,0,0,0,0,0,0,0,0,0,0,0,0
17,00000013 2faab200,"     IADD3 R0, R12, -0x1, RZ ",,3,1,12800,409600,,,,,,,0,0,0,0,0,0,0,0,0,0,0,1,0,0,0,0,2,0,0,0,0,0,0,0,0,0,0,0,0,0,0,0,0,1
18,00000013 2faab210,"     ISETP.GT.U32.AND P0, PT, R0, 0x1ff, PT ",,1,0,12800,409600,,,,,,,0,0,0,0,0,0,0,0,0,0,0,0,0,0,0,0,1,0,0,0,0,0,0,0,0,0,0,0,0,0,0,0,0,0
19,00000013 2faab220,@P0  EXIT ,,3,2,12800,0,,,,,,,0,0,0,0,0,0,0,0,0,0,0,0,0,0,0,0,3,0,0,0,0,0,0,0,0,0,0,0,0,0,0,0,0,2
20,00000013 2faab230,"     S2R R9, SR_TID.X ",,2,0,12800,409600,,,,,,,0,0,0,0,0,0,0,0,0,0,0,0,0,0,0,0,2,0,0,0,0,0,0,0,0,0,0,0,0,0,0,0,0,0
21,00000013 2faab240,"     IADD3 R42, R12, 0xf, RZ ",,0,0,12800,409600,,,,,,,,,,,,,,,,,,,,,,,,,,,,,,,,,,,,,,,,
22,00000013 2faab250,"     IMAD.MOV.U32 R37, RZ, RZ, c[0x0][0x198] ",,0,0,12800,409600,,,,,,,,,,,,,,,,,,,,,,,,,,,,,,,,,,,,,,,,
23,00000013 2faab260,"     IMAD.MOV.U32 R13, RZ, RZ, c[0x0][0x18c] ",,0,0,12800,409600,,,,,,,,,,,,,,,,,,,,,,,,,,,,,,,,,,,,,,,,
24,00000013 2faab270,"     SHF.R.S32.HI R3, RZ, 0x1f, R42 ",,0,0,12800,409600,,,,,,,,,,,,,,,,,,,,,,,,,,,,,,,,,,,,,,,,
25,00000013 2faab280,"     IMAD.SHL.U32 R37, R37, 0x10, RZ ",,0,0,12800,409600,,,,,,,,,,,,,,,,,,,,,,,,,,,,,,,,,,,,,,,,
26,00000013 2faab290,"     IMAD.WIDE R6, R13, c[0x0][0x188], RZ ",,0,0,12800,409600,,,,,,,,,,,,,,,,,,,,,,,,,,,,,,,,,,,,,,,,
27,00000013 2faab2a0,"     LEA.HI R42, R3, R42, RZ, 0x4 ",,0,0,12800,409600,,,,,,,,,,,,,,,,,,,,,,,,,,,,,,,,,,,,,,,,
28,00000013 2faab2b0,"     SHF.R.S32.HI R3, RZ, 0x1f, R2 ",,2,0,12800,409600,,,,,,,0,1,0,0,0,0,0,0,0,0,0,0,0,0,0,0,1,0,0,0,0,0,0,0,0,0,0,0,0,0,0,0,0,0
29,00000013 2faab2c0,"     IMAD.MOV.U32 R11, RZ, RZ, c[0x0][0x194] ",,0,0,12800,409600,,,,,,,,,,,,,,,,,,,,,,,,,,,,,,,,,,,,,,,,
30,00000013 2faab2d0,"     SHF.R.S32.HI R41, RZ, 0x4, R42 ",,1,0,12800,409600,,,,,,,0,1,0,0,0,0,0,0,0,0,0,0,0,0,0,0,0,0,0,0,0,0,0,0,0,0,0,0,0,0,0,0,0,0
31,00000013 2faab2e0,"     IMAD R8, R7, c[0x0][0x194], RZ ",,0,0,12800,409600,,,,,,,,,,,,,,,,,,,,,,,,,,,,,,,,,,,,,,,,
32,00000013 2faab2f0,"     SHF.R.S32.HI R13, RZ, 0x1f, R13 ",,0,0,12800,409600,,,,,,,,,,,,,,,,,,,,,,,,,,,,,,,,,,,,,,,,
33,00000013 2faab300,"     IMAD.WIDE R4, R5, c[0x0][0x194], R2 ",,0,0,12800,409600,,,,,,,,,,,,,,,,,,,,,,,,,,,,,,,,,,,,,,,,
34,00000013 2faab310,"     SHF.R.S32.HI R11, RZ, 0x1f, R11 ",,1,0,12800,409600,,,,,,,0,0,0,0,0,0,0,0,0,0,0,0,1,0,0,0,0,0,0,0,0,0,0,0,0,0,0,0,0,0,0,0,0,0
35,00000013 2faab320,"     LOP3.LUT R35, R42, 0xfffffff0, RZ, 0xc0, !PT ",,4,1,12800,409600,,,,,,,0,0,0,0,0,0,2,0,0,0,0,0,1,0,0,0,1,0,0,0,0,0,0,1,0,0,0,0,0,0,0,0,0,0
36,00000013 2faab330,"     IMAD.SHL.U32 R40, R41, 0x100, RZ ",,0,0,12800,409600,,,,,,,,,,,,,,,,,,,,,,,,,,,,,,,,,,,,,,,,
37,00000013 2faab340,"     IADD3 R32, R37, 0x20, RZ ",,1,0,12800,409600,,,,,,,0,0,0,0,0,0,0,0,0,0,0,0,1,0,0,0,0,0,0,0,0,0,0,0,0,0,0,0,0,0,0,0,0,0
38,00000013 2faab350,"     IMAD R11, R6, R11, R8 ",,0,0,12800,409600,,,,,,,,,,,,,,,,,,,,,,,,,,,,,,,,,,,,,,,,
39,00000013 2faab360,"     IMAD.IADD R0, R43, 0x1, R9 ",,1,0,12800,409600,,,,,,,0,0,0,0,0,0,0,0,0,0,0,1,0,0,0,0,0,0,0,0,0,0,0,0,0,0,0,0,0,0,0,0,0,0
40,00000013 2faab370,"     IADD3 R39, R40, 0x80, RZ ",,0,0,12800,409600,,,,,,,,,,,,,,,,,,,,,,,,,,,,,,,,,,,,,,,,
41,00000013 2faab380,"     IMAD R5, R5, c[0x0][0x18c], RZ ",,1,0,12800,409600,,,,,,,0,0,0,0,0,0,0,0,0,0,0,0,1,0,0,0,0,0,0,0,0,0,0,0,0,0,0,0,0,0,0,0,0,0
42,00000013 2faab390,"     LOP3.LUT R48, R9, 0x1f, RZ, 0xc0, !PT ",,0,0,12800,409600,,,,,,,,,,,,,,,,,,,,,,,,,,,,,,,,,,,,,,,,
43,00000013 2faab3a0,"     IMAD.WIDE.U32 R46, R4, c[0x0][0x18c], RZ ",,0,0,12800,409600,,,,,,,,,,,,,,,,,,,,,,,,,,,,,,,,,,,,,,,,
44,00000013 2faab3b0,"     ISETP.GE.AND P0, PT, R0, c[0x0][0x18c], PT ",,0,0,12800,409600,,,,,,,,,,,,,,,,,,,,,,,,,,,,,,,,,,,,,,,,
45,00000013 2faab3c0,"     I2F R0, c[0x0][0x190] ",,6,0,12800,409600,,,,,,,0,0,0,0,0,0,0,0,0,0,0,3,0,0,0,0,3,0,0,0,0,0,0,0,0,0,0,0,0,0,0,0,0,0
46,00000013 2faab3d0,"     IMAD R38, R44, 0x180, R39 ",,1,0,12800,409600,,,,,,,0,1,0,0,0,0,0,0,0,0,0,0,0,0,0,0,0,0,0,0,0,0,0,0,0,0,0,0,0,0,0,0,0,0
47,00000013 2faab3e0,"     ISETP.GT.U32.OR P0, PT, R9, 0xf, P0 ",,3,0,12800,409600,,,,,,,0,2,0,0,0,0,0,0,0,0,0,0,1,0,0,0,0,0,0,0,0,0,0,0,0,0,0,0,0,0,0,0,0,0
48,00000013 2faab3f0,"     IMAD R45, R4, R13, R5 ",,0,0,12800,409600,,,,,,,,,,,,,,,,,,,,,,,,,,,,,,,,,,,,,,,,
49,00000013 2faab400,"     SHF.R.S32.HI R5, RZ, 0x1f, R12 ",,23,10,12800,409600,,,,,,,0,0,0,0,0,0,0,0,0,0,23,0,0,0,0,0,0,0,0,0,0,0,0,0,0,0,0,10,0,0,0,0,0,0
50,00000013 2faab410,"     IMAD.SHL.U32 R36, R38, 0x2, RZ ",,1,0,12800,409600,,,,,,,0,0,0,0,0,0,0,0,0,0,0,0,1,0,0,0,0,0,0,0,0,0,0,0,0,0,0,0,0,0,0,0,0,0
51,00000013 2faab420,"     IMAD.IADD R45, R47, 0x1, R45 ",,0,0,12800,409600,,,,,,,,,,,,,,,,,,,,,,,,,,,,,,,,,,,,,,,,
52,00000013 2faab430,"     IMAD.WIDE.U32 R30, R46, c[0x0][0x190], RZ ",,2,1,12800,409600,,,,,,,0,0,0,0,0,0,1,0,0,0,0,0,0,0,0,0,1,0,0,0,0,0,0,0,0,0,0,0,0,0,0,0,0,1
53,00000013 2faab440,"     IMAD.MOV.U32 R8, RZ, RZ, RZ ",,8,1,12800,409600,,,,,,,0,0,0,0,0,0,2,0,0,0,0,3,1,0,0,0,2,0,0,0,0,0,0,0,0,0,0,0,0,0,0,0,0,1
54,00000013 2faab450,"@!P0 IMAD.IADD R3, R9, 0x1, R37 ",,2,1,12800,51200,,,,,,,0,0,0,0,0,0,0,0,0,0,0,1,0,0,0,0,1,0,0,0,0,0,0,0,0,0,0,0,0,0,0,0,0,1
55,00000013 2faab460,"     FMNMX.FTZ R0, R0, 1, !PT ",,0,0,12800,409600,,,,,,,,,,,,,,,,,,,,,,,,,,,,,,,,,,,,,,,,
56,00000013 2faab470,"@!P0 IMAD.MOV.U32 R14, RZ, RZ, -0x1f528714 ",,0,0,12800,51200,,,,,,,,,,,,,,,,,,,,,,,,,,,,,,,,,,,,,,,,
57,00000013 2faab480,"@!P0 IMAD R7, R3, 0x4, R36 ",,0,0,12800,51200,,,,,,,,,,,,,,,,,,,,,,,,,,,,,,,,,,,,,,,,
58,00000013 2faab490,"     IMAD.WIDE.U32 R2, R6, c[0x0][0x194], RZ ",,2,0,12800,409600,,,,,,,0,0,0,0,0,0,0,0,0,0,0,1,0,0,0,0,1,0,0,0,0,0,0,0,0,0,0,0,0,0,0,0,0,0
59,00000013 2faab4a0,"     MUFU.RSQ R0, R0 ",,1,0,12800,409600,,,,,,,0,0,0,0,0,0,0,0,0,0,0,0,1,0,0,0,0,0,0,0,0,0,0,0,0,0,0,0,0,0,0,0,0,0
60,00000013 2faab4b0,"@!P0 STS [R7+0x300], R14 ",,7,1,12800,51200,Shared,Store,32,,3200,,0,0,0,0,0,0,0,0,0,0,0,1,1,0,0,0,5,0,0,0,0,0,0,0,0,0,0,0,0,0,0,0,0,1
61,00000013 2faab4c0,"     IMAD.IADD R10, R3, 0x1, R11 ",,0,0,12800,409600,,,,,,,,,,,,,,,,,,,,,,,,,,,,,,,,,,,,,,,,
62,00000013 2faab4d0,"     IMAD.WIDE.U32 R28, R2, c[0x0][0x190], RZ ",,1,0,12800,409600,,,,,,,0,0,0,0,0,0,0,0,0,0,0,1,0,0,0,0,0,0,0,0,0,0,0,0,0,0,0,0,0,0,0,0,0,0
63,00000013 2faab4e0,"@!P0 STS [R7+0x340], RZ ",,2,0,12800,51200,Shared,Store,32,,3200,,0,0,0,0,0,0,0,0,0,0,0,0,2,0,0,0,0,0,0,0,0,0,0,0,0,0,0,0,0,0,0,0,0,0
64,00000013 2faab4f0,"     IMAD R4, R10, c[0x0][0x190], RZ ",,0,0,12800,409600,,,,,,,,,,,,,,,,,,,,,,,,,,,,,,,,,,,,,,,,
65,00000013 2faab500,"     F2F.F16.F32 R6, R0 ",,0,0,12800,409600,,,,,,,,,,,,,,,,,,,,,,,,,,,,,,,,,,,,,,,,
66,00000013 2faab510,"     IMAD R11, R5, R2, R4 ",,1,0,12800,409600,,,,,,,0,0,0,0,0,0,0,0,0,0,0,0,0,0,0,0,1,0,0,0,0,0,0,0,0,0,0,0,0,0,0,0,0,0
67,00000013 2faab520,"     IMAD R4, R45, c[0x0][0x190], RZ ",,3,1,12800,409600,,,,,,,0,0,0,0,0,0,0,0,0,0,0,0,2,0,0,0,1,0,0,0,0,0,0,0,0,0,0,0,0,0,0,0,0,1
68,00000013 2faab530,"     IMAD.IADD R34, R29, 0x1, R11 ",,5,2,12800,409600,,,,,,,0,1,0,0,0,0,1,0,0,0,0,2,0,0,0,0,1,0,0,0,0,0,0,1,0,0,0,0,0,0,0,0,0,1
69,00000013 2faab540,"     IMAD R33, R5, R46, R4 ",,1,1,12800,409600,,,,,,,0,0,0,0,0,0,0,0,0,0,0,0,0,0,0,0,1,0,0,0,0,0,0,0,0,0,0,0,0,0,0,0,0,1
70,00000013 2faab550,"     IMAD.IADD R33, R31, 0x1, R33 ",,3,0,12800,409600,,,,,,,0,0,0,0,0,0,1,0,0,0,0,0,0,0,0,0,2,0,0,0,0,0,0,0,0,0,0,0,0,0,0,0,0,0
71,00000013 2faab560,     NOP ,,0,0,12800,409600,,,,,,,,,,,,,,,,,,,,,,,,,,,,,,,,,,,,,,,,
72,00000013 2faab570,     BAR.SYNC 0x0 ,,0,0,12800,409600,,,,,,,,,,,,,,,,,,,,,,,,,,,,,,,,,,,,,,,,
73,00000013 2faab580,"@!PT SHFL.IDX PT, RZ, RZ, RZ, RZ ",,56,29,204800,0,,,,,,,16,0,0,0,0,0,0,0,0,0,34,2,1,0,0,0,3,7,0,0,0,0,0,0,0,0,0,19,0,0,0,0,0,3
74,00000013 2faab590,"     IADD3 R0, R35, 0x8, RZ ",,9,0,204800,6553600,,,,,,,0,0,0,0,0,0,0,0,0,0,0,0,9,0,0,0,0,0,0,0,0,0,0,0,0,0,0,0,0,0,0,0,0,0
75,00000013 2faab5a0,"     BMOV.32.CLEAR RZ, B0 ",,5,0,204800,6553600,,,,,,,0,0,0,0,0,0,0,0,0,0,0,0,5,0,0,0,0,0,0,0,0,0,0,0,0,0,0,0,0,0,0,0,0,0
76,00000013 2faab5b0,"     BSSY B0, 0x132faab670 ",,2,0,204800,6553600,,,,,,,0,0,0,0,0,0,0,0,0,0,0,0,2,0,0,0,0,0,0,0,0,0,0,0,0,0,0,0,0,0,0,0,0,0
77,00000013 2faab5c0,"     ISETP.GE.AND P0, PT, R9, R0, PT ",,13,3,204800,6553600,,,,,,,0,0,0,0,0,0,4,0,0,0,0,2,2,0,0,0,5,0,0,0,0,0,0,2,0,0,0,0,0,0,0,0,0,1
78,00000013 2faab5d0,"     IMAD R11, R0, R8, RZ ",,4,0,204800,6553600,,,,,,,0,0,0,0,0,0,0,0,0,0,0,0,4,0,0,0,0,0,0,0,0,0,0,0,0,0,0,0,0,0,0,0,0,0
79,00000013 2faab5e0,@P0  BRA 0x132faab660 ,,81,32,204800,2867200,,,,,,,0,2,0,0,0,0,0,0,0,0,0,12,2,0,0,0,65,0,0,0,0,0,0,0,0,0,0,0,0,0,0,0,0,32
80,00000013 2faab5f0,"     IMAD.MOV.U32 R5, RZ, RZ, R9 ",,35,18,153600,3686400,,,,,,,0,1,0,0,0,0,0,0,0,0,3,2,7,0,0,0,22,0,0,0,0,0,0,0,0,0,0,2,0,0,0,0,0,16
81,00000013 2faab600,"     IMAD.IADD R4, R11, 0x1, R5 ",,55,22,153600,3686400,,,,,,,0,0,0,0,0,0,5,0,0,0,4,3,4,0,0,0,39,0,0,0,0,0,0,1,0,0,0,3,0,0,0,0,0,18
82,00000013 2faab610,"     IADD3 R5, R5, c[0x0][0x0], RZ ",,6,1,153600,3686400,,,,,,,0,0,0,1,0,0,0,0,0,0,0,0,5,0,0,0,0,0,0,0,1,0,0,0,0,0,0,0,0,0,0,0,0,0
83,00000013 2faab620,"     IMAD.SHL.U32 R4, R4, 0x2, RZ ",,23,7,153600,3686400,,,,,,,0,0,0,0,0,0,5,0,0,0,0,4,4,0,0,0,10,0,0,0,0,0,0,2,0,0,0,0,0,0,0,0,0,5
84,00000013 2faab630,"     ISETP.GE.AND P0, PT, R5, R0, PT ",,0,0,153600,3686400,,,,,,,,,,,,,,,,,,,,,,,,,,,,,,,,,,,,,,,,
85,00000013 2faab640,"     STS.U16 [R4], RZ ",,30,14,153600,3686400,Shared,Store,16,,153600,,0,2,0,0,0,0,0,0,1,0,0,4,6,0,0,0,17,0,0,0,0,0,0,0,0,1,0,0,0,0,0,0,0,13
86,00000013 2faab650,@!P0 BRA 0x132faab600 ,,16,3,153600,0,,,,,,,0,0,0,0,0,0,0,0,0,0,0,3,8,0,0,0,5,0,0,0,0,0,0,0,0,0,0,0,0,0,0,0,0,3
87,00000013 2faab660,     BSYNC B0 ,,27,14,256000,6553600,,,,,,,0,0,0,0,0,0,0,0,0,0,14,3,1,0,0,0,9,0,0,0,0,0,0,0,0,0,0,7,0,0,0,0,0,7
88,00000013 2faab670,"     IMAD.IADD R0, R43, 0x1, R8 ",,83,39,204800,6553600,,,,,,,0,0,0,0,0,0,1,0,0,1,55,4,4,0,0,0,18,0,0,0,0,0,0,0,0,0,1,29,0,0,0,0,0,9
89,00000013 2faab680,"     IADD3 R8, R8, 0x1, RZ ",,3,0,204800,6553600,,,,,,,0,0,0,0,0,0,0,0,0,0,0,0,3,0,0,0,0,0,0,0,0,0,0,0,0,0,0,0,0,0,0,0,0,0
90,00000013 2faab690,     NOP ,,4,0,204800,6553600,,,,,,,0,0,0,0,0,0,0,0,0,0,0,0,4,0,0,0,0,0,0,0,0,0,0,0,0,0,0,0,0,0,0,0,0,0
91,00000013 2faab6a0,     BAR.SYNC 0x0 ,,4,0,204800,6553600,,,,,,,0,0,0,0,0,0,0,0,0,0,0,0,4,0,0,0,0,0,0,0,0,0,0,0,0,0,0,0,0,0,0,0,0,0
92,00000013 2faab6b0,"     ISETP.GE.AND P0, PT, R0, c[0x0][0x18c], PT ",,1437,803,204800,6553600,,,,,,,1405,0,0,2,0,0,4,0,0,0,0,3,2,0,0,0,21,789,0,0,2,0,0,2,0,0,0,0,0,0,0,0,0,10
93,00000013 2faab6c0,"     ISETP.GE.AND P1, PT, R8, 0x10, PT ",,36,10,204800,6553600,,,,,,,0,3,0,0,0,0,12,0,0,0,0,10,6,0,0,0,5,0,1,0,0,0,0,5,0,0,0,0,0,0,0,0,0,4
94,00000013 2faab6d0,@P0  BRA 0x132faab8a0 ,,63,28,204800,0,,,,,,,0,2,0,0,0,0,0,0,0,0,0,7,6,0,0,0,48,0,0,0,0,0,0,0,0,0,0,0,0,0,0,0,0,28
95,00000013 2faab6e0,"     ISETP.GE.AND P0, PT, R9, c[0x0][0x190], PT ",,34,13,204800,6553600,,,,,,,0,0,0,1,0,0,2,0,0,0,0,8,6,0,0,0,17,0,0,0,1,0,0,0,0,0,0,0,0,0,0,0,0,12
96,00000013 2faab6f0,"     IMAD R0, R0, c[0x0][0x190], RZ ",,5,0,204800,6553600,,,,,,,0,0,0,0,0,0,0,0,0,0,0,0,5,0,0,0,0,0,0,0,0,0,0,0,0,0,0,0,0,0,0,0,0,0
97,00000013 2faab700,"     BMOV.32.CLEAR RZ, B0 ",,5,0,204800,6553600,,,,,,,0,0,0,0,0,0,0,0,0,0,1,0,4,0,0,0,0,0,0,0,0,0,0,0,0,0,0,0,0,0,0,0,0,0
98,00000013 2faab710,"     BSSY B0, 0x132faab8a0 ",,6,0,204800,6553600,,,,,,,0,1,0,0,0,0,0,0,0,0,0,0,5,0,0,0,0,0,0,0,0,0,0,0,0,0,0,0,0,0,0,0,0,0
99,00000013 2faab720,"     IADD3 R15, P2, R0, R30, RZ ",,15,3,204800,6553600,,,,,,,0,1,0,0,0,0,2,0,0,0,0,4,1,0,0,0,7,0,0,0,0,0,0,0,0,0,0,0,0,0,0,0,0,3
100,00000013 2faab730,"     LEA.HI.X.SX32 R17, R0, R33, 0x1, P2 ",,34,12,204800,6553600,,,,,,,0,1,0,0,0,0,10,0,0,0,0,12,1,0,0,0,10,0,0,0,0,0,0,7,0,0,0,0,0,0,0,0,0,5
101,00000013 2faab740,@P0  BRA 0x132faab890 ,,15,3,204800,3276800,,,,,,,0,0,0,0,0,0,0,0,0,0,0,1,6,0,0,0,8,0,0,0,0,0,0,0,0,0,0,0,0,0,0,0,0,3
102,00000013 2faab750,"     IMAD.MOV.U32 R0, RZ, RZ, R9 ",,44,12,102400,3276800,,,,,,,0,0,0,0,0,0,0,0,0,0,0,1,10,0,0,0,33,0,0,0,0,0,0,0,0,0,0,0,0,0,0,0,0,12
103,00000013 2faab760,"@!PT SHFL.IDX PT, RZ, RZ, RZ, RZ ",,20,4,102400,0,,,,,,,0,1,0,0,0,0,0,0,0,0,0,5,3,0,0,0,11,0,0,0,0,0,0,0,0,0,0,0,0,0,0,0,0,4
104,00000013 2faab770,"     IADD3 R5, P2, R0, R15, RZ ",,6,0,102400,3276800,,,,,,,0,0,0,0,0,0,0,0,0,0,0,0,6,0,0,0,0,0,0,0,0,0,0,0,0,0,0,0,0,0,0,0,0,0
105,00000013 2faab780,"     BMOV.32.CLEAR RZ, B1 ",,3,1,102400,3276800,,,,,,,0,0,0,0,0,0,0,0,0,0,1,0,2,0,0,0,0,0,0,0,0,0,0,0,0,0,0,1,0,0,0,0,0,0
106,00000013 2faab790,"     BSSY B1, 0x132faab860 ",,3,0,102400,3276800,,,,,,,0,0,0,0,0,0,0,0,1,0,0,0,2,0,0,0,0,0,0,0,0,0,0,0,0,0,0,0,0,0,0,0,0,0
107,00000013 2faab7a0,"     ISETP.GE.U32.AND P0, PT, R5, R28, PT ",,8,2,102400,3276800,,,,,,,0,0,0,0,0,0,2,0,0,0,0,1,2,0,0,0,3,0,0,0,0,0,0,1,0,0,0,0,0,0,0,0,0,1
108,00000013 2faab7b0,"     LEA.HI.X.SX32 R7, R0, R17, 0x1, P2 ",,7,2,102400,3276800,,,,,,,0,0,0,0,0,0,0,0,0,0,0,2,2,0,0,0,3,0,0,0,0,0,0,0,0,0,0,0,0,0,0,0,0,2
109,00000013 2faab7c0,"     ISETP.GE.U32.AND.EX P0, PT, R7, R34, PT, P0 ",,28,8,102400,3276800,,,,,,,0,1,0,0,0,0,6,0,0,0,0,9,2,0,0,0,10,0,0,0,0,0,0,3,0,0,0,0,0,0,0,0,0,5
110,00000013 2faab7d0,@P0  BRA 0x132faab850 ,,36,21,102400,0,,,,,,,0,0,0,0,0,0,0,0,0,0,0,4,2,0,0,0,30,0,0,0,0,0,0,0,0,0,0,0,0,0,0,0,0,21
111,00000013 2faab7e0,"     LEA R4, P0, R5, c[0x0][0x160], 0x1 ",,24,9,102400,3276800,,,,,,,0,0,0,5,0,0,0,0,0,0,0,3,4,0,0,0,12,0,0,0,4,0,0,0,0,0,0,0,0,0,0,0,0,5
112,00000013 2faab7f0,"     LEA.HI.X R5, R5, c[0x0][0x164], R7, 0x1, P0 ",,19,8,102400,3276800,,,,,,,0,0,0,0,0,0,5,0,0,0,0,5,0,0,0,0,9,0,0,0,0,0,0,3,0,0,0,0,0,0,0,0,0,5
113,00000013 2faab800,"     LDG.E.U16.CONSTANT.SYS R5, [R4] ",,31,16,102400,3276800,Global,Load,16,102400,,204800,0,0,0,0,0,0,0,0,2,0,0,3,2,0,0,0,24,0,0,0,0,0,0,0,0,1,0,0,0,0,0,0,0,15
114,00000013 2faab810,"     IMAD.IADD R7, R11, 0x1, R0 ",,5,0,102400,3276800,,,,,,,0,1,0,0,0,0,0,0,0,0,0,0,4,0,0,0,0,0,0,0,0,0,0,0,0,0,0,0,0,0,0,0,0,0
115,00000013 2faab820,"     IMAD.SHL.U32 R7, R7, 0x2, RZ ",,19,3,102400,3276800,,,,,,,0,2,0,0,0,0,0,0,0,0,0,6,2,0,0,0,9,0,0,0,0,0,0,0,0,0,0,0,0,0,0,0,0,3
116,00000013 2faab830,"     HMUL2 R5, R5.H0_H0, R6.H0_H0 ",,1055,624,102400,3276800,,,,,,,0,0,0,0,0,1046,0,0,0,0,0,4,5,0,0,0,0,0,0,0,0,0,624,0,0,0,0,0,0,0,0,0,0,0
117,00000013 2faab840,"     STS.U16 [R7], R5 ",,30,18,102400,3276800,Shared,Store,16,,102400,,0,0,0,0,0,0,0,0,2,0,0,5,0,0,0,0,23,0,0,0,0,0,0,0,0,1,0,0,0,0,0,0,0,17
118,00000013 2faab850,     BSYNC B1 ,,9,3,102400,3276800,,,,,,,0,0,0,0,0,0,0,0,0,0,0,0,3,0,0,0,6,0,0,0,0,0,0,0,0,0,0,0,0,0,0,0,0,3
119,00000013 2faab860,"     IADD3 R0, R0, c[0x0][0x0], RZ ",,43,23,102400,3276800,,,,,,,0,1,0,1,0,0,1,0,0,0,33,0,0,0,0,0,7,0,0,0,1,0,0,1,0,0,0,17,0,0,0,0,0,4
120,00000013 2faab870,"     ISETP.GE.AND P0, PT, R0, c[0x0][0x190], PT ",,27,8,102400,3276800,,,,,,,0,1,0,0,0,0,8,0,0,0,0,7,4,0,0,0,7,0,0,0,0,0,0,4,0,0,0,0,0,0,0,0,0,4
121,00000013 2faab880,@!P0 BRA 0x132faab760 ,,32,16,102400,0,,,,,,,0,1,0,0,0,0,0,0,0,0,0,7,0,0,0,0,24,0,0,0,0,0,0,0,0,0,0,0,0,0,0,0,0,16
122,00000013 2faab890,     BSYNC B0 ,,35,17,204800,6553600,,,,,,,0,0,0,0,0,0,0,0,0,0,21,3,3,0,0,0,8,0,0,0,0,0,0,0,0,0,0,14,0,0,0,0,0,3
123,00000013 2faab8a0,@!P1 BRA 0x132faab580 ,,73,40,204800,6144000,,,,,,,0,1,0,0,0,0,0,0,0,0,52,2,5,0,0,0,13,0,0,0,0,0,0,0,0,0,0,33,0,0,0,0,0,7
124,00000013 2faab8b0,     NOP ,,14,3,12800,409600,,,,,,,0,0,0,0,0,0,0,0,0,0,0,0,3,0,0,0,11,0,0,0,0,0,0,0,0,0,0,0,0,0,0,0,0,3
125,00000013 2faab8c0,     BAR.SYNC 0x0 ,,2,0,12800,409600,,,,,,,0,0,0,0,0,0,0,0,0,0,0,0,2,0,0,0,0,0,0,0,0,0,0,0,0,0,0,0,0,0,0,0,0,0
126,00000013 2faab8d0,"     ISETP.GE.AND P0, PT, R9, R40, PT ",,84,32,12800,409600,,,,,,,81,0,0,0,0,0,0,0,0,0,0,0,1,0,0,0,2,32,0,0,0,0,0,0,0,0,0,0,0,0,0,0,0,0
127,00000013 2faab8e0,"     BMOV.32.CLEAR RZ, B0 ",,1,0,12800,409600,,,,,,,0,0,0,0,0,0,0,0,0,0,0,0,1,0,0,0,0,0,0,0,0,0,0,0,0,0,0,0,0,0,0,0,0,0
128,00000013 2faab8f0,"     BSSY B0, 0x132faab980 ",,0,0,12800,409600,,,,,,,,,,,,,,,,,,,,,,,,,,,,,,,,,,,,,,,,
129,00000013 2faab900,@P0  BRA 0x132faab970 ,,5,2,12800,0,,,,,,,0,0,0,0,0,0,0,0,0,0,0,0,1,0,0,0,4,0,0,0,0,0,0,0,0,0,0,0,0,0,0,0,0,2
130,00000013 2faab910,"     IMAD.IADD R5, R9, 0x1, R32 ",,18,6,102400,3276800,,,,,,,0,0,0,0,0,0,2,0,0,0,13,0,1,1,0,0,1,0,0,0,0,0,0,0,0,0,0,6,0,0,0,0,0,0
131,00000013 2faab920,"     IADD3 R9, R9, c[0x0][0x0], RZ ",,5,0,102400,3276800,,,,,,,0,0,0,0,0,0,0,0,0,0,0,0,5,0,0,0,0,0,0,0,0,0,0,0,0,0,0,0,0,0,0,0,0,0
132,00000013 2faab930,"     IMAD R0, R5, 0x4, R36 ",,11,1,102400,3276800,,,,,,,0,0,0,0,0,0,1,0,0,0,0,0,5,0,0,0,5,0,0,0,0,0,0,0,0,0,0,0,0,0,0,0,0,1
133,00000013 2faab940,"     ISETP.GE.AND P0, PT, R9, R40, PT ",,1,0,102400,3276800,,,,,,,0,0,0,0,0,0,0,0,0,0,0,0,1,0,0,0,0,0,0,0,0,0,0,0,0,0,0,0,0,0,0,0,0,0
134,00000013 2faab950,"     STS [R0+0x300], RZ ",,22,6,102400,3276800,Shared,Store,32,,102400,,0,0,0,0,0,0,0,0,1,0,0,2,3,0,0,0,16,0,0,0,0,0,0,0,0,1,0,0,0,0,0,0,0,5
135,00000013 2faab960,@!P0 BRA 0x132faab910 ,,18,9,102400,2867200,,,,,,,0,0,0,0,0,0,0,0,0,0,0,2,2,0,0,0,14,0,0,0,0,0,0,0,0,0,0,0,0,0,0,0,0,9
136,00000013 2faab970,     BSYNC B0 ,,10,4,12800,409600,,,,,,,0,0,0,0,0,0,0,0,0,0,0,0,3,0,0,0,7,0,0,0,0,0,0,0,0,0,0,0,0,0,0,0,0,4
137,00000013 2faab980,"     IMAD.MOV.U32 R0, RZ, RZ, c[0x0][0x18c] ",,8,4,12800,409600,,,,,,,0,0,0,0,0,0,0,0,0,0,6,1,0,0,0,0,1,0,0,0,0,0,0,0,0,0,0,4,0,0,0,0,0,0
138,00000013 2faab990,     NOP ,,0,0,12800,409600,,,,,,,,,,,,,,,,,,,,,,,,,,,,,,,,,,,,,,,,
139,00000013 2faab9a0,     BAR.SYNC 0x0 ,,0,0,12800,409600,,,,,,,,,,,,,,,,,,,,,,,,,,,,,,,,,,,,,,,,
140,00000013 2faab9b0,"     ISETP.GE.AND P0, PT, R0, 0x1, PT ",,10,4,12800,409600,,,,,,,8,0,0,0,0,0,1,0,0,0,0,0,0,0,0,0,1,4,0,0,0,0,0,0,0,0,0,0,0,0,0,0,0,0
141,00000013 2faab9c0,"     IMAD R10, R10, c[0x0][0x18c], RZ ",,0,0,12800,409600,,,,,,,,,,,,,,,,,,,,,,,,,,,,,,,,,,,,,,,,
142,00000013 2faab9d0,"     IMAD R13, R13, R2, R10 ",,1,0,12800,409600,,,,,,,0,0,0,0,0,0,0,0,0,0,0,0,0,0,0,0,1,0,0,0,0,0,0,0,0,0,0,0,0,0,0,0,0,0
143,00000013 2faab9e0,@!P0 BRA 0x132fab6910 ,,3,1,12800,0,,,,,,,0,0,0,0,0,0,0,0,0,0,0,2,0,0,0,0,1,0,0,0,0,0,0,0,0,0,0,0,0,0,0,0,0,1
144,00000013 2faab9f0,"     IMAD.WIDE.U32 R2, R2, c[0x0][0x18c], RZ ",,6,2,12800,409600,,,,,,,0,0,0,0,0,0,0,0,0,0,0,3,0,0,0,0,3,0,0,0,0,0,0,0,0,0,0,0,0,0,0,0,0,2
145,00000013 2faaba00,"     IMAD.MOV.U32 R49, RZ, RZ, RZ ",,1,0,12800,409600,,,,,,,0,0,0,0,0,0,1,0,0,0,0,0,0,0,0,0,0,0,0,0,0,0,0,0,0,0,0,0,0,0,0,0,0,0
146,00000013 2faaba10,"     IMAD.IADD R0, R3, 0x1, R13 ",,1,0,12800,409600,,,,,,,0,0,0,0,0,0,0,0,0,0,0,0,0,0,0,0,1,0,0,0,0,0,0,0,0,0,0,0,0,0,0,0,0,0
147,00000013 2faaba20,"@!PT SHFL.IDX PT, RZ, RZ, RZ, RZ ",,16,8,25600,0,,,,,,,0,0,0,0,0,0,0,0,0,0,11,0,0,0,0,0,5,0,0,0,0,0,0,0,0,0,0,5,0,0,0,0,0,3
148,00000013 2faaba30,"     IADD3 R51, -R49, c[0x0][0x18c], RZ ",,1,0,25600,819200,,,,,,,0,0,0,0,0,0,0,0,0,0,0,0,1,0,0,0,0,0,0,0,0,0,0,0,0,0,0,0,0,0,0,0,0,0
149,00000013 2faaba40,     YIELD ,,0,0,25600,819200,,,,,,,,,,,,,,,,,,,,,,,,,,,,,,,,,,,,,,,,
150,00000013 2faaba50,"     ISETP.LT.AND P0, PT, R51, c[0x0][0x198], PT ",,21,11,25600,819200,,,,,,,0,0,0,0,0,0,1,0,0,1,17,0,0,0,0,0,2,0,0,0,0,0,0,1,0,0,1,9,0,0,0,0,0,0
151,00000013 2faaba60,"     SEL R51, R51, c[0x0][0x198], P0 ",,17,7,25600,819200,,,,,,,0,0,0,0,0,0,0,0,0,2,10,2,3,0,0,0,0,0,0,0,0,0,0,0,0,0,1,6,0,0,0,0,0,0
152,00000013 2faaba70,"     ISETP.GE.AND P0, PT, R51, 0x1, PT ",,5,2,25600,819200,,,,,,,0,0,0,0,0,0,1,0,0,0,0,0,0,0,0,0,4,0,0,0,0,0,0,0,0,0,0,0,0,0,0,0,0,2
153,00000013 2faaba80,@!P0 BRA 0x132fab0290 ,,10,2,25600,0,,,,,,,0,0,0,0,0,0,0,0,0,0,2,1,2,0,0,0,5,0,0,0,0,0,0,0,0,0,0,0,0,0,0,0,0,2
154,00000013 2faaba90,@!P0 BRA 0x132faacd20 ,,1,0,25600,0,,,,,,,0,0,0,0,0,0,0,0,0,0,0,0,0,0,0,0,1,0,0,0,0,0,0,0,0,0,0,0,0,0,0,0,0,0
155,00000013 2faabaa0,"     IMAD.MOV.U32 R52, RZ, RZ, RZ ",,0,0,25600,819200,,,,,,,,,,,,,,,,,,,,,,,,,,,,,,,,,,,,,,,,
156,00000013 2faabab0,"@!PT SHFL.IDX PT, RZ, RZ, RZ, RZ ",,16,8,38400,0,,,,,,,0,0,0,0,0,0,0,0,1,0,6,1,1,0,0,0,7,0,0,0,0,0,0,0,0,1,0,4,0,0,0,0,0,3
157,00000013 2faabac0,"     IMAD.SHL.U32 R50, R44, 0x10, RZ ",,1,0,38400,1228800,,,,,,,0,0,0,0,0,0,0,0,0,0,0,0,1,0,0,0,0,0,0,0,0,0,0,0,0,0,0,0,0,0,0,0,0,0
158,00000013 2faabad0,"     IMAD.IADD R13, R51, 0x1, -R52 ",,4,2,38400,1228800,,,,,,,0,0,0,0,0,0,0,0,0,0,0,0,2,0,0,0,2,0,0,0,0,0,0,0,0,0,0,0,0,0,0,0,0,2
159,00000013 2faabae0,"     ISETP.LT.AND P0, PT, R50, R13, PT ",,9,2,38400,1228800,,,,,,,0,0,0,0,0,0,1,0,0,0,0,2,2,0,0,0,4,0,0,0,0,0,0,0,0,0,0,0,0,0,0,0,0,2
160,00000013 2faabaf0,"     SEL R13, R50, R13, P0 ",,7,3,38400,1228800,,,,,,,0,0,0,0,0,0,0,0,0,0,0,3,0,0,0,0,4,0,0,0,0,0,0,0,0,0,0,0,0,0,0,0,0,3
161,00000013 2faabb00,"     IADD3 R13, R13, 0xf, RZ ",,7,3,38400,1228800,,,,,,,0,0,0,0,0,0,3,0,0,0,2,1,0,0,0,0,1,0,0,0,0,0,0,2,0,0,0,1,0,0,0,0,0,0
162,00000013 2faabb10,"     SHF.R.S32.HI R12, RZ, 0x1f, R13 ",,12,6,38400,1228800,,,,,,,0,0,0,0,0,0,4,0,0,0,0,3,0,0,0,0,5,0,0,0,0,0,0,4,0,0,0,0,0,0,0,0,0,2
163,00000013 2faabb20,"     LEA.HI R12, R12, R13, RZ, 0x4 ",,6,0,38400,1228800,,,,,,,0,0,0,0,0,0,1,0,0,0,0,4,0,0,0,0,1,0,0,0,0,0,0,0,0,0,0,0,0,0,0,0,0,0
164,00000013 2faabb30,"     SHF.R.S32.HI R53, RZ, 0x4, R12 ",,5,1,38400,1228800,,,,,,,0,0,0,0,0,0,0,0,0,0,0,0,0,0,0,0,5,0,0,0,0,0,0,0,0,0,0,0,0,0,0,0,0,1
165,00000013 2faabb40,"     ISETP.GT.AND P0, PT, R53, R44, PT ",,3,1,38400,1228800,,,,,,,0,0,0,0,0,0,2,0,0,0,0,1,0,0,0,0,0,0,0,0,0,0,0,1,0,0,0,0,0,0,0,0,0,0
166,00000013 2faabb50,"     ISETP.LT.OR P0, PT, R13, 0x10, P0 ",,4,1,38400,1228800,,,,,,,0,0,0,0,0,0,2,0,0,0,0,0,0,0,0,0,2,0,0,0,0,0,0,0,0,0,0,0,0,0,0,0,0,1
167,00000013 2faabb60,@P0  BRA 0x132faaccf0 ,,11,2,38400,0,,,,,,,0,0,0,0,0,0,0,0,0,0,0,1,0,0,0,0,10,0,0,0,0,0,0,0,0,0,0,0,0,0,0,0,0,2
168,00000013 2faabb70,"     S2R R60, SR_TID.X ",,4,0,38400,1228800,,,,,,,0,0,0,0,0,0,0,0,0,0,0,0,2,0,0,0,2,0,0,0,0,0,0,0,0,0,0,0,0,0,0,0,0,0
169,00000013 2faabb80,"     IMAD.MOV.U32 R12, RZ, RZ, c[0x0][0x190] ",,3,2,38400,1228800,,,,,,,0,0,0,0,0,0,0,0,0,0,2,0,1,0,0,0,0,0,0,0,0,0,0,0,0,0,0,2,0,0,0,0,0,0
170,00000013 2faabb90,"     ISETP.GE.AND P1, PT, R12, 0x1, PT ",,7,0,38400,1228800,,,,,,,0,1,0,0,0,0,1,0,0,0,0,3,1,0,0,0,1,0,0,0,0,0,0,0,0,0,0,0,0,0,0,0,0,0
171,00000013 2faabba0,"     SHF.R.U32.HI R58, RZ, 0x5, R60 ",,27,8,38400,1228800,,,,,,,0,0,0,0,0,0,2,0,0,0,0,2,2,21,0,0,0,0,0,0,0,0,0,0,0,0,0,0,0,0,8,0,0,0
172,00000013 2faabbb0,"     ISETP.GE.AND P0, PT, R58, R53, PT ",,8,0,38400,1228800,,,,,,,0,0,0,0,0,0,1,0,0,0,0,1,1,0,0,0,5,0,0,0,0,0,0,0,0,0,0,0,0,0,0,0,0,0
173,00000013 2faabbc0,"     FSEL R7, R7, RZ, P0 ",,5,2,38400,1228800,,,,,,,0,0,0,0,0,0,1,0,0,0,0,1,0,0,0,0,3,0,0,0,0,0,0,1,0,0,0,0,0,0,0,0,0,1
174,00000013 2faabbd0,"     FSEL R6, R6, RZ, P0 ",,0,0,38400,1228800,,,,,,,,,,,,,,,,,,,,,,,,,,,,,,,,,,,,,,,,
175,00000013 2faabbe0,"     FSEL R5, R5, RZ, P0 ",,4,0,38400,1228800,,,,,,,0,0,0,0,0,0,0,0,0,0,0,0,3,0,0,0,1,0,0,0,0,0,0,0,0,0,0,0,0,0,0,0,0,0
176,00000013 2faabbf0,"     FSEL R4, R4, RZ, P0 ",,2,1,38400,1228800,,,,,,,0,0,0,0,0,0,0,0,0,0,0,0,0,0,0,0,2,0,0,0,0,0,0,0,0,0,0,0,0,0,0,0,0,1
177,00000013 2faabc00,"     FSEL R11, R11, RZ, P0 ",,3,2,38400,1228800,,,,,,,0,0,0,0,0,0,0,0,0,0,2,1,0,0,0,0,0,0,0,0,0,0,0,0,0,0,0,2,0,0,0,0,0,0
178,00000013 2faabc10,"     FSEL R10, R10, RZ, P0 ",,2,0,38400,1228800,,,,,,,0,0,0,0,0,0,0,0,0,0,0,0,1,0,0,0,1,0,0,0,0,0,0,0,0,0,0,0,0,0,0,0,0,0
179,00000013 2faabc20,"     FSEL R9, R9, RZ, P0 ",,5,1,38400,1228800,,,,,,,0,0,0,0,0,0,2,0,0,0,0,0,1,0,0,0,2,0,0,0,0,0,0,0,0,0,0,0,0,0,0,0,0,1
180,00000013 2faabc30,"     FSEL R8, R8, RZ, P0 ",,2,1,38400,1228800,,,,,,,0,0,0,0,0,0,0,0,0,0,0,0,1,0,0,0,1,0,0,0,0,0,0,0,0,0,0,0,0,0,0,0,0,1
181,00000013 2faabc40,@!P1 BRA 0x132faacae0 ,,3,0,38400,0,,,,,,,0,0,0,0,0,0,0,0,0,0,0,0,3,0,0,0,0,0,0,0,0,0,0,0,0,0,0,0,0,0,0,0,0,0
182,00000013 2faabc50,"     IMAD.SHL.U32 R54, R53, 0x100, RZ ",,9,6,38400,1228800,,,,,,,0,0,0,0,0,0,0,0,0,0,0,0,0,0,0,0,9,0,0,0,0,0,0,0,0,0,0,0,0,0,0,0,0,6
183,00000013 2faabc60,"     IMAD.MOV.U32 R12, RZ, RZ, RZ ",,1,0,38400,1228800,,,,,,,0,0,0,0,0,0,0,0,0,0,0,0,1,0,0,0,0,0,0,0,0,0,0,0,0,0,0,0,0,0,0,0,0,0
184,00000013 2faabc70,"     IMAD.MOV.U32 R56, RZ, RZ, RZ ",,3,0,38400,1228800,,,,,,,0,0,0,0,0,0,0,0,0,0,0,1,1,0,0,0,1,0,0,0,0,0,0,0,0,0,0,0,0,0,0,0,0,0
185,00000013 2faabc80,"     SHF.R.S32.HI R55, RZ, 0x1f, R54 ",,2,0,38400,1228800,,,,,,,0,0,0,0,0,0,0,0,0,0,1,0,1,0,0,0,0,0,0,0,0,0,0,0,0,0,0,0,0,0,0,0,0,0
186,00000013 2faabc90,"@!PT SHFL.IDX PT, RZ, RZ, RZ, RZ ",,71,31,153600,0,,,,,,,0,0,0,0,0,0,0,0,0,0,61,2,0,0,0,0,8,0,0,0,0,0,0,0,0,0,0,29,0,0,0,0,0,2
187,00000013 2faabca0,"     S2R R15, SR_TID.X ",,5,1,153600,4915200,,,,,,,0,0,0,0,0,0,0,0,1,0,0,0,4,0,0,0,0,0,0,0,0,0,0,0,0,1,0,0,0,0,0,0,0,0
188,00000013 2faabcb0,"     BMOV.32.CLEAR RZ, B0 ",,1,0,153600,4915200,,,,,,,0,0,0,0,0,0,0,0,0,0,0,0,1,0,0,0,0,0,0,0,0,0,0,0,0,0,0,0,0,0,0,0,0,0
189,00000013 2faabcc0,"     BSSY B0, 0x132faac720 ",,6,0,153600,4915200,,,,,,,0,0,0,0,0,0,0,0,0,0,2,0,4,0,0,0,0,0,0,0,0,0,0,0,0,0,0,0,0,0,0,0,0,0
190,00000013 2faabcd0,"     ISETP.GE.AND P0, PT, R15, R54, PT ",,129,48,153600,4915200,,,,,,,0,0,0,0,0,0,6,0,0,0,0,9,4,110,0,0,0,0,0,0,0,0,0,5,0,0,0,0,0,0,43,0,0,0
191,00000013 2faabce0,@P0  BRA 0x132faac710 ,,47,14,153600,0,,,,,,,0,1,0,0,0,0,0,0,0,0,0,8,1,0,0,0,37,0,0,0,0,0,0,0,0,0,0,0,0,0,0,0,0,14
192,00000013 2faabcf0,"     IMAD.IADD R13, R52, 0x1, R49 ",,32,7,153600,4915200,,,,,,,0,0,0,0,0,0,3,0,0,0,0,3,5,0,0,0,21,0,0,0,0,0,0,2,0,0,0,0,0,0,0,0,0,5
193,00000013 2faabd00,"     IMAD.SHL.U32 R14, R53, 0x100, RZ ",,15,7,153600,4915200,,,,,,,0,1,0,0,0,0,0,0,0,0,8,1,1,0,0,0,4,0,0,0,0,0,0,0,0,0,0,5,0,0,0,0,0,2
194,00000013 2faabd10,"@!PT SHFL.IDX PT, RZ, RZ, RZ, RZ ",,63,25,256000,0,,,,,,,0,1,0,0,0,0,0,0,1,0,28,3,1,0,0,0,29,0,0,0,0,0,0,0,0,1,0,14,0,0,0,0,0,10
195,00000013 2faabd20,"     SHF.R.S32.HI R16, RZ, 0x1f, R15 ",,8,0,256000,8192000,,,,,,,0,0,0,0,0,0,0,0,0,0,0,0,8,0,0,0,0,0,0,0,0,0,0,0,0,0,0,0,0,0,0,0,0,0
196,00000013 2faabd30,"     BMOV.32.CLEAR RZ, B1 ",,8,0,256000,8192000,,,,,,,0,1,0,0,0,0,0,0,0,0,1,0,6,0,0,0,0,0,0,0,0,0,0,0,0,0,0,0,0,0,0,0,0,0
197,00000013 2faabd40,"     BSSY B1, 0x132faabf50 ",,6,0,256000,8192000,,,,,,,0,0,0,0,0,0,0,0,0,0,0,0,6,0,0,0,0,0,0,0,0,0,0,0,0,0,0,0,0,0,0,0,0,0
198,00000013 2faabd50,"     LEA.HI R16, R16, R15, RZ, 0x8 ",,10,0,256000,8192000,,,,,,,0,0,0,0,0,0,3,0,0,0,0,1,5,0,0,0,1,0,0,0,0,0,0,0,0,0,0,0,0,0,0,0,0,0
199,00000013 2faabd60,"     LOP3.LUT R18, R16, 0xffffff00, RZ, 0xc0, !PT ",,45,9,256000,8192000,,,,,,,0,3,0,0,0,0,9,0,0,0,0,12,5,0,0,0,16,0,0,0,0,0,0,4,0,0,0,0,0,0,0,0,0,5
200,00000013 2faabd70,"     SHF.R.S32.HI R20, RZ, 0x8, R16 ",,17,5,256000,8192000,,,,,,,0,0,0,0,0,0,1,0,0,0,0,1,7,0,0,0,8,0,0,0,0,0,0,0,0,0,0,0,0,0,0,0,0,5
201,00000013 2faabd80,"     IMAD.IADD R18, R15, 0x1, -R18 ",,44,14,256000,8192000,,,,,,,0,1,0,0,0,0,8,0,0,0,17,6,3,0,0,0,9,0,0,0,0,0,0,2,0,0,0,8,0,0,0,0,0,4
202,00000013 2faabd90,"     IMAD R16, R20, 0x10, R13 ",,14,2,256000,8192000,,,,,,,0,0,0,0,0,0,0,0,0,0,0,0,8,0,0,0,6,0,0,0,0,0,0,0,0,0,0,0,0,0,0,0,0,2
203,00000013 2faabda0,"     SHF.R.S32.HI R17, RZ, 0x1f, R18 ",,41,8,256000,8192000,,,,,,,0,3,0,0,0,0,4,0,0,0,0,16,5,0,0,0,13,0,1,0,0,0,0,1,0,0,0,0,0,0,0,0,0,6
204,00000013 2faabdb0,"     LEA.HI R17, R17, R18, RZ, 0x4 ",,44,10,256000,8192000,,,,,,,0,0,0,0,0,0,4,0,0,0,0,13,5,0,0,0,22,0,0,0,0,0,0,1,0,0,0,0,0,0,0,0,0,9
205,00000013 2faabdc0,"     LOP3.LUT R19, R17, 0xfffffff0, RZ, 0xc0, !PT ",,41,8,256000,8192000,,,,,,,0,2,0,0,0,0,9,0,0,0,0,7,3,0,0,0,20,0,0,0,0,0,0,2,0,0,0,0,0,0,0,0,0,6
206,00000013 2faabdd0,"     IMAD.IADD R19, R18, 0x1, -R19 ",,43,9,256000,8192000,,,,,,,0,1,0,0,0,0,3,0,0,0,0,8,5,0,0,0,26,0,0,0,0,0,0,0,0,0,0,0,0,0,0,0,0,9
207,00000013 2faabde0,"     SHF.R.S32.HI R18, RZ, 0x4, R17 ",,1,0,256000,8192000,,,,,,,0,0,0,0,0,0,0,0,0,0,0,0,1,0,0,0,0,0,0,0,0,0,0,0,0,0,0,0,0,0,0,0,0,0
208,00000013 2faabdf0,"     IMAD R17, R20, 0x180, R39 ",,6,0,256000,8192000,,,,,,,0,0,0,0,0,0,0,0,0,0,0,0,6,0,0,0,0,0,0,0,0,0,0,0,0,0,0,0,0,0,0,0,0,0
209,00000013 2faabe00,"     IMAD.IADD R21, R19, 0x1, R12 ",,27,8,256000,8192000,,,,,,,0,1,0,0,0,0,3,0,0,0,11,3,4,0,0,0,5,0,0,0,0,0,0,0,0,0,0,7,0,0,0,0,0,1
210,00000013 2faabe10,"     IMAD.IADD R20, R18, 0x1, R16 ",,12,3,256000,8192000,,,,,,,0,0,0,0,0,0,0,0,0,0,0,1,4,0,0,0,7,0,0,0,0,0,0,0,0,0,0,0,0,0,0,0,0,3
211,00000013 2faabe20,"     PRMT R16, RZ, 0x7610, R16 ",,11,0,256000,8192000,,,,,,,0,0,0,0,0,0,0,0,0,0,0,0,11,0,0,0,0,0,0,0,0,0,0,0,0,0,0,0,0,0,0,0,0,0
212,00000013 2faabe30,"     IMAD R17, R18, 0x18, R17 ",,7,0,256000,8192000,,,,,,,0,0,0,0,0,0,0,0,0,0,0,0,7,0,0,0,0,0,0,0,0,0,0,0,0,0,0,0,0,0,0,0,0,0
213,00000013 2faabe40,"     ISETP.GE.AND P0, PT, R21, c[0x0][0x190], PT ",,6,0,256000,8192000,,,,,,,0,0,0,0,0,0,0,0,0,0,0,0,6,0,0,0,0,0,0,0,0,0,0,0,0,0,0,0,0,0,0,0,0,0
214,00000013 2faabe50,"     IMAD.IADD R17, R19, 0x1, R17 ",,35,2,256000,8192000,,,,,,,0,0,0,0,0,0,3,0,0,0,0,10,5,0,0,0,17,0,0,0,0,0,0,1,0,0,0,0,0,0,0,0,0,1
215,00000013 2faabe60,"     ISETP.GE.OR P0, PT, R20, c[0x0][0x18c], P0 ",,8,0,256000,8192000,,,,,,,0,0,0,0,0,0,0,0,0,0,0,0,8,0,0,0,0,0,0,0,0,0,0,0,0,0,0,0,0,0,0,0,0,0
216,00000013 2faabe70,"     IMAD.SHL.U32 R18, R17, 0x2, RZ ",,37,6,256000,8192000,,,,,,,0,0,0,0,0,0,2,0,0,0,0,7,7,0,0,0,21,0,0,0,0,0,0,0,0,0,0,0,0,0,0,0,0,6
217,00000013 2faabe80,@P0  BRA 0x132faabf40 ,,73,28,256000,0,,,,,,,0,3,0,0,0,0,0,0,0,0,12,6,4,0,0,0,48,0,0,0,0,0,0,0,0,0,0,8,0,0,0,0,0,20
218,00000013 2faabe90,"     IMAD R17, R20, c[0x0][0x190], RZ ",,34,8,256000,8192000,,,,,,,0,0,0,0,0,0,2,0,0,0,0,3,12,0,0,0,17,0,0,0,0,0,0,1,0,0,0,0,0,0,0,0,0,7
219,00000013 2faabea0,"     SHF.R.S32.HI R19, RZ, 0x1f, R21 ",,6,0,256000,8192000,,,,,,,0,0,0,0,0,0,0,0,0,0,0,0,6,0,0,0,0,0,0,0,0,0,0,0,0,0,0,0,0,0,0,0,0,0
220,00000013 2faabeb0,"     IADD3 R21, P0, P1, R21, R17, R30 ",,45,3,256000,8192000,,,,,,,0,0,0,0,0,0,9,0,0,0,0,15,8,0,0,0,13,0,0,0,0,0,0,1,0,0,0,0,0,0,0,0,0,2
221,00000013 2faabec0,"     SHF.R.S32.HI R20, RZ, 0x1f, R17 ",,12,1,256000,8192000,,,,,,,0,0,0,0,0,0,0,0,0,0,0,2,6,0,0,0,4,0,0,0,0,0,0,0,0,0,0,0,0,0,0,0,0,1
222,00000013 2faabed0,"     IADD3.X R20, R19, R20, R33, P0, P1 ",,52,11,256000,8192000,,,,,,,0,0,0,0,0,0,8,0,0,0,0,15,5,0,0,0,24,0,0,0,0,0,0,4,0,0,0,0,0,0,0,0,0,7
223,00000013 2faabee0,"     ISETP.GE.U32.AND P0, PT, R21, R54, PT ",,9,1,256000,8192000,,,,,,,0,0,0,0,0,0,1,0,0,0,0,1,3,0,0,0,4,0,0,0,0,0,0,0,0,0,0,0,0,0,0,0,0,1
224,00000013 2faabef0,"     ISETP.GE.U32.AND.EX P0, PT, R20, R55, PT, P0 ",,60,14,256000,8192000,,,,,,,0,3,0,0,0,0,19,0,0,0,0,14,6,0,0,0,18,0,0,0,0,0,0,8,0,0,0,0,0,0,0,0,0,6
225,00000013 2faabf00,@P0  BRA 0x132faabf40 ,,98,32,256000,8186880,,,,,,,0,1,0,0,0,0,0,0,0,0,10,11,2,0,0,0,74,0,0,0,0,0,0,0,0,0,0,4,0,0,0,0,0,28
226,00000013 2faabf10,"     LEA R16, P0, R21, c[0x0][0x168], 0x1 ",,19,7,160,5120,,,,,,,0,0,0,0,0,0,0,0,0,0,0,0,2,0,0,0,17,0,0,0,0,0,0,0,0,0,0,0,0,0,0,0,0,7
227,00000013 2faabf20,"     LEA.HI.X R17, R21, c[0x0][0x16c], R20, 0x1, P0 ",,0,0,160,5120,,,,,,,,,,,,,,,,,,,,,,,,,,,,,,,,,,,,,,,,
228,00000013 2faabf30,"     LDG.E.U16.CONSTANT.SYS R16, [R16] ",,0,0,160,5120,Global,Load,16,320,,320,,,,,,,,,,,,,,,,,,,,,,,,,,,,,,,,,,
229,00000013 2faabf40,     BSYNC B1 ,,48,21,256000,8192000,,,,,,,0,0,0,0,0,0,0,0,0,0,47,1,0,0,0,0,0,0,0,0,0,0,0,0,0,0,0,21,0,0,0,0,0,0
230,00000013 2faabf50,"     STS.U16 [R18], R16 ",,93,31,256000,8192000,Shared,Store,16,,256000,,0,0,0,0,0,3,0,0,0,0,65,2,6,0,0,0,17,0,0,0,0,0,1,0,0,0,0,27,0,0,0,0,0,3
231,00000013 2faabf60,"     IMAD.SHL.U32 R22, R53, 0x100, RZ ",,7,0,256000,8192000,,,,,,,0,0,0,0,0,0,0,0,0,0,0,0,7,0,0,0,0,0,0,0,0,0,0,0,0,0,0,0,0,0,0,0,0,0
232,00000013 2faabf70,"     IADD3 R21, R15, c[0x0][0x0], RZ ",,7,0,256000,8192000,,,,,,,0,0,0,0,0,0,0,0,0,0,0,0,7,0,0,0,0,0,0,0,0,0,0,0,0,0,0,0,0,0,0,0,0,0
233,00000013 2faabf80,"     ISETP.GE.AND P0, PT, R21, R22, PT ",,61,11,256000,8192000,,,,,,,0,2,0,0,0,0,9,0,0,0,9,16,6,0,0,0,19,0,0,0,0,0,0,2,0,0,0,5,0,0,0,0,0,4
234,00000013 2faabf90,@P0  BRA 0x132faac710 ,,90,19,256000,0,,,,,,,0,0,0,0,0,0,0,0,0,0,0,6,6,0,0,0,78,0,0,0,0,0,0,0,0,0,0,0,0,0,0,0,0,19
235,00000013 2faabfa0,"     SHF.R.S32.HI R15, RZ, 0x1f, R21 ",,39,18,256000,8192000,,,,,,,0,0,0,0,0,0,2,0,0,0,0,3,7,6,0,0,21,0,0,0,0,0,0,0,0,0,0,0,0,0,6,0,0,12
236,00000013 2faabfb0,"     IMAD.IADD R23, R52, 0x1, R49 ",,9,0,256000,8192000,,,,,,,0,1,0,0,0,0,0,0,0,0,0,0,8,0,0,0,0,0,0,0,0,0,0,0,0,0,0,0,0,0,0,0,0,0
237,00000013 2faabfc0,"     BMOV.32.CLEAR RZ, B1 ",,7,0,256000,8192000,,,,,,,0,0,0,0,0,0,0,0,0,0,0,0,7,0,0,0,0,0,0,0,0,0,0,0,0,0,0,0,0,0,0,0,0,0
238,00000013 2faabfd0,"     BSSY B1, 0x132faac1e0 ",,10,0,256000,8192000,,,,,,,0,0,0,0,0,0,0,0,0,0,0,0,10,0,0,0,0,0,0,0,0,0,0,0,0,0,0,0,0,0,0,0,0,0
239,00000013 2faabfe0,"     LEA.HI R15, R15, R21, RZ, 0x8 ",,7,0,256000,8192000,,,,,,,0,0,0,0,0,0,0,0,0,0,0,0,7,0,0,0,0,0,0,0,0,0,0,0,0,0,0,0,0,0,0,0,0,0
240,00000013 2faabff0,"     LOP3.LUT R16, R15, 0xffffff00, RZ, 0xc0, !PT ",,53,15,256000,8192000,,,,,,,0,1,0,0,0,0,14,0,0,0,0,15,4,0,0,0,19,0,0,0,0,0,0,9,0,0,0,0,0,0,0,0,0,6
241,00000013 2faac000,"     SHF.R.S32.HI R18, RZ, 0x8, R15 ",,39,19,256000,8192000,,,,,,,0,0,0,0,0,0,0,0,0,0,25,2,4,0,0,0,8,0,0,0,0,0,0,0,0,0,0,12,0,0,0,0,0,7
242,00000013 2faac010,"     IMAD.IADD R16, R21, 0x1, -R16 ",,28,3,256000,8192000,,,,,,,0,0,0,0,0,0,3,0,0,0,0,10,7,0,0,0,8,0,0,0,0,0,0,1,0,0,0,0,0,0,0,0,0,2
243,00000013 2faac020,"     IMAD R15, R18, 0x10, R23 ",,22,3,256000,8192000,,,,,,,0,1,0,0,0,0,1,0,0,0,0,0,10,0,0,0,10,0,0,0,0,0,0,1,0,0,0,0,0,0,0,0,0,2
244,00000013 2faac030,"     SHF.R.S32.HI R17, RZ, 0x1f, R16 ",,37,10,256000,8192000,,,,,,,0,0,0,0,0,0,5,0,0,0,0,11,4,0,0,0,17,0,0,0,0,0,0,3,0,0,0,0,0,0,0,0,0,7
245,00000013 2faac040,"     LEA.HI R17, R17, R16, RZ, 0x4 ",,51,17,256000,8192000,,,,,,,0,1,0,0,0,0,11,0,0,0,0,11,7,0,0,0,21,0,0,0,0,0,0,7,0,0,0,0,0,0,0,0,0,10
246,00000013 2faac050,"     LOP3.LUT R19, R17, 0xfffffff0, RZ, 0xc0, !PT ",,42,9,256000,8192000,,,,,,,0,1,0,0,0,0,6,0,0,0,0,9,11,0,0,0,15,0,0,0,0,0,0,2,0,0,0,0,0,0,0,0,0,7
247,00000013 2faac060,"     SHF.R.S32.HI R17, RZ, 0x4, R17 ",,19,6,256000,8192000,,,,,,,0,1,0,0,0,0,2,0,0,0,0,0,7,0,0,0,9,0,0,0,0,0,0,0,0,0,0,0,0,0,0,0,0,6
248,00000013 2faac070,"     IMAD.IADD R19, R16, 0x1, -R19 ",,33,4,256000,8192000,,,,,,,0,0,0,0,0,0,11,0,0,0,0,5,5,0,0,0,12,0,0,0,0,0,0,1,0,0,0,0,0,0,0,0,0,3
249,00000013 2faac080,"     IMAD.IADD R15, R17, 0x1, R15 ",,17,5,256000,8192000,,,,,,,0,0,0,0,0,0,1,0,0,0,7,1,4,0,0,0,4,0,0,0,0,0,0,0,0,0,0,4,0,0,0,0,0,1
250,00000013 2faac090,"     IMAD.IADD R20, R19, 0x1, R12 ",,14,2,256000,8192000,,,,,,,0,1,0,0,0,0,0,0,0,0,0,2,4,0,0,0,7,0,0,0,0,0,0,0,0,0,0,0,0,0,0,0,0,2
251,00000013 2faac0a0,"     IMAD R16, R18, 0x180, R39 ",,23,3,256000,8192000,,,,,,,0,0,0,0,0,0,0,0,0,0,0,3,8,0,0,0,12,0,0,0,0,0,0,0,0,0,0,0,0,0,0,0,0,3
252,00000013 2faac0b0,"     ISETP.GE.AND P0, PT, R20, c[0x0][0x190], PT ",,51,7,256000,8192000,,,,,,,0,2,0,0,0,0,12,0,0,0,0,20,4,0,0,0,13,0,0,0,0,0,0,5,0,0,0,0,0,0,0,0,0,2
253,00000013 2faac0c0,"     IMAD R16, R17, 0x18, R16 ",,5,0,256000,8192000,,,,,,,0,0,0,0,0,0,0,0,0,0,0,0,5,0,0,0,0,0,0,0,0,0,0,0,0,0,0,0,0,0,0,0,0,0
254,00000013 2faac0d0,"     ISETP.GE.OR P0, PT, R15, c[0x0][0x18c], P0 ",,45,8,256000,8192000,,,,,,,0,0,0,0,0,0,12,0,0,0,0,12,8,0,0,0,13,0,0,0,0,0,0,5,0,0,0,0,0,0,0,0,0,3
255,00000013 2faac0e0,"     IMAD.IADD R16, R19, 0x1, R16 ",,5,0,256000,8192000,,,,,,,0,0,0,0,0,0,0,0,0,0,0,0,5,0,0,0,0,0,0,0,0,0,0,0,0,0,0,0,0,0,0,0,0,0
256,00000013 2faac0f0,"     IMAD.SHL.U32 R18, R16, 0x2, RZ ",,38,9,256000,8192000,,,,,,,0,1,0,0,0,0,8,0,0,0,0,8,1,0,0,0,20,0,0,0,0,0,0,2,0,0,0,0,0,0,0,0,0,7
257,00000013 2faac100,"     PRMT R16, RZ, 0x7610, R16 ",,29,12,256000,8192000,,,,,,,0,0,0,0,0,0,0,0,0,0,21,0,8,0,0,0,0,0,0,0,0,0,0,0,0,0,0,12,0,0,0,0,0,0
258,00000013 2faac110,@P0  BRA 0x132faac1d0 ,,50,10,256000,0,,,,,,,0,2,0,0,0,0,0,0,0,0,0,12,8,0,0,0,28,0,0,0,0,0,0,0,0,0,0,0,0,0,0,0,0,10
259,00000013 2faac120,"     IMAD R15, R15, c[0x0][0x190], RZ ",,43,17,256000,8192000,,,,,,,0,1,0,0,0,0,1,0,0,0,0,2,5,0,0,0,34,0,0,0,0,0,0,0,0,0,0,0,0,0,0,0,0,17
260,00000013 2faac130,"     SHF.R.S32.HI R17, RZ, 0x1f, R20 ",,5,0,256000,8192000,,,,,,,0,0,0,0,0,0,0,0,0,0,0,0,5,0,0,0,0,0,0,0,0,0,0,0,0,0,0,0,0,0,0,0,0,0
261,00000013 2faac140,"     IADD3 R19, P0, P1, R20, R15, R30 ",,51,9,256000,8192000,,,,,,,0,0,0,0,0,0,12,0,0,0,0,22,2,0,0,0,15,0,0,0,0,0,0,7,0,0,0,0,0,0,0,0,0,2
262,00000013 2faac150,"     SHF.R.S32.HI R20, RZ, 0x1f, R15 ",,14,5,256000,8192000,,,,,,,0,0,0,0,0,0,3,0,0,0,0,1,3,0,0,0,7,0,0,0,0,0,0,2,0,0,0,0,0,0,0,0,0,3
263,00000013 2faac160,"     IADD3.X R20, R17, R20, R33, P0, P1 ",,39,11,256000,8192000,,,,,,,0,0,0,0,0,0,8,0,0,0,0,7,5,0,0,0,19,0,0,0,0,0,0,2,0,0,0,0,0,0,0,0,0,9
264,00000013 2faac170,"     ISETP.GE.U32.AND P0, PT, R19, R54, PT ",,14,1,256000,8192000,,,,,,,0,1,0,0,0,0,0,0,0,0,0,1,6,0,0,0,6,0,0,0,0,0,0,0,0,0,0,0,0,0,0,0,0,1
265,00000013 2faac180,"     ISETP.GE.U32.AND.EX P0, PT, R20, R55, PT, P0 ",,50,22,256000,8192000,,,,,,,0,0,0,0,0,0,10,0,0,0,8,6,5,0,0,0,21,0,0,0,0,0,0,5,0,0,0,5,0,0,0,0,0,12
266,00000013 2faac190,@P0  BRA 0x132faac1d0 ,,79,30,256000,8186880,,,,,,,0,3,0,0,0,0,0,0,0,0,0,9,3,0,0,0,64,0,0,0,0,0,0,0,0,0,0,0,0,0,0,0,0,30
267,00000013 2faac1a0,"     LEA R16, P0, R19, c[0x0][0x168], 0x1 ",,22,7,160,5120,,,,,,,0,0,0,0,0,0,0,0,0,0,0,0,1,0,0,0,21,0,0,0,0,0,0,0,0,0,0,0,0,0,0,0,0,7
268,00000013 2faac1b0,"     LEA.HI.X R17, R19, c[0x0][0x16c], R20, 0x1, P0 ",,0,0,160,5120,,,,,,,,,,,,,,,,,,,,,,,,,,,,,,,,,,,,,,,,
269,00000013 2faac1c0,"     LDG.E.U16.CONSTANT.SYS R16, [R16] ",,0,0,160,5120,Global,Load,16,320,,320,,,,,,,,,,,,,,,,,,,,,,,,,,,,,,,,,,
270,00000013 2faac1d0,     BSYNC B1 ,,41,13,256000,8192000,,,,,,,0,1,0,0,0,0,0,0,0,0,35,5,0,0,0,0,0,0,0,0,0,0,0,0,0,0,0,13,0,0,0,0,0,0
271,00000013 2faac1e0,"     STS.U16 [R18], R16 ",,108,41,256000,8192000,Shared,Store,16,,256000,,0,2,0,0,0,1,0,0,0,0,68,2,11,0,0,0,24,0,1,0,0,0,0,0,0,0,0,33,0,0,0,0,0,7
272,00000013 2faac1f0,"     IADD3 R21, R21, c[0x0][0x0], RZ ",,5,0,256000,8192000,,,,,,,0,0,0,0,0,0,0,0,0,0,0,0,5,0,0,0,0,0,0,0,0,0,0,0,0,0,0,0,0,0,0,0,0,0
273,00000013 2faac200,"     ISETP.GE.AND P0, PT, R21, R22, PT ",,57,15,256000,8192000,,,,,,,0,1,0,0,0,0,6,0,0,0,6,15,8,0,0,0,21,0,0,0,0,0,0,4,0,0,0,3,0,0,0,0,0,8
274,00000013 2faac210,@P0  BRA 0x132faac710 ,,79,29,256000,0,,,,,,,0,4,0,0,0,0,0,0,0,0,0,6,2,0,0,0,67,0,0,0,0,0,0,0,0,0,0,0,0,0,0,0,0,29
275,00000013 2faac220,"     SHF.R.S32.HI R15, RZ, 0x1f, R21 ",,39,13,256000,8192000,,,,,,,0,0,0,0,0,0,3,0,0,0,0,4,5,3,0,0,24,0,0,0,0,0,0,1,0,0,0,0,0,0,2,0,0,10
276,00000013 2faac230,"     BMOV.32.CLEAR RZ, B1 ",,7,0,256000,8192000,,,,,,,0,0,0,0,0,0,0,0,0,0,0,0,7,0,0,0,0,0,0,0,0,0,0,0,0,0,0,0,0,0,0,0,0,0
277,00000013 2faac240,"     BSSY B1, 0x132faac450 ",,4,0,256000,8192000,,,,,,,0,0,0,0,0,0,0,0,0,0,0,0,4,0,0,0,0,0,0,0,0,0,0,0,0,0,0,0,0,0,0,0,0,0
278,00000013 2faac250,"     LEA.HI R15, R15, R21, RZ, 0x8 ",,27,3,256000,8192000,,,,,,,0,1,0,0,0,0,6,0,0,0,0,2,8,0,0,0,10,0,0,0,0,0,0,2,0,0,0,0,0,0,0,0,0,1
279,00000013 2faac260,"     LOP3.LUT R16, R15, 0xffffff00, RZ, 0xc0, !PT ",,54,9,256000,8192000,,,,,,,0,3,0,0,0,0,10,0,0,0,0,15,11,0,0,0,15,0,0,0,0,0,0,5,0,0,0,0,0,0,0,0,0,4
280,00000013 2faac270,"     SHF.R.S32.HI R18, RZ, 0x8, R15 ",,18,6,256000,8192000,,,,,,,0,0,0,0,0,0,3,0,0,0,0,1,5,0,0,0,9,0,0,0,0,0,0,2,0,0,0,0,0,0,0,0,0,4
281,00000013 2faac280,"     IMAD.IADD R16, R21, 0x1, -R16 ",,38,11,256000,8192000,,,,,,,0,0,0,0,0,0,8,0,0,0,7,8,5,0,0,0,10,0,0,0,0,0,0,3,0,0,0,4,0,0,0,0,0,4
282,00000013 2faac290,"     IMAD R15, R18, 0x10, R23 ",,19,3,256000,8192000,,,,,,,0,2,0,0,0,0,0,0,0,0,0,2,8,0,0,0,7,0,0,0,0,0,0,0,0,0,0,0,0,0,0,0,0,3
283,00000013 2faac2a0,"     SHF.R.S32.HI R17, RZ, 0x1f, R16 ",,47,10,256000,8192000,,,,,,,0,1,0,0,0,0,9,0,0,0,0,12,8,0,0,0,17,0,0,0,0,0,0,4,0,0,0,0,0,0,0,0,0,6
284,00000013 2faac2b0,"     LEA.HI R17, R17, R16, RZ, 0x4 ",,41,12,256000,8192000,,,,,,,0,0,0,0,0,0,8,0,0,0,0,7,6,0,0,0,20,0,0,0,0,0,0,3,0,0,0,0,0,0,0,0,0,9
285,00000013 2faac2c0,"     LOP3.LUT R19, R17, 0xfffffff0, RZ, 0xc0, !PT ",,53,18,256000,8192000,,,,,,,0,4,0,0,0,0,11,0,0,0,0,12,8,0,0,0,18,0,1,0,0,0,0,9,0,0,0,0,0,0,0,0,0,8
286,00000013 2faac2d0,"     SHF.R.S32.HI R17, RZ, 0x4, R17 ",,18,3,256000,8192000,,,,,,,0,0,0,0,0,0,0,0,0,0,0,1,9,0,0,0,8,0,0,0,0,0,0,0,0,0,0,0,0,0,0,0,0,3
287,00000013 2faac2e0,"     IMAD.IADD R19, R16, 0x1, -R19 ",,27,4,256000,8192000,,,,,,,0,0,0,0,0,0,0,0,0,0,0,12,8,0,0,0,7,0,0,0,0,0,0,0,0,0,0,0,0,0,0,0,0,4
288,00000013 2faac2f0,"     IMAD.IADD R15, R17, 0x1, R15 ",,17,3,256000,8192000,,,,,,,0,0,0,0,0,0,1,0,0,0,0,2,4,0,0,0,10,0,0,0,0,0,0,1,0,0,0,0,0,0,0,0,0,2
289,00000013 2faac300,"     IMAD.IADD R20, R19, 0x1, R12 ",,38,22,256000,8192000,,,,,,,0,0,0,0,0,0,1,0,0,0,24,2,3,0,0,0,8,0,0,0,0,0,0,0,0,0,0,21,0,0,0,0,0,1
290,00000013 2faac310,"     IMAD R16, R18, 0x180, R39 ",,10,0,256000,8192000,,,,,,,0,0,0,0,0,0,1,0,0,0,0,0,4,0,0,0,5,0,0,0,0,0,0,0,0,0,0,0,0,0,0,0,0,0
291,00000013 2faac320,"     ISETP.GE.AND P0, PT, R20, c[0x0][0x190], PT ",,37,9,256000,8192000,,,,,,,0,0,0,0,0,0,10,0,0,0,0,7,6,0,0,0,14,0,0,0,0,0,0,4,0,0,0,0,0,0,0,0,0,5
292,00000013 2faac330,"     IMAD R16, R17, 0x18, R16 ",,7,0,256000,8192000,,,,,,,0,0,0,0,0,0,0,0,0,0,0,0,7,0,0,0,0,0,0,0,0,0,0,0,0,0,0,0,0,0,0,0,0,0
293,00000013 2faac340,"     ISETP.GE.OR P0, PT, R15, c[0x0][0x18c], P0 ",,30,6,256000,8192000,,,,,,,0,0,0,0,0,0,8,0,0,0,0,6,5,0,0,0,11,0,0,0,0,0,0,2,0,0,0,0,0,0,0,0,0,4
294,00000013 2faac350,"     IMAD.IADD R16, R19, 0x1, R16 ",,10,0,256000,8192000,,,,,,,0,0,0,0,0,0,0,0,0,0,0,0,10,0,0,0,0,0,0,0,0,0,0,0,0,0,0,0,0,0,0,0,0,0
295,00000013 2faac360,"     IMAD.SHL.U32 R18, R16, 0x2, RZ ",,33,5,256000,8192000,,,,,,,0,1,0,0,0,0,5,0,0,0,0,7,8,0,0,0,12,0,0,0,0,0,0,2,0,0,0,0,0,0,0,0,0,3
296,00000013 2faac370,"     PRMT R16, RZ, 0x7610, R16 ",,8,0,256000,8192000,,,,,,,0,1,0,0,0,0,0,0,0,0,0,0,7,0,0,0,0,0,0,0,0,0,0,0,0,0,0,0,0,0,0,0,0,0
297,00000013 2faac380,@P0  BRA 0x132faac440 ,,63,19,256000,0,,,,,,,0,1,0,0,0,0,0,0,0,0,9,6,6,0,0,0,41,0,0,0,0,0,0,0,0,0,0,4,0,0,0,0,0,15
298,00000013 2faac390,"     IMAD R15, R15, c[0x0][0x190], RZ ",,33,7,256000,8192000,,,,,,,0,0,0,0,0,0,4,0,0,0,0,2,7,0,0,0,20,0,0,0,0,0,0,1,0,0,0,0,0,0,0,0,0,6
299,00000013 2faac3a0,"     SHF.R.S32.HI R17, RZ, 0x1f, R20 ",,8,0,256000,8192000,,,,,,,0,1,0,0,0,0,0,0,0,0,0,0,7,0,0,0,0,0,0,0,0,0,0,0,0,0,0,0,0,0,0,0,0,0
300,00000013 2faac3b0,"     IADD3 R19, P0, P1, R20, R15, R30 ",,46,17,256000,8192000,,,,,,,0,0,0,0,0,0,9,0,0,0,0,11,3,0,0,0,23,0,0,0,0,0,0,6,0,0,0,0,0,0,0,0,0,11
301,00000013 2faac3c0,"     SHF.R.S32.HI R20, RZ, 0x1f, R15 ",,14,6,256000,8192000,,,,,,,0,0,0,0,0,0,3,0,0,0,0,0,7,0,0,0,4,0,0,0,0,0,0,3,0,0,0,0,0,0,0,0,0,3
302,00000013 2faac3d0,"     IADD3.X R20, R17, R20, R33, P0, P1 ",,49,12,256000,8192000,,,,,,,0,1,0,0,0,0,7,0,0,0,0,14,7,0,0,0,20,0,0,0,0,0,0,4,0,0,0,0,0,0,0,0,0,8
303,00000013 2faac3e0,"     ISETP.GE.U32.AND P0, PT, R19, R54, PT ",,16,1,256000,8192000,,,,,,,0,2,0,0,0,0,2,0,0,0,0,0,7,0,0,0,5,0,0,0,0,0,0,0,0,0,0,0,0,0,0,0,0,1
304,00000013 2faac3f0,"     ISETP.GE.U32.AND.EX P0, PT, R20, R55, PT, P0 ",,55,14,256000,8192000,,,,,,,0,1,0,0,0,0,9,0,0,0,0,14,8,0,0,0,23,0,0,0,0,0,0,6,0,0,0,0,0,0,0,0,0,8
305,00000013 2faac400,@P0  BRA 0x132faac440 ,,91,30,256000,8192000,,,,,,,0,0,0,0,0,0,0,0,0,0,11,8,6,0,0,0,66,0,0,0,0,0,0,0,0,0,0,8,0,0,0,0,0,22
306,00000013 2faac410,"     LEA R16, P0, R19, c[0x0][0x168], 0x1 ",,22,5,0,0,,,,,,,0,0,0,0,0,0,0,0,0,0,0,0,7,0,0,0,15,0,0,0,0,0,0,0,0,0,0,0,0,0,0,0,0,5
307,00000013 2faac420,"     LEA.HI.X R17, R19, c[0x0][0x16c], R20, 0x1, P0 ",,0,0,0,0,,,,,,,,,,,,,,,,,,,,,,,,,,,,,,,,,,,,,,,,
308,00000013 2faac430,"     LDG.E.U16.CONSTANT.SYS R16, [R16] ",,0,0,0,0,,,,0,,0,,,,,,,,,,,,,,,,,,,,,,,,,,,,,,,,,,
309,00000013 2faac440,     BSYNC B1 ,,58,21,256000,8192000,,,,,,,0,2,0,0,0,0,0,0,0,0,49,7,0,0,0,0,0,0,0,0,0,0,0,0,0,0,0,21,0,0,0,0,0,0
310,00000013 2faac450,"     STS.U16 [R18], R16 ",,76,25,256000,8192000,Shared,Store,16,,256000,,0,2,0,0,0,0,0,0,1,0,38,7,11,0,0,0,17,0,0,0,0,0,0,0,0,1,0,17,0,0,0,0,0,7
311,00000013 2faac460,"     IADD3 R21, R21, c[0x0][0x0], RZ ",,9,0,256000,8192000,,,,,,,0,0,0,0,0,0,0,0,0,0,0,0,9,0,0,0,0,0,0,0,0,0,0,0,0,0,0,0,0,0,0,0,0,0
312,00000013 2faac470,"     ISETP.GE.AND P0, PT, R21, R22, PT ",,41,10,256000,8192000,,,,,,,0,1,0,0,0,0,13,0,0,0,0,11,1,0,0,0,15,0,0,0,0,0,0,7,0,0,0,0,0,0,0,0,0,3
313,00000013 2faac480,@P0  BRA 0x132faac710 ,,87,32,256000,0,,,,,,,0,1,0,0,0,0,0,0,0,0,5,9,6,0,0,0,66,0,0,0,0,0,0,0,0,0,0,4,0,0,0,0,0,28
314,00000013 2faac490,"     SHF.R.S32.HI R15, RZ, 0x1f, R21 ",,41,15,256000,8192000,,,,,,,0,0,0,0,0,0,3,0,0,0,0,2,3,3,0,0,30,0,0,0,0,0,0,1,0,0,0,0,0,0,1,0,0,13
315,00000013 2faac4a0,"     BMOV.32.CLEAR RZ, B1 ",,9,0,256000,8192000,,,,,,,0,2,0,0,0,0,0,0,0,0,0,0,7,0,0,0,0,0,0,0,0,0,0,0,0,0,0,0,0,0,0,0,0,0
316,00000013 2faac4b0,"     BSSY B1, 0x132faac680 ",,7,0,256000,8192000,,,,,,,0,0,0,0,0,0,0,0,0,0,0,0,7,0,0,0,0,0,0,0,0,0,0,0,0,0,0,0,0,0,0,0,0,0
317,00000013 2faac4c0,"     LEA.HI R15, R15, R21, RZ, 0x8 ",,24,4,256000,8192000,,,,,,,0,0,0,0,0,0,7,0,0,0,0,2,3,0,0,0,12,0,0,0,0,0,0,3,0,0,0,0,0,0,0,0,0,1
318,00000013 2faac4d0,"     LOP3.LUT R16, R15, 0xffffff00, RZ, 0xc0, !PT ",,50,12,256000,8192000,,,,,,,0,1,0,0,0,0,10,0,0,0,0,16,2,0,0,0,21,0,0,0,0,0,0,5,0,0,0,0,0,0,0,0,0,7
319,00000013 2faac4e0,"     SHF.R.S32.HI R20, RZ, 0x8, R15 ",,10,1,256000,8192000,,,,,,,0,0,0,0,0,0,0,0,0,0,0,1,4,0,0,0,5,0,0,0,0,0,0,0,0,0,0,0,0,0,0,0,0,1
320,00000013 2faac4f0,"     IMAD.IADD R16, R21, 0x1, -R16 ",,38,2,256000,8192000,,,,,,,0,0,0,0,0,0,2,0,0,0,0,14,8,0,0,0,14,0,0,0,0,0,0,0,0,0,0,0,0,0,0,0,0,2
321,00000013 2faac500,"     IMAD R15, R20, 0x10, R23 ",,25,9,256000,8192000,,,,,,,0,1,0,0,0,0,0,0,0,0,11,1,7,0,0,0,5,0,0,0,0,0,0,0,0,0,0,8,0,0,0,0,0,1
322,00000013 2faac510,"     SHF.R.S32.HI R17, RZ, 0x1f, R16 ",,45,7,256000,8192000,,,,,,,0,0,0,0,0,0,16,0,0,0,0,11,9,0,0,0,9,0,0,0,0,0,0,5,0,0,0,0,0,0,0,0,0,2
323,00000013 2faac520,"     LEA.HI R17, R17, R16, RZ, 0x4 ",,48,11,256000,8192000,,,,,,,0,2,0,0,0,0,7,0,0,0,0,14,6,0,0,0,19,0,0,0,0,0,0,4,0,0,0,0,0,0,0,0,0,7
324,00000013 2faac530,"     LOP3.LUT R19, R17, 0xfffffff0, RZ, 0xc0, !PT ",,56,17,256000,8192000,,,,,,,0,2,0,0,0,0,9,0,0,0,0,16,5,0,0,0,24,0,0,0,0,0,0,6,0,0,0,0,0,0,0,0,0,11
325,00000013 2faac540,"     SHF.R.S32.HI R22, RZ, 0x4, R17 ",,12,3,256000,8192000,,,,,,,0,0,0,0,0,0,0,0,0,0,0,0,4,0,0,0,8,0,0,0,0,0,0,0,0,0,0,0,0,0,0,0,0,3
326,00000013 2faac550,"     IMAD.IADD R19, R16, 0x1, -R19 ",,33,5,256000,8192000,,,,,,,0,0,0,0,0,0,3,0,0,0,0,9,9,0,0,0,12,0,0,0,0,0,0,0,0,0,0,0,0,0,0,0,0,5
327,00000013 2faac560,"     PRMT R16, RZ, 0x7610, R16 ",,8,0,256000,8192000,,,,,,,0,0,0,0,0,0,0,0,0,0,0,0,8,0,0,0,0,0,0,0,0,0,0,0,0,0,0,0,0,0,0,0,0,0
328,00000013 2faac570,"     IMAD.IADD R15, R22, 0x1, R15 ",,9,0,256000,8192000,,,,,,,0,0,0,0,0,0,0,0,0,0,0,0,9,0,0,0,0,0,0,0,0,0,0,0,0,0,0,0,0,0,0,0,0,0
329,00000013 2faac580,"     IMAD.IADD R18, R19, 0x1, R12 ",,25,5,256000,8192000,,,,,,,0,1,0,0,0,0,1,0,0,0,8,2,5,0,0,0,8,0,0,0,0,0,0,0,0,0,0,4,0,0,0,0,0,1
330,00000013 2faac590,"     ISETP.GE.AND P0, PT, R18, c[0x0][0x190], PT ",,46,7,256000,8192000,,,,,,,0,1,0,0,0,0,8,0,0,0,0,10,6,0,0,0,21,0,0,0,0,0,0,2,0,0,0,0,0,0,0,0,0,5
331,00000013 2faac5a0,"     ISETP.GE.OR P0, PT, R15, c[0x0][0x18c], P0 ",,39,14,256000,8192000,,,,,,,0,0,0,0,0,0,8,0,0,0,0,12,4,0,0,0,15,0,0,0,0,0,0,5,0,0,0,0,0,0,0,0,0,9
332,00000013 2faac5b0,@P0  BRA 0x132faac670 ,,95,34,256000,0,,,,,,,0,2,0,0,0,0,0,0,0,0,0,8,5,0,0,0,80,0,0,0,0,0,0,0,0,0,0,0,0,0,0,0,0,34
333,00000013 2faac5c0,"     IMAD R15, R15, c[0x0][0x190], RZ ",,45,9,256000,8192000,,,,,,,0,0,0,0,0,0,2,0,0,0,0,5,8,0,0,0,30,0,0,0,0,0,0,0,0,0,0,0,0,0,0,0,0,9
334,00000013 2faac5d0,"     SHF.R.S32.HI R17, RZ, 0x1f, R18 ",,6,0,256000,8192000,,,,,,,0,0,0,0,0,0,0,0,0,0,0,0,6,0,0,0,0,0,0,0,0,0,0,0,0,0,0,0,0,0,0,0,0,0
335,00000013 2faac5e0,"     IADD3 R23, P0, P1, R18, R15, R30 ",,52,7,256000,8192000,,,,,,,0,0,0,0,0,0,9,0,0,0,0,18,8,0,0,0,17,0,0,0,0,0,0,3,0,0,0,0,0,0,0,0,0,4
336,00000013 2faac5f0,"     SHF.R.S32.HI R18, RZ, 0x1f, R15 ",,15,3,256000,8192000,,,,,,,0,0,0,0,0,0,0,0,0,0,0,1,5,0,0,0,9,0,0,0,0,0,0,0,0,0,0,0,0,0,0,0,0,3
337,00000013 2faac600,"     IADD3.X R18, R17, R18, R33, P0, P1 ",,57,15,256000,8192000,,,,,,,0,1,0,0,0,0,13,0,0,0,7,9,4,0,0,0,23,0,0,0,0,0,0,4,0,0,0,3,0,0,0,0,0,8
338,00000013 2faac610,"     ISETP.GE.U32.AND P0, PT, R23, R54, PT ",,10,0,256000,8192000,,,,,,,0,0,0,0,0,0,0,0,0,0,0,1,6,0,0,0,3,0,0,0,0,0,0,0,0,0,0,0,0,0,0,0,0,0
339,00000013 2faac620,"     ISETP.GE.U32.AND.EX P0, PT, R18, R55, PT, P0 ",,61,12,256000,8192000,,,,,,,0,2,0,0,0,0,10,0,0,0,0,17,10,0,0,0,22,0,0,0,0,0,0,2,0,0,0,0,0,0,0,0,0,10
340,00000013 2faac630,@P0  BRA 0x132faac670 ,,88,33,256000,8192000,,,,,,,0,2,0,0,0,0,0,0,0,0,0,4,4,0,0,0,78,0,0,0,0,0,0,0,0,0,0,0,0,0,0,0,0,33
341,00000013 2faac640,"     LEA R16, P0, R23, c[0x0][0x168], 0x1 ",,33,7,0,0,,,,,,,0,0,0,0,0,0,0,0,0,0,0,0,6,0,0,0,27,0,0,0,0,0,0,0,0,0,0,0,0,0,0,0,0,7
342,00000013 2faac650,"     LEA.HI.X R17, R23, c[0x0][0x16c], R18, 0x1, P0 ",,0,0,0,0,,,,,,,,,,,,,,,,,,,,,,,,,,,,,,,,,,,,,,,,
343,00000013 2faac660,"     LDG.E.U16.CONSTANT.SYS R16, [R16] ",,0,0,0,0,,,,0,,0,,,,,,,,,,,,,,,,,,,,,,,,,,,,,,,,,,
344,00000013 2faac670,     BSYNC B1 ,,46,10,256000,8192000,,,,,,,0,0,0,0,0,0,0,0,0,0,41,5,0,0,0,0,0,0,0,0,0,0,0,0,0,0,0,10,0,0,0,0,0,0
345,00000013 2faac680,"     IMAD R15, R20, 0x180, R39 ",,117,38,256000,8192000,,,,,,,0,0,0,0,0,0,2,0,0,1,90,3,5,0,0,0,16,0,0,0,0,0,0,1,0,0,1,32,0,0,0,0,0,4
346,00000013 2faac690,"     PRMT R17, R16, 0x7610, R17 ",,6,0,256000,8192000,,,,,,,0,0,0,0,0,0,0,0,0,0,0,0,6,0,0,0,0,0,0,0,0,0,0,0,0,0,0,0,0,0,0,0,0,0
347,00000013 2faac6a0,"     IMAD R15, R22, 0x18, R15 ",,29,7,256000,8192000,,,,,,,0,0,0,0,0,0,5,0,0,0,0,7,3,0,0,0,14,0,0,0,0,0,0,0,0,0,0,0,0,0,0,0,0,7
348,00000013 2faac6b0,"     IMAD.IADD R15, R19, 0x1, R15 ",,42,7,256000,8192000,,,,,,,0,2,0,0,0,0,6,0,0,0,0,13,2,0,0,0,19,0,0,0,0,0,0,2,0,0,0,0,0,0,0,0,0,5
349,00000013 2faac6c0,"     IMAD.SHL.U32 R16, R15, 0x2, RZ ",,45,5,256000,8192000,,,,,,,0,3,0,0,0,0,5,0,0,0,0,10,10,0,0,0,17,0,0,0,0,0,0,0,0,0,0,0,0,0,0,0,0,5
350,00000013 2faac6d0,"     IADD3 R15, R21, c[0x0][0x0], RZ ",,7,0,256000,8192000,,,,,,,0,0,0,0,0,0,0,0,0,0,0,0,7,0,0,0,0,0,0,0,0,0,0,0,0,0,0,0,0,0,0,0,0,0
351,00000013 2faac6e0,"     ISETP.GE.AND P0, PT, R15, R14, PT ",,62,17,256000,8192000,,,,,,,0,3,0,0,0,0,15,0,0,0,0,15,5,0,0,0,24,0,0,0,0,0,0,9,0,0,0,0,0,0,0,0,0,8
352,00000013 2faac6f0,"     STS.U16 [R16], R17 ",,34,3,256000,8192000,Shared,Store,16,,256000,,0,2,0,0,0,0,0,0,2,0,0,10,9,0,0,0,11,0,0,0,0,0,0,0,0,2,0,0,0,0,0,0,0,1
353,00000013 2faac700,@!P0 BRA 0x132faabd10 ,,72,37,256000,3276800,,,,,,,0,0,0,0,0,0,0,0,0,0,15,1,2,10,0,0,44,0,0,0,0,0,0,0,0,0,0,9,0,0,3,0,0,25
354,00000013 2faac710,     BSYNC B0 ,,26,5,153600,4915200,,,,,,,0,0,0,0,0,0,0,0,0,0,0,1,7,0,0,0,18,0,0,0,0,0,0,0,0,0,0,0,0,0,0,0,0,5
355,00000013 2faac720,"     S2R R60, SR_TID.X ",,52,24,153600,4915200,,,,,,,0,1,0,0,0,0,0,0,0,0,37,4,2,0,0,0,8,0,0,0,0,0,0,0,0,0,0,21,0,0,0,0,0,3
356,00000013 2faac730,     WARPSYNC 0xffffffff ,,3,0,153600,4915200,,,,,,,0,0,0,0,0,0,0,0,0,0,0,0,3,0,0,0,0,0,0,0,0,0,0,0,0,0,0,0,0,0,0,0,0,0
357,00000013 2faac740,"     BMOV.32.CLEAR RZ, B0 ",,26,6,153600,4915200,,,,,,,0,0,0,0,0,0,0,0,0,1,10,1,3,0,0,0,11,0,0,0,0,0,0,0,0,0,0,3,0,0,0,0,0,3
358,00000013 2faac750,"     BSSY B0, 0x132faaca60 ",,2,0,153600,4915200,,,,,,,0,0,0,0,0,0,0,0,0,0,0,0,2,0,0,0,0,0,0,0,0,0,0,0,0,0,0,0,0,0,0,0,0,0
359,00000013 2faac760,     NOP ,,3,0,153600,4915200,,,,,,,0,0,0,0,0,0,0,0,0,0,0,0,3,0,0,0,0,0,0,0,0,0,0,0,0,0,0,0,0,0,0,0,0,0
360,00000013 2faac770,     BAR.SYNC 0x0 ,,4,1,153600,4915200,,,,,,,0,0,0,0,0,0,0,0,1,0,0,0,3,0,0,0,0,0,0,0,0,0,0,0,0,1,0,0,0,0,0,0,0,0
361,00000013 2faac780,"     SHF.R.U32.HI R58, RZ, 0x5, R60 ",,300,108,153600,4915200,,,,,,,250,2,0,0,0,0,5,0,0,0,8,11,5,2,0,0,17,97,1,0,0,0,0,1,0,0,0,6,0,0,1,0,0,2
362,00000013 2faac790,"     ISETP.GE.AND P0, PT, R58, R53, PT ",,30,9,153600,4915200,,,,,,,0,1,0,0,0,0,9,0,0,0,0,5,1,0,0,0,14,0,0,0,0,0,0,3,0,0,0,0,0,0,0,0,0,6
363,00000013 2faac7a0,@P0  BRA 0x132faaca50 ,,63,26,153600,819200,,,,,,,0,0,0,0,0,0,0,0,0,0,0,8,4,0,0,0,51,0,0,0,0,0,0,0,0,0,0,0,0,0,0,0,0,26
364,00000013 2faac7b0,"     S2R R15, SR_LANEID ",,19,6,128000,4096000,,,,,,,0,0,0,0,0,0,0,0,1,0,0,2,3,0,0,0,13,0,0,0,0,0,0,0,0,1,0,0,0,0,0,0,0,5
365,00000013 2faac7c0,"     IADD3 R39, R40, 0x80, RZ ",,5,0,128000,4096000,,,,,,,0,0,0,0,0,0,0,0,0,0,0,0,5,0,0,0,0,0,0,0,0,0,0,0,0,0,0,0,0,0,0,0,0,0
366,00000013 2faac7d0,     WARPSYNC 0xffffffff ,,4,0,128000,4096000,,,,,,,0,0,0,0,0,0,0,0,0,0,0,0,4,0,0,0,0,0,0,0,0,0,0,0,0,0,0,0,0,0,0,0,0,0
367,00000013 2faac7e0,"     SHF.R.U32.HI R13, RZ, 0x2, R15 ",,107,39,128000,4096000,,,,,,,0,0,0,0,0,0,3,0,0,0,7,5,2,78,0,0,12,0,0,0,0,0,0,1,0,0,0,3,0,0,31,0,0,4
368,00000013 2faac7f0,"     LOP3.LUT R14, R13, 0x3, RZ, 0xc0, !PT ",,27,6,128000,4096000,,,,,,,0,2,0,0,0,0,6,0,0,0,0,5,8,0,0,0,6,0,0,0,0,0,0,3,0,0,0,0,0,0,0,0,0,3
369,00000013 2faac800,"     LOP3.LUT R13, R15, 0x3, RZ, 0xc0, !PT ",,10,2,128000,4096000,,,,,,,0,0,0,0,0,0,0,0,0,0,1,3,5,0,0,0,1,0,0,0,0,0,0,0,0,0,0,1,0,0,0,0,0,1
370,00000013 2faac810,"     SHF.R.U32.HI R15, RZ, 0x4, R15 ",,13,2,128000,4096000,,,,,,,0,1,0,0,0,0,0,0,0,0,0,2,4,0,0,0,6,0,0,0,0,0,0,0,0,0,0,0,0,0,0,0,0,2
371,00000013 2faac820,"     IMAD.SHL.U32 R18, R14, 0x8, RZ ",,4,0,128000,4096000,,,,,,,0,0,0,0,0,0,0,0,0,0,0,0,4,0,0,0,0,0,0,0,0,0,0,0,0,0,0,0,0,0,0,0,0,0
372,00000013 2faac830,"     SHF.R.U32.HI R16, RZ, 0x1, R14 ",,4,0,128000,4096000,,,,,,,0,0,0,0,0,0,0,0,0,0,0,0,4,0,0,0,0,0,0,0,0,0,0,0,0,0,0,0,0,0,0,0,0,0
373,00000013 2faac840,"     LOP3.LUT R15, R15, 0x1, RZ, 0xc0, !PT ",,6,1,128000,4096000,,,,,,,0,0,0,0,0,0,0,0,0,0,0,1,4,0,0,0,1,0,0,0,0,0,0,0,0,0,0,0,0,0,0,0,0,1
374,00000013 2faac850,"     LOP3.LUT R14, R18, 0x8, R13, 0xe2, !PT ",,8,2,128000,4096000,,,,,,,0,0,0,0,0,0,2,0,0,0,0,0,6,0,0,0,0,0,0,0,0,0,0,2,0,0,0,0,0,0,0,0,0,0
375,00000013 2faac860,"     IMAD R16, R16, 0x8, R13 ",,2,0,128000,4096000,,,,,,,0,0,0,0,0,0,0,0,0,0,0,0,2,0,0,0,0,0,0,0,0,0,0,0,0,0,0,0,0,0,0,0,0,0
376,00000013 2faac870,"     IMAD R13, R58, 0x180, R39 ",,14,2,128000,4096000,,,,,,,0,0,0,0,0,0,2,0,0,0,0,5,4,0,0,0,3,0,0,0,0,0,0,2,0,0,0,0,0,0,0,0,0,0
377,00000013 2faac880,"     IMAD R14, R15, 0x4, R14 ",,13,5,128000,4096000,,,,,,,0,0,0,0,0,0,0,0,0,0,7,0,4,0,0,0,2,0,0,0,0,0,0,0,0,0,0,4,0,0,0,0,0,1
378,00000013 2faac890,"     IMAD R16, R15, 0x4, R16 ",,8,2,128000,4096000,,,,,,,0,0,0,0,0,0,0,0,0,0,0,2,2,0,0,0,4,0,0,0,0,0,0,0,0,0,0,0,0,0,0,0,0,2
379,00000013 2faac8a0,"     IMAD.SHL.U32 R15, R12, 0x2, RZ ",,3,2,128000,4096000,,,,,,,0,0,0,0,0,0,0,0,0,0,0,0,1,0,0,0,2,0,0,0,0,0,0,0,0,0,0,0,0,0,0,0,0,2
380,00000013 2faac8b0,"     LEA R12, R41, 0x8, 0x4 ",,0,0,128000,4096000,,,,,,,,,,,,,,,,,,,,,,,,,,,,,,,,,,,,,,,,
381,00000013 2faac8c0,"     IMAD.SHL.U32 R13, R13, 0x2, RZ ",,5,0,128000,4096000,,,,,,,0,0,0,0,0,0,0,0,0,0,0,0,5,0,0,0,0,0,0,0,0,0,0,0,0,0,0,0,0,0,0,0,0,0
382,00000013 2faac8d0,"     IMAD.SHL.U32 R14, R14, 0x2, RZ ",,11,1,128000,4096000,,,,,,,0,0,0,0,0,0,1,0,0,0,0,1,3,0,0,0,6,0,0,0,0,0,0,0,0,0,0,0,0,0,0,0,0,1
383,00000013 2faac8e0,"     IMAD.SHL.U32 R16, R16, 0x2, RZ ",,11,0,128000,4096000,,,,,,,0,0,0,0,0,0,1,0,0,0,0,4,2,0,0,0,4,0,0,0,0,0,0,0,0,0,0,0,0,0,0,0,0,0
384,00000013 2faac8f0,"     IMAD R57, R12, R14, R15 ",,7,1,128000,4096000,,,,,,,0,0,0,0,0,0,1,0,0,0,0,1,3,0,0,0,2,0,0,0,0,0,0,1,0,0,0,0,0,0,0,0,0,0
385,00000013 2faac900,"     IMAD R59, R16, 0x18, R13 ",,21,7,128000,4096000,,,,,,,0,0,0,0,0,0,1,0,0,0,10,0,5,0,0,0,5,0,0,0,0,0,0,0,0,0,0,4,0,0,0,0,0,3
386,00000013 2faac910,"     LDS.U.128 R24, [R57] ",,26,5,128000,4096000,Shared,Load,128,,384000,,0,0,0,0,0,0,0,0,0,0,0,2,7,0,0,0,17,0,0,0,0,0,0,0,0,0,0,0,0,0,0,0,0,5
387,00000013 2faac920,"     LDS.U.128 R16, [R59] ",,14,5,128000,4096000,Shared,Load,128,,384000,,0,0,0,0,0,0,0,0,0,0,0,1,2,0,0,0,11,0,0,0,0,0,0,0,0,0,0,0,0,0,0,0,0,5
388,00000013 2faac930,"     LDS.U.128 R20, [R57+0x10] ",,15,1,128000,4096000,Shared,Load,128,,384000,,0,0,0,0,0,0,0,0,3,0,0,2,6,0,0,0,4,0,0,0,0,0,0,0,0,1,0,0,0,0,0,0,0,0
389,00000013 2faac940,"     LDS.U.128 R12, [R59+0x10] ",,23,7,128000,4096000,Shared,Load,128,,384000,,0,0,0,0,0,0,0,0,7,0,0,1,5,0,0,0,10,0,0,0,0,0,0,0,0,5,0,0,0,0,0,0,0,2
390,00000013 2faac950,"     HMMA.884.F32.F32.STEP0 R8, R24.ROW, R16.COL, R8 ",,195,70,128000,4096000,,,,,,,0,0,0,0,0,0,0,0,0,0,0,4,3,188,0,0,0,0,0,0,0,0,0,0,0,0,0,0,0,0,70,0,0,0
391,00000013 2faac960,"     HMMA.884.F32.F32.STEP1 R10, R24.ROW, R16.COL, R10 ",,7,2,128000,4096000,,,,,,,0,0,0,0,0,0,0,0,0,0,0,1,2,0,0,0,4,0,0,0,0,0,0,0,0,0,0,0,0,0,0,0,0,2
392,00000013 2faac970,"     HMMA.884.F32.F32.STEP2 R4, R24.ROW, R16.COL, R4 ",,14,3,128000,4096000,,,,,,,0,2,0,0,0,0,0,0,0,0,0,2,2,0,0,0,8,0,0,0,0,0,0,0,0,0,0,0,0,0,0,0,0,3
393,00000013 2faac980,"     HMMA.884.F32.F32.STEP3 R6, R24.ROW, R16.COL, R6 ",,13,2,128000,4096000,,,,,,,0,0,0,0,0,0,0,0,0,0,5,1,5,0,0,0,2,0,0,0,0,0,0,0,0,0,0,1,0,0,0,0,0,1
394,00000013 2faac990,"     HMMA.884.F32.F32.STEP0 R8, R26.ROW, R18.COL, R8 ",,11,1,128000,4096000,,,,,,,0,2,0,0,0,0,0,0,0,0,0,0,3,0,0,0,6,0,0,0,0,0,0,0,0,0,0,0,0,0,0,0,0,1
395,00000013 2faac9a0,"     HMMA.884.F32.F32.STEP1 R10, R26.ROW, R18.COL, R10 ",,13,2,128000,4096000,,,,,,,0,3,0,0,0,0,0,0,0,0,0,0,3,0,0,0,7,0,0,0,0,0,0,0,0,0,0,0,0,0,0,0,0,2
396,00000013 2faac9b0,"     HMMA.884.F32.F32.STEP2 R4, R26.ROW, R18.COL, R4 ",,12,3,128000,4096000,,,,,,,0,2,0,0,0,0,0,0,0,0,0,0,2,0,0,0,8,0,0,0,0,0,0,0,0,0,0,0,0,0,0,0,0,3
397,00000013 2faac9c0,"     HMMA.884.F32.F32.STEP3 R6, R26.ROW, R18.COL, R6 ",,7,0,128000,4096000,,,,,,,0,2,0,0,0,0,0,0,0,0,0,2,1,0,0,0,2,0,0,0,0,0,0,0,0,0,0,0,0,0,0,0,0,0
398,00000013 2faac9d0,"     HMMA.884.F32.F32.STEP0 R8, R20.ROW, R12.COL, R8 ",,50,24,128000,4096000,,,,,,,0,1,0,0,0,0,0,0,0,1,0,3,0,38,0,0,7,0,0,0,0,0,0,0,0,0,0,0,0,0,23,0,0,1
399,00000013 2faac9e0,"     HMMA.884.F32.F32.STEP1 R10, R20.ROW, R12.COL, R10 ",,15,3,128000,4096000,,,,,,,0,4,0,0,0,0,0,0,0,0,0,1,5,0,0,0,5,0,1,0,0,0,0,0,0,0,0,0,0,0,0,0,0,2
400,00000013 2faac9f0,"     HMMA.884.F32.F32.STEP2 R4, R20.ROW, R12.COL, R4 ",,12,3,128000,4096000,,,,,,,0,2,0,0,0,0,0,0,0,0,0,2,1,0,0,0,7,0,0,0,0,0,0,0,0,0,0,0,0,0,0,0,0,3
401,00000013 2faaca00,"     HMMA.884.F32.F32.STEP3 R6, R20.ROW, R12.COL, R6 ",,19,2,128000,4096000,,,,,,,0,3,0,0,0,0,0,0,0,0,3,2,6,0,0,0,5,0,0,0,0,0,0,0,0,0,0,1,0,0,0,0,0,1
402,00000013 2faaca10,"     HMMA.884.F32.F32.STEP0 R8, R22.ROW, R14.COL, R8 ",,12,0,128000,4096000,,,,,,,0,3,0,0,0,0,0,0,0,0,0,0,5,0,0,0,4,0,0,0,0,0,0,0,0,0,0,0,0,0,0,0,0,0
403,00000013 2faaca20,"     HMMA.884.F32.F32.STEP1 R10, R22.ROW, R14.COL, R10 ",,12,0,128000,4096000,,,,,,,0,2,0,0,0,0,0,0,0,0,0,0,2,0,0,0,8,0,0,0,0,0,0,0,0,0,0,0,0,0,0,0,0,0
404,00000013 2faaca30,"     HMMA.884.F32.F32.STEP2 R4, R22.ROW, R14.COL, R4 ",,11,0,128000,4096000,,,,,,,0,0,0,0,0,0,0,0,0,0,0,0,4,0,0,0,7,0,0,0,0,0,0,0,0,0,0,0,0,0,0,0,0,0
405,00000013 2faaca40,"     HMMA.884.F32.F32.STEP3 R6, R22.ROW, R14.COL, R6 ",,15,1,128000,4096000,,,,,,,0,3,0,0,0,0,0,0,0,0,0,2,6,0,0,0,4,0,0,0,0,0,0,0,0,0,0,0,0,0,0,0,0,1
406,00000013 2faaca50,     BSYNC B0 ,,67,24,153600,4915200,,,,,,,0,0,0,0,0,0,0,0,0,0,22,3,1,0,0,0,41,0,0,0,0,0,0,0,0,0,0,12,0,0,0,0,0,12
407,00000013 2faaca60,"     IADD3 R56, R56, 0x1, RZ ",,67,24,153600,4915200,,,,,,,0,0,0,0,0,0,0,0,0,0,43,1,5,0,0,0,18,0,0,0,0,0,0,0,0,0,0,17,0,0,0,0,0,7
408,00000013 2faaca70,     WARPSYNC 0xffffffff ,,6,0,153600,4915200,,,,,,,0,0,0,0,0,0,0,0,0,0,0,0,6,0,0,0,0,0,0,0,0,0,0,0,0,0,0,0,0,0,0,0,0,0
409,00000013 2faaca80,     NOP ,,34,11,153600,4915200,,,,,,,0,0,0,0,0,0,0,0,0,0,20,0,4,0,0,0,10,0,0,0,0,0,0,0,0,0,0,8,0,0,0,0,0,3
410,00000013 2faaca90,     BAR.SYNC 0x0 ,,7,0,153600,4915200,,,,,,,0,0,0,0,0,0,0,0,0,0,0,0,7,0,0,0,0,0,0,0,0,0,0,0,0,0,0,0,0,0,0,0,0,0
411,00000013 2faacaa0,"     IMAD.SHL.U32 R12, R56, 0x10, RZ ",,291,125,153600,4915200,,,,,,,269,1,0,0,0,0,0,0,0,0,0,3,4,0,0,0,14,122,0,0,0,0,0,0,0,0,0,0,0,0,0,0,0,3
412,00000013 2faacab0,"     ISETP.LT.AND P1, PT, R56, R41, PT ",,3,0,153600,4915200,,,,,,,0,0,0,0,0,0,0,0,0,0,0,0,3,0,0,0,0,0,0,0,0,0,0,0,0,0,0,0,0,0,0,0,0,0
413,00000013 2faacac0,"     ISETP.GE.AND P0, PT, R12, c[0x0][0x190], PT ",,26,4,153600,4915200,,,,,,,0,1,0,1,0,0,4,0,0,0,0,5,3,0,0,0,12,0,1,0,1,0,0,1,0,0,0,0,0,0,0,0,0,1
414,00000013 2faacad0,"@!P0 BRA P1, 0x132faabc90 ",,57,23,153600,3686400,,,,,,,0,0,0,0,0,0,0,0,1,0,0,5,2,0,0,0,49,0,0,0,0,0,0,0,0,0,0,0,0,0,0,0,0,23
415,00000013 2faacae0,"     ISETP.GE.AND P0, PT, R58, R53, PT ",,14,3,38400,1228800,,,,,,,0,0,0,0,0,0,0,0,0,0,0,0,4,0,0,0,10,0,0,0,0,0,0,0,0,0,0,0,0,0,0,0,0,3
416,00000013 2faacaf0,"     BMOV.32.CLEAR RZ, B0 ",,2,0,38400,1228800,,,,,,,0,0,0,0,0,0,0,0,0,0,0,0,2,0,0,0,0,0,0,0,0,0,0,0,0,0,0,0,0,0,0,0,0,0
417,00000013 2faacb00,"     BSSY B0, 0x132faaccf0 ",,2,0,38400,1228800,,,,,,,0,0,0,0,0,0,0,0,0,0,0,0,2,0,0,0,0,0,0,0,0,0,0,0,0,0,0,0,0,0,0,0,0,0
418,00000013 2faacb10,@P0  BRA 0x132faacce0 ,,17,6,38400,204800,,,,,,,0,0,0,0,0,0,0,0,0,0,0,0,1,0,0,0,16,0,0,0,0,0,0,0,0,0,0,0,0,0,0,0,0,6
419,00000013 2faacb20,"     S2R R12, SR_LANEID ",,3,1,32000,1024000,,,,,,,0,0,0,0,0,0,0,0,0,0,0,0,1,0,0,0,2,0,0,0,0,0,0,0,0,0,0,0,0,0,0,0,0,1
420,00000013 2faacb30,     WARPSYNC 0xffffffff ,,0,0,32000,1024000,,,,,,,,,,,,,,,,,,,,,,,,,,,,,,,,,,,,,,,,
421,00000013 2faacb40,"     SHF.R.U32.HI R15, RZ, 0x4, R12 ",,29,14,32000,1024000,,,,,,,0,0,0,0,0,0,0,0,0,0,3,0,3,17,0,0,6,0,0,0,0,0,0,0,0,0,0,2,0,0,11,0,0,1
422,00000013 2faacb50,"     SHF.R.U32.HI R13, RZ, 0x2, R12 ",,5,3,32000,1024000,,,,,,,0,0,0,0,0,0,1,0,0,0,0,0,2,0,0,0,2,0,0,0,0,0,0,1,0,0,0,0,0,0,0,0,0,2
423,00000013 2faacb60,"     LOP3.LUT R14, R12, 0x3, RZ, 0xc0, !PT ",,5,1,32000,1024000,,,,,,,0,0,0,0,0,0,0,0,0,0,0,1,2,0,0,0,2,0,0,0,0,0,0,0,0,0,0,0,0,0,0,0,0,1
424,00000013 2faacb70,"     IMAD.SHL.U32 R17, R15, 0x4, RZ ",,2,0,32000,1024000,,,,,,,0,0,0,0,0,0,0,0,0,0,0,0,2,0,0,0,0,0,0,0,0,0,0,0,0,0,0,0,0,0,0,0,0,0
425,00000013 2faacb80,"     SHF.R.U32.HI R12, RZ, 0x1, R60 ",,3,2,32000,1024000,,,,,,,0,0,0,0,0,0,0,0,0,0,2,0,1,0,0,0,0,0,0,0,0,0,0,0,0,0,0,2,0,0,0,0,0,0
426,00000013 2faacb90,"     LOP3.LUT R15, R13, 0x3, RZ, 0xc0, !PT ",,2,0,32000,1024000,,,,,,,0,0,0,0,0,0,0,0,0,0,0,1,1,0,0,0,0,0,0,0,0,0,0,0,0,0,0,0,0,0,0,0,0,0
427,00000013 2faacba0,"     LOP3.LUT R13, R12, 0x3ffffff0, RZ, 0xc0, !PT ",,3,0,32000,1024000,,,,,,,0,0,0,0,0,0,0,0,0,0,0,0,2,0,0,0,1,0,0,0,0,0,0,0,0,0,0,0,0,0,0,0,0,0
428,00000013 2faacbb0,"     LOP3.LUT R14, R17, 0x4, R14, 0xe2, !PT ",,4,1,32000,1024000,,,,,,,0,0,0,0,0,0,0,0,0,0,0,0,2,0,0,0,2,0,0,0,0,0,0,0,0,0,0,0,0,0,0,0,0,1
429,00000013 2faacbc0,"     IMAD.SHL.U32 R17, R15, 0x8, RZ ",,1,0,32000,1024000,,,,,,,0,0,0,0,0,0,0,0,0,0,0,0,1,0,0,0,0,0,0,0,0,0,0,0,0,0,0,0,0,0,0,0,0,0
430,00000013 2faacbd0,"     SHF.R.U32.HI R15, RZ, 0x1, R15 ",,0,0,32000,1024000,,,,,,,,,,,,,,,,,,,,,,,,,,,,,,,,,,,,,,,,
431,00000013 2faacbe0,"     IMAD.IADD R13, R13, 0x1, R52 ",,1,0,32000,1024000,,,,,,,0,0,0,0,0,0,0,0,0,0,0,0,1,0,0,0,0,0,0,0,0,0,0,0,0,0,0,0,0,0,0,0,0,0
432,00000013 2faacbf0,"     LOP3.LUT R12, R14, 0x5, RZ, 0xc0, !PT ",,1,0,32000,1024000,,,,,,,0,0,0,0,0,0,0,0,0,0,0,0,1,0,0,0,0,0,0,0,0,0,0,0,0,0,0,0,0,0,0,0,0,0
433,00000013 2faacc00,"     LOP3.LUT R14, R14, 0x2, RZ, 0xc0, !PT ",,6,2,32000,1024000,,,,,,,0,0,0,0,0,0,1,0,0,0,5,0,0,0,0,0,0,0,0,0,0,0,0,0,0,0,0,2,0,0,0,0,0,0
434,00000013 2faacc10,"     IMAD R13, R13, 0x4, R36 ",,1,0,32000,1024000,,,,,,,0,0,0,0,0,0,0,0,0,0,0,0,1,0,0,0,0,0,0,0,0,0,0,0,0,0,0,0,0,0,0,0,0,0
435,00000013 2faacc20,"     LOP3.LUT R12, R17, 0x8, R12, 0xe2, !PT ",,1,0,32000,1024000,,,,,,,0,0,0,0,0,0,0,0,0,0,0,0,1,0,0,0,0,0,0,0,0,0,0,0,0,0,0,0,0,0,0,0,0,0
436,00000013 2faacc30,"     IMAD R15, R15, 0x8, R14 ",,4,0,32000,1024000,,,,,,,0,0,0,0,0,0,0,0,0,0,0,2,0,0,0,0,2,0,0,0,0,0,0,0,0,0,0,0,0,0,0,0,0,0
437,00000013 2faacc40,"     IADD3 R13, R13, 0x300, RZ ",,0,0,32000,1024000,,,,,,,,,,,,,,,,,,,,,,,,,,,,,,,,,,,,,,,,
438,00000013 2faacc50,"     IMAD.MOV.U32 R14, RZ, RZ, c[0x0][0x198] ",,1,0,32000,1024000,,,,,,,0,0,0,0,0,0,0,0,0,0,0,0,1,0,0,0,0,0,0,0,0,0,0,0,0,0,0,0,0,0,0,0,0,0
439,00000013 2faacc60,"     IMAD R12, R12, c[0x0][0x198], R15 ",,2,0,32000,1024000,,,,,,,0,0,0,0,0,0,0,0,0,0,0,1,1,0,0,0,0,0,0,0,0,0,0,0,0,0,0,0,0,0,0,0,0,0
440,00000013 2faacc70,"     IMAD.SHL.U32 R14, R14, 0x4, RZ ",,1,0,32000,1024000,,,,,,,0,0,0,0,0,0,0,0,0,0,0,0,1,0,0,0,0,0,0,0,0,0,0,0,0,0,0,0,0,0,0,0,0,0
441,00000013 2faacc80,"     IMAD.U32 R13, R12, 0x4, R13 ",,6,0,32000,1024000,,,,,,,0,0,0,0,0,0,1,0,0,0,4,0,1,0,0,0,0,0,0,0,0,0,0,0,0,0,0,0,0,0,0,0,0,0
442,00000013 2faacc90,"     IMAD.U32 R14, R14, 0x2, R13 ",,6,1,32000,1024000,,,,,,,0,1,0,0,0,0,0,0,0,0,0,2,0,0,0,0,3,0,0,0,0,0,0,0,0,0,0,0,0,0,0,0,0,1
443,00000013 2faacca0,"     STS.64 [R13], R8 ",,7,4,32000,1024000,Shared,Store,64,,256000,,0,0,0,0,0,0,0,0,0,0,0,0,0,0,0,0,7,0,0,0,0,0,0,0,0,0,0,0,0,0,0,0,0,4
444,00000013 2faaccb0,"     STS.64 [R13+0x10], R4 ",,2,0,32000,1024000,Shared,Store,64,,256000,,0,0,0,0,0,0,0,0,0,0,0,0,1,0,0,0,1,0,0,0,0,0,0,0,0,0,0,0,0,0,0,0,0,0
445,00000013 2faaccc0,"     STS.64 [R14], R10 ",,3,0,32000,1024000,Shared,Store,64,,256000,,0,1,0,0,0,0,0,0,0,0,0,0,2,0,0,0,0,0,0,0,0,0,0,0,0,0,0,0,0,0,0,0,0,0
446,00000013 2faaccd0,"     STS.64 [R14+0x10], R6 ",,2,0,32000,1024000,Shared,Store,64,,256000,,0,0,0,0,0,0,0,0,0,0,0,1,0,0,0,0,1,0,0,0,0,0,0,0,0,0,0,0,0,0,0,0,0,0
447,00000013 2faacce0,     BSYNC B0 ,,13,5,38400,1228800,,,,,,,0,0,0,0,0,0,0,0,0,0,11,2,0,0,0,0,0,0,0,0,0,0,0,0,0,0,0,5,0,0,0,0,0,0
448,00000013 2faaccf0,"     IMAD.IADD R52, R50, 0x1, R52 ",,25,10,38400,1228800,,,,,,,0,0,0,0,0,0,0,0,0,0,17,0,4,0,0,0,4,0,0,0,0,0,0,0,0,0,0,7,0,0,0,0,0,3
449,00000013 2faacd00,"     ISETP.GT.AND P0, PT, R51, R52, PT ",,6,2,38400,1228800,,,,,,,0,1,0,0,0,0,0,0,0,0,2,2,0,0,0,0,1,0,0,0,0,0,0,0,0,0,0,1,0,0,0,0,0,1
450,00000013 2faacd10,@P0  BRA 0x132faabab0 ,,11,5,38400,409600,,,,,,,0,0,0,0,0,0,0,0,0,0,0,0,1,0,0,0,10,0,0,0,0,0,0,0,0,0,0,0,0,0,0,0,0,5
451,00000013 2faacd20,"     S2R R14, SR_TID.X ",,5,1,25600,819200,,,,,,,0,0,0,0,0,0,0,0,1,0,0,0,1,2,0,0,1,0,0,0,0,0,0,0,0,0,0,0,0,0,1,0,0,0
452,00000013 2faacd30,     WARPSYNC 0xffffffff ,,0,0,25600,819200,,,,,,,,,,,,,,,,,,,,,,,,,,,,,,,,,,,,,,,,
453,00000013 2faacd40,"     BMOV.32.CLEAR RZ, B0 ",,5,3,25600,819200,,,,,,,0,0,0,0,0,0,0,0,0,0,2,0,0,0,0,0,3,0,0,0,0,0,0,0,0,0,0,2,0,0,0,0,0,1
454,00000013 2faacd50,"     BSSY B0, 0x132fab0230 ",,1,0,25600,819200,,,,,,,0,0,0,0,0,0,0,0,0,0,0,0,1,0,0,0,0,0,0,0,0,0,0,0,0,0,0,0,0,0,0,0,0,0
455,00000013 2faacd60,     NOP ,,1,0,25600,819200,,,,,,,0,0,0,0,0,0,0,0,0,0,0,0,1,0,0,0,0,0,0,0,0,0,0,0,0,0,0,0,0,0,0,0,0,0
456,00000013 2faacd70,     BAR.SYNC 0x0 ,,1,0,25600,819200,,,,,,,0,0,0,0,0,0,0,0,1,0,0,0,0,0,0,0,0,0,0,0,0,0,0,0,0,0,0,0,0,0,0,0,0,0
457,00000013 2faacd80,"     ISETP.GE.U32.AND P0, PT, R14, 0x200, PT ",,63,29,25600,819200,,,,,,,46,0,0,0,0,0,2,0,0,0,4,0,0,8,0,0,3,21,0,0,0,0,0,1,0,0,0,2,0,0,3,0,0,2
458,00000013 2faacd90,@P0  BRA 0x132fab0220 ,,18,10,25600,0,,,,,,,0,0,0,0,0,0,0,0,0,0,0,0,3,0,0,0,15,0,0,0,0,0,0,0,0,0,0,0,0,0,0,0,0,10
459,00000013 2faacda0,"     IMAD.IADD R12, R51, 0x1, -R48 ",,4,3,25600,819200,,,,,,,0,0,0,0,0,0,1,0,0,0,0,0,0,0,0,0,3,0,0,0,0,0,0,1,0,0,0,0,0,0,0,0,0,2
460,00000013 2faacdb0,"     SHF.R.S32.HI R13, RZ, 0x1f, R12 ",,10,4,25600,819200,,,,,,,0,0,0,0,0,0,0,0,0,0,0,4,0,0,0,0,6,0,0,0,0,0,0,0,0,0,0,0,0,0,0,0,0,4
461,00000013 2faacdc0,"     LOP3.LUT P0, RZ, R12, 0x1f, RZ, 0xc0, !PT ",,1,0,25600,819200,,,,,,,0,0,0,0,0,0,0,0,0,0,0,0,1,0,0,0,0,0,0,0,0,0,0,0,0,0,0,0,0,0,0,0,0,0
462,00000013 2faacdd0,"     LEA.HI R13, R13, R12, RZ, 0x5 ",,1,0,25600,819200,,,,,,,0,0,0,0,0,0,0,0,0,0,0,0,0,0,0,0,1,0,0,0,0,0,0,0,0,0,0,0,0,0,0,0,0,0
463,00000013 2faacde0,"     SEL R12, RZ, 0x1, !P0 ",,1,0,25600,819200,,,,,,,0,0,0,0,0,0,0,0,0,0,0,0,0,0,0,0,1,0,0,0,0,0,0,0,0,0,0,0,0,0,0,0,0,0
464,00000013 2faacdf0,"     LEA.HI.SX32 R12, R13, R12, 0x1b ",,7,0,25600,819200,,,,,,,0,0,0,0,0,0,0,0,0,0,0,1,1,0,0,0,5,0,0,0,0,0,0,0,0,0,0,0,0,0,0,0,0,0
465,00000013 2faace00,"     SHF.R.S32.HI R13, RZ, 0x1f, R12 ",,2,1,25600,819200,,,,,,,0,0,0,0,0,0,0,0,0,0,1,0,0,0,0,0,1,0,0,0,0,0,0,0,0,0,0,1,0,0,0,0,0,0
466,00000013 2faace10,"     LEA.HI R13, R13, R12, RZ, 0x2 ",,5,1,25600,819200,,,,,,,0,0,0,0,0,0,1,0,0,0,0,0,2,0,0,0,2,0,0,0,0,0,0,0,0,0,0,0,0,0,0,0,0,1
467,00000013 2faace20,"     IMAD.SHL.U32 R13, R13, 0x20, RZ ",,5,3,25600,819200,,,,,,,0,0,0,0,0,0,0,0,0,0,0,1,0,0,0,0,4,0,0,0,0,0,0,0,0,0,0,0,0,0,0,0,0,3
468,00000013 2faace30,"     LOP3.LUT R15, R13, 0xffffff80, RZ, 0xc0, !PT ",,10,3,25600,819200,,,,,,,0,0,0,0,0,0,1,0,0,0,0,3,2,0,0,0,4,0,0,0,0,0,0,1,0,0,0,0,0,0,0,0,0,2
469,00000013 2faace40,"     SHF.R.U32.HI R13, RZ, 0x5, R14 ",,1,1,25600,819200,,,,,,,0,0,0,0,0,0,0,0,0,0,0,0,0,0,0,0,1,0,0,0,0,0,0,0,0,0,0,0,0,0,0,0,0,1
470,00000013 2faace50,"     IMAD.IADD R15, R48, 0x1, R15 ",,5,3,25600,819200,,,,,,,0,0,0,0,0,0,2,0,0,0,0,1,0,0,0,0,2,0,0,0,0,0,0,1,0,0,0,0,0,0,0,0,0,2
471,00000013 2faace60,"@!PT SHFL.IDX PT, RZ, RZ, RZ, RZ ",,7,3,25600,0,,,,,,,0,1,0,0,0,0,0,0,0,0,0,2,0,0,0,0,4,0,0,0,0,0,0,0,0,0,0,0,0,0,0,0,0,3
472,00000013 2faace70,"     IMAD.IADD R12, R43, 0x1, R13 ",,0,0,25600,819200,,,,,,,,,,,,,,,,,,,,,,,,,,,,,,,,,,,,,,,,
473,00000013 2faace80,     YIELD ,,12,11,25600,819200,,,,,,,0,0,0,0,0,0,0,0,0,0,12,0,0,0,0,0,0,0,0,0,0,0,0,0,0,0,0,11,0,0,0,0,0,0
474,00000013 2faace90,"     BMOV.32.CLEAR RZ, B1 ",,4,2,25600,819200,,,,,,,0,0,0,0,0,0,0,0,0,0,3,0,1,0,0,0,0,0,0,0,0,0,0,0,0,0,0,2,0,0,0,0,0,0
475,00000013 2faacea0,"     BSSY B1, 0x132faadb20 ",,3,0,25600,819200,,,,,,,0,0,0,0,0,0,0,0,0,0,2,0,1,0,0,0,0,0,0,0,0,0,0,0,0,0,0,0,0,0,0,0,0,0
476,00000013 2faaceb0,"     ISETP.GE.AND P0, PT, R12, c[0x0][0x18c], PT ",,35,13,25600,819200,,,,,,,0,0,0,0,0,0,3,0,0,2,27,0,1,0,0,0,2,0,0,0,0,0,0,2,0,0,1,10,0,0,0,0,0,0
477,00000013 2faacec0,@P0  BRA 0x132faadb10 ,,9,1,25600,0,,,,,,,0,0,0,0,0,0,0,0,0,0,0,1,1,0,0,0,7,0,0,0,0,0,0,0,0,0,0,0,0,0,0,0,0,1
478,00000013 2faaced0,"     IMAD.IADD R17, R37, 0x1, R13 ",,2,1,25600,819200,,,,,,,0,0,0,0,0,0,0,0,0,0,0,0,1,0,0,0,1,0,0,0,0,0,0,0,0,0,0,0,0,0,0,0,0,1
479,00000013 2faacee0,"     ISETP.GT.AND P0, PT, R51, R48, PT ",,0,0,25600,819200,,,,,,,,,,,,,,,,,,,,,,,,,,,,,,,,,,,,,,,,
480,00000013 2faacef0,"     BMOV.32.CLEAR RZ, B2 ",,1,0,25600,819200,,,,,,,0,0,0,0,0,0,0,0,0,0,0,0,1,0,0,0,0,0,0,0,0,0,0,0,0,0,0,0,0,0,0,0,0,0
481,00000013 2faacf00,"     BSSY B2, 0x132faad220 ",,8,8,25600,819200,,,,,,,0,0,0,0,0,0,0,0,0,0,8,0,0,0,0,0,0,0,0,0,0,0,0,0,0,0,0,8,0,0,0,0,0,0
482,00000013 2faacf10,"     IMAD R17, R17, 0x4, R36 ",,0,0,25600,819200,,,,,,,,,,,,,,,,,,,,,,,,,,,,,,,,,,,,,,,,
483,00000013 2faacf20,"     IMAD.MOV.U32 R12, RZ, RZ, -0x1f528714 ",,1,0,25600,819200,,,,,,,0,0,0,0,0,0,0,0,0,0,0,0,0,0,0,0,1,0,0,0,0,0,0,0,0,0,0,0,0,0,0,0,0,0
484,00000013 2faacf30,"     LDS.U R20, [R17+0x300] ",,2,1,25600,819200,Shared,Load,32,,25600,,0,0,0,0,0,0,0,0,1,0,0,0,0,0,0,0,1,0,0,0,0,0,0,0,0,1,0,0,0,0,0,0,0,0
485,00000013 2faacf40,"     LDS.U R25, [R17+0x340] ",,3,0,25600,819200,Shared,Load,32,,25600,,0,0,0,0,0,0,0,0,1,0,0,1,0,0,0,0,1,0,0,0,0,0,0,0,0,0,0,0,0,0,0,0,0,0
486,00000013 2faacf50,@!P0 BRA 0x132faad210 ,,3,0,25600,0,,,,,,,0,0,0,0,0,0,0,0,0,0,0,0,3,0,0,0,0,0,0,0,0,0,0,0,0,0,0,0,0,0,0,0,0,0
487,00000013 2faacf60,"     ISETP.GT.AND P0, PT, R15, R48, PT ",,2,1,25600,819200,,,,,,,0,0,0,0,0,0,0,0,0,0,0,0,0,0,0,0,2,0,0,0,0,0,0,0,0,0,0,0,0,0,0,0,0,1
488,00000013 2faacf70,"     BMOV.32.CLEAR RZ, B3 ",,1,0,25600,819200,,,,,,,0,0,0,0,0,0,0,0,0,0,0,0,1,0,0,0,0,0,0,0,0,0,0,0,0,0,0,0,0,0,0,0,0,0
489,00000013 2faacf80,"     BSSY B3, 0x132faad180 ",,8,5,25600,819200,,,,,,,0,0,0,0,0,0,0,0,0,0,6,1,1,0,0,0,0,0,0,0,0,0,0,0,0,0,0,5,0,0,0,0,0,0
490,00000013 2faacf90,"     IMAD.MOV.U32 R12, RZ, RZ, -0x1f528714 ",,1,0,25600,819200,,,,,,,0,0,0,0,0,0,0,0,0,0,0,0,1,0,0,0,0,0,0,0,0,0,0,0,0,0,0,0,0,0,0,0,0,0
491,00000013 2faacfa0,"     IMAD.MOV.U32 R14, RZ, RZ, R48 ",,5,3,25600,819200,,,,,,,0,0,0,0,0,0,2,0,0,0,0,1,1,0,0,0,1,0,0,0,0,0,0,2,0,0,0,0,0,0,0,0,0,1
492,00000013 2faacfb0,@!P0 BRA 0x132faad170 ,,8,2,25600,409600,,,,,,,0,0,0,0,0,0,0,0,0,0,0,2,1,0,0,0,5,0,0,0,0,0,0,0,0,0,0,0,0,0,0,0,0,2
493,00000013 2faacfc0,"     BMOV.32.CLEAR RZ, B4 ",,3,1,12800,409600,,,,,,,0,0,0,0,0,0,0,0,0,0,0,0,0,0,0,0,3,0,0,0,0,0,0,0,0,0,0,0,0,0,0,0,0,1
494,00000013 2faacfd0,"     BSSY B4, 0x132faad140 ",,0,0,12800,409600,,,,,,,,,,,,,,,,,,,,,,,,,,,,,,,,,,,,,,,,
495,00000013 2faacfe0,"     IMAD.IADD R16, R14, 0x1, R49 ",,1,0,12800,409600,,,,,,,0,0,0,0,0,0,0,0,0,0,0,1,0,0,0,0,0,0,0,0,0,0,0,0,0,0,0,0,0,0,0,0,0,0
496,00000013 2faacff0,"     IMAD R17, R13, c[0x0][0x198], R14 ",,2,1,12800,409600,,,,,,,0,0,0,0,0,0,0,0,0,0,0,0,0,0,0,0,2,0,0,0,0,0,0,0,0,0,0,0,0,0,0,0,0,1
497,00000013 2faad000,"     IADD3 R14, R14, 0x80, RZ ",,1,1,12800,409600,,,,,,,0,0,0,0,0,0,0,0,0,0,1,0,0,0,0,0,0,0,0,0,0,0,0,0,0,0,0,1,0,0,0,0,0,0
498,00000013 2faad010,"     ISETP.GE.AND P0, PT, R16, c[0x0][0x18c], PT ",,2,0,12800,409600,,,,,,,0,0,0,0,0,0,0,0,0,0,0,0,1,0,0,0,1,0,0,0,0,0,0,0,0,0,0,0,0,0,0,0,0,0
499,00000013 2faad020,"     IMAD R18, R17, 0x4, R36 ",,0,0,12800,409600,,,,,,,,,,,,,,,,,,,,,,,,,,,,,,,,,,,,,,,,
500,00000013 2faad030,"     IADD3 R19, R16, 0x20, RZ ",,0,0,12800,409600,,,,,,,,,,,,,,,,,,,,,,,,,,,,,,,,,,,,,,,,
501,00000013 2faad040,"     IADD3 R17, R16, 0x40, RZ ",,0,0,12800,409600,,,,,,,,,,,,,,,,,,,,,,,,,,,,,,,,,,,,,,,,
502,00000013 2faad050,"     ISETP.GE.AND P1, PT, R19, c[0x0][0x18c], PT ",,1,1,12800,409600,,,,,,,0,0,0,0,0,0,1,0,0,0,0,0,0,0,0,0,0,0,0,0,0,0,0,1,0,0,0,0,0,0,0,0,0,0
503,00000013 2faad060,"     IADD3 R16, R16, 0x60, RZ ",,1,0,12800,409600,,,,,,,0,0,0,0,0,0,0,0,0,0,0,0,1,0,0,0,0,0,0,0,0,0,0,0,0,0,0,0,0,0,0,0,0,0
504,00000013 2faad070,"     ISETP.GE.AND P2, PT, R17, c[0x0][0x18c], PT ",,0,0,12800,409600,,,,,,,,,,,,,,,,,,,,,,,,,,,,,,,,,,,,,,,,
505,00000013 2faad080,"@!P0 LDS.U R17, [R18+0x300] ",,3,3,12800,409600,Shared,Load,32,,12800,,0,0,0,0,0,0,0,0,0,0,3,0,0,0,0,0,0,0,0,0,0,0,0,0,0,0,0,3,0,0,0,0,0,0
506,00000013 2faad090,"     ISETP.GE.AND P3, PT, R16, c[0x0][0x18c], PT ",,1,0,12800,409600,,,,,,,0,0,0,0,0,0,0,0,0,0,0,0,1,0,0,0,0,0,0,0,0,0,0,0,0,0,0,0,0,0,0,0,0,0
507,00000013 2faad0a0,"@!P1 LDS.U R19, [R18+0x380] ",,2,1,12800,409600,Shared,Load,32,,12800,,0,0,0,0,0,0,0,0,1,0,0,0,0,0,0,0,1,0,0,0,0,0,0,0,0,1,0,0,0,0,0,0,0,0
508,00000013 2faad0b0,"@!P2 LDS.U R21, [R18+0x400] ",,1,0,12800,409600,Shared,Load,32,,12800,,0,0,0,0,0,0,0,0,0,0,0,0,0,0,0,0,1,0,0,0,0,0,0,0,0,0,0,0,0,0,0,0,0,0
509,00000013 2faad0c0,"@!P3 LDS.U R23, [R18+0x480] ",,3,0,12800,409600,Shared,Load,32,,12800,,0,0,0,0,0,0,0,0,1,0,0,0,0,0,0,0,2,0,0,0,0,0,0,0,0,0,0,0,0,0,0,0,0,0
510,00000013 2faad0d0,"@!P0 FMNMX.FTZ R12, R12, R17, !PT ",,3,1,12800,409600,,,,,,,0,0,0,0,0,0,0,0,0,0,0,1,0,2,0,0,0,0,0,0,0,0,0,0,0,0,0,0,0,0,1,0,0,0
511,00000013 2faad0e0,"     ISETP.GE.AND P0, PT, R14, R15, PT ",,0,0,12800,409600,,,,,,,,,,,,,,,,,,,,,,,,,,,,,,,,,,,,,,,,
512,00000013 2faad0f0,"@!P1 FMNMX.FTZ R12, R12, R19, !PT ",,0,0,12800,409600,,,,,,,,,,,,,,,,,,,,,,,,,,,,,,,,,,,,,,,,
513,00000013 2faad100,"@!P2 FMNMX.FTZ R12, R12, R21, !PT ",,1,1,12800,409600,,,,,,,0,0,0,0,0,0,0,0,0,0,1,0,0,0,0,0,0,0,0,0,0,0,0,0,0,0,0,1,0,0,0,0,0,0
514,00000013 2faad110,"@!P3 FMNMX.FTZ R12, R12, R23, !PT ",,6,1,12800,409600,,,,,,,0,0,0,0,0,0,1,0,0,0,0,4,0,0,0,0,1,0,0,0,0,0,0,1,0,0,0,0,0,0,0,0,0,0
515,00000013 2faad120,@!P0 BRA 0x132faacfe0 ,,2,2,12800,0,,,,,,,0,0,0,0,0,0,0,0,0,0,0,0,0,0,0,0,2,0,0,0,0,0,0,0,0,0,0,0,0,0,0,0,0,2
516,00000013 2faad130,     BSYNC B4 ,,2,1,12800,409600,,,,,,,0,0,0,0,0,0,0,0,0,0,0,0,0,0,0,0,2,0,0,0,0,0,0,0,0,0,0,0,0,0,0,0,0,1
517,00000013 2faad140,"     ISETP.GE.AND P0, PT, R14, R51, PT ",,7,2,12800,409600,,,,,,,0,0,0,0,0,0,0,0,0,0,3,1,1,0,0,0,2,0,0,0,0,0,0,0,0,0,0,1,0,0,0,0,0,1
518,00000013 2faad150,@P0  BREAK B3 ,,0,0,12800,409600,,,,,,,,,,,,,,,,,,,,,,,,,,,,,,,,,,,,,,,,
519,00000013 2faad160,@P0  BRA 0x132faad210 ,,3,1,12800,409600,,,,,,,0,0,0,0,0,0,0,0,0,0,3,0,0,0,0,0,0,0,0,0,0,0,0,0,0,0,0,1,0,0,0,0,0,0
520,00000013 2faad170,     BSYNC B3 ,,24,12,12800,409600,,,,,,,0,0,0,0,0,0,0,0,0,0,21,0,1,0,0,0,2,0,0,0,0,0,0,0,0,0,0,12,0,0,0,0,0,0
521,00000013 2faad180,"     IMAD.IADD R16, R14, 0x1, R49 ",,22,19,12800,409600,,,,,,,0,0,0,0,0,0,0,0,0,0,21,0,0,0,0,0,1,0,0,0,0,0,0,0,0,0,0,18,0,0,0,0,0,1
522,00000013 2faad190,"     ISETP.GE.AND P0, PT, R16, c[0x0][0x18c], PT ",,1,0,12800,409600,,,,,,,0,0,0,0,0,0,0,0,0,0,0,0,0,0,0,0,1,0,0,0,0,0,0,0,0,0,0,0,0,0,0,0,0,0
523,00000013 2faad1a0,"@!P0 IMAD R17, R13, c[0x0][0x198], R14 ",,6,2,12800,409600,,,,,,,0,0,0,0,0,0,0,0,0,0,0,1,0,0,0,0,5,0,0,0,0,0,0,0,0,0,0,0,0,0,0,0,0,2
524,00000013 2faad1b0,"     IADD3 R14, R14, 0x20, RZ ",,0,0,12800,409600,,,,,,,,,,,,,,,,,,,,,,,,,,,,,,,,,,,,,,,,
525,00000013 2faad1c0,"@!P0 IMAD R17, R17, 0x4, R36 ",,3,0,12800,409600,,,,,,,0,0,0,0,0,0,0,0,0,0,0,0,2,0,0,0,1,0,0,0,0,0,0,0,0,0,0,0,0,0,0,0,0,0
526,00000013 2faad1d0,"     ISETP.GE.AND P1, PT, R14, R51, PT ",,0,0,12800,409600,,,,,,,,,,,,,,,,,,,,,,,,,,,,,,,,,,,,,,,,
527,00000013 2faad1e0,"@!P0 LDS.U R17, [R17+0x300] ",,2,1,12800,409600,Shared,Load,32,,12800,,0,0,0,0,0,0,0,0,0,0,0,0,0,0,0,0,2,0,0,0,0,0,0,0,0,0,0,0,0,0,0,0,0,1
528,00000013 2faad1f0,"@!P0 FMNMX.FTZ R12, R12, R17, !PT ",,6,2,12800,409600,,,,,,,0,0,0,0,0,0,0,0,0,0,0,0,0,6,0,0,0,0,0,0,0,0,0,0,0,0,0,0,0,0,2,0,0,0
529,00000013 2faad200,@!P1 BRA 0x132faad180 ,,5,3,12800,0,,,,,,,0,0,0,0,0,0,0,0,0,0,3,0,1,0,0,0,1,0,0,0,0,0,0,0,0,0,0,2,0,0,0,0,0,1
530,00000013 2faad210,     BSYNC B2 ,,7,3,25600,819200,,,,,,,0,0,0,0,0,0,0,0,0,0,6,0,0,0,0,0,1,0,0,0,0,0,0,0,0,0,0,3,0,0,0,0,0,0
531,00000013 2faad220,     BRA.DIV 0x132fab6db0 ,,11,3,25600,819200,,,,,,,0,0,0,0,0,0,0,0,0,0,9,0,0,0,0,0,2,0,0,0,0,0,0,0,0,0,0,2,0,0,0,0,0,1
532,00000013 2faad230,"     SHFL.BFLY PT, R17, R12, 0x10, 0x1f ",,3,0,25600,819200,,,,,,,0,1,0,0,0,0,0,0,0,0,0,0,0,0,0,0,2,0,0,0,0,0,0,0,0,0,0,0,0,0,0,0,0,0
533,00000013 2faad240,"     FMNMX.FTZ R17, R17, R12, !PT ",,19,10,25600,819200,,,,,,,0,0,0,0,0,0,1,0,0,0,0,1,0,17,0,0,0,0,0,0,0,0,0,0,0,0,0,0,0,0,10,0,0,0
534,00000013 2faad250,"     SHFL.BFLY PT, R14, R17, 0x8, 0x1f ",,5,2,25600,819200,,,,,,,0,0,0,0,0,0,0,0,0,0,0,0,0,0,0,0,5,0,0,0,0,0,0,0,0,0,0,0,0,0,0,0,0,2
535,00000013 2faad260,"     FMNMX.FTZ R14, R17, R14, !PT ",,21,10,25600,819200,,,,,,,0,0,0,0,0,0,1,0,0,0,0,0,0,20,0,0,0,0,0,0,0,0,0,0,0,0,0,0,0,0,10,0,0,0
536,00000013 2faad270,"     SHFL.BFLY PT, R19, R14, 0x4, 0x1f ",,2,1,25600,819200,,,,,,,0,0,0,0,0,0,0,0,0,0,0,0,0,0,0,0,2,0,0,0,0,0,0,0,0,0,0,0,0,0,0,0,0,1
537,00000013 2faad280,"     FMNMX.FTZ R19, R14, R19, !PT ",,27,11,25600,819200,,,,,,,0,0,0,0,0,0,0,0,0,0,4,0,0,21,0,0,2,0,0,0,0,0,0,0,0,0,0,3,0,0,8,0,0,0
538,00000013 2faad290,"     SHFL.BFLY PT, R16, R19, 0x2, 0x1f ",,7,1,25600,819200,,,,,,,0,0,0,0,0,0,0,0,1,0,0,2,0,0,0,0,4,0,0,0,0,0,0,0,0,1,0,0,0,0,0,0,0,0
539,00000013 2faad2a0,"     FMNMX.FTZ R18, R19, R16, !PT ",,12,4,25600,819200,,,,,,,0,0,0,0,0,0,0,0,0,0,0,0,0,10,0,0,2,0,0,0,0,0,0,0,0,0,0,0,0,0,4,0,0,0
540,00000013 2faad2b0,"     SHFL.BFLY PT, R21, R18, 0x1, 0x1f ",,2,1,25600,819200,,,,,,,0,0,0,0,0,0,0,0,0,0,0,0,0,0,0,0,2,0,0,0,0,0,0,0,0,0,0,0,0,0,0,0,0,1
541,00000013 2faad2c0,"     FSETP.GT.FTZ.AND P0, PT, R25, RZ, PT ",,17,7,25600,819200,,,,,,,0,0,0,0,0,0,0,0,0,0,0,1,0,15,0,0,1,0,0,0,0,0,0,0,0,0,0,0,0,0,6,0,0,1
542,00000013 2faad2d0,"     BMOV.32.CLEAR RZ, B2 ",,1,0,25600,819200,,,,,,,0,0,0,0,0,0,0,0,0,0,0,0,1,0,0,0,0,0,0,0,0,0,0,0,0,0,0,0,0,0,0,0,0,0
543,00000013 2faad2e0,"     FMNMX.FTZ R21, R21, R18, !PT ",,1,0,25600,819200,,,,,,,0,0,0,0,0,0,0,0,0,0,0,0,1,0,0,0,0,0,0,0,0,0,0,0,0,0,0,0,0,0,0,0,0,0
544,00000013 2faad2f0,"     BSSY B2, 0x132faad3c0 ",,2,0,25600,819200,,,,,,,0,0,0,0,0,0,0,0,0,0,0,0,2,0,0,0,0,0,0,0,0,0,0,0,0,0,0,0,0,0,0,0,0,0
545,00000013 2faad300,"     ISETP.GT.AND P2, PT, R51, R48, PT ",,2,0,25600,819200,,,,,,,0,0,0,0,0,0,0,0,0,0,0,0,2,0,0,0,0,0,0,0,0,0,0,0,0,0,0,0,0,0,0,0,0,0
546,00000013 2faad310,"     IMAD.MOV.U32 R14, RZ, RZ, RZ ",,0,0,25600,819200,,,,,,,,,,,,,,,,,,,,,,,,,,,,,,,,,,,,,,,,
547,00000013 2faad320,"     FMNMX.FTZ R24, R20, R21, !PT ",,0,0,25600,819200,,,,,,,,,,,,,,,,,,,,,,,,,,,,,,,,,,,,,,,,
548,00000013 2faad330,@!P0 BRA 0x132faad3b0 ,,2,1,25600,409600,,,,,,,0,1,0,0,0,0,0,0,0,0,0,0,0,0,0,0,1,0,0,0,0,0,0,0,0,0,0,0,0,0,0,0,0,1
549,00000013 2faad340,"     FADD.FTZ R12, R20, -R24 ",,3,0,12800,409600,,,,,,,0,0,0,0,0,0,0,0,0,0,0,0,2,0,0,0,1,0,0,0,0,0,0,0,0,0,0,0,0,0,0,0,0,0
550,00000013 2faad350,"     IMAD.MOV.U32 R14, RZ, RZ, RZ ",,2,1,12800,409600,,,,,,,0,0,0,0,0,0,1,0,0,0,0,1,0,0,0,0,0,0,0,0,0,0,0,1,0,0,0,0,0,0,0,0,0,0
551,00000013 2faad360,"     FSETP.GT.FTZ.AND P1, PT, R12, -20, PT ",,4,1,12800,409600,,,,,,,0,0,0,0,0,0,1,0,0,0,0,1,1,0,0,0,1,0,0,0,0,0,0,1,0,0,0,0,0,0,0,0,0,0
552,00000013 2faad370,"     FSETP.GEU.FTZ.AND P0, PT, R12, 20, PT ",,0,0,12800,409600,,,,,,,,,,,,,,,,,,,,,,,,,,,,,,,,,,,,,,,,
553,00000013 2faad380,"     PLOP3.LUT P0, PT, P1, P0, PT, 0x8a, 0x0 ",,2,1,12800,409600,,,,,,,0,0,0,0,0,0,0,0,0,0,2,0,0,0,0,0,0,0,0,0,0,0,0,0,0,0,0,1,0,0,0,0,0,0
554,00000013 2faad390,"@!P0 FMUL.FTZ R12, R12, 1.4426950216293334961 ",,1,1,12800,409600,,,,,,,0,0,0,0,0,0,0,0,0,0,0,0,0,0,0,0,1,0,0,0,0,0,0,0,0,0,0,0,0,0,0,0,0,1
555,00000013 2faad3a0,"@!P0 MUFU.EX2 R14, R12 ",,3,2,12800,409600,,,,,,,0,0,0,0,0,0,0,0,0,0,0,0,1,0,0,0,2,0,0,0,0,0,0,0,0,0,0,0,0,0,0,0,0,2
556,00000013 2faad3b0,     BSYNC B2 ,,5,1,25600,819200,,,,,,,0,0,0,0,0,0,0,0,0,0,5,0,0,0,0,0,0,0,0,0,0,0,0,0,0,0,0,1,0,0,0,0,0,0
557,00000013 2faad3c0,"     BMOV.32.CLEAR RZ, B4 ",,8,3,25600,819200,,,,,,,0,0,0,0,0,0,0,0,0,0,5,0,1,0,0,0,2,0,0,0,0,0,0,0,0,0,0,2,0,0,0,0,0,1
558,00000013 2faad3d0,"     BSSY B4, 0x132faada00 ",,0,0,25600,819200,,,,,,,,,,,,,,,,,,,,,,,,,,,,,,,,,,,,,,,,
559,00000013 2faad3e0,"     IMAD.MOV.U32 R12, RZ, RZ, RZ ",,0,0,25600,819200,,,,,,,,,,,,,,,,,,,,,,,,,,,,,,,,,,,,,,,,
560,00000013 2faad3f0,@!P2 BRA 0x132faad9f0 ,,0,0,25600,0,,,,,,,,,,,,,,,,,,,,,,,,,,,,,,,,,,,,,,,,
561,00000013 2faad400,"     ISETP.GT.AND P0, PT, R15, R48, PT ",,15,7,25600,819200,,,,,,,0,0,0,0,0,0,0,0,0,0,7,0,1,0,0,0,7,0,0,0,0,0,0,0,0,0,0,4,0,0,0,0,0,3
562,00000013 2faad410,"     BMOV.32.CLEAR RZ, B3 ",,2,0,25600,819200,,,,,,,0,0,0,0,0,0,0,0,0,0,0,0,2,0,0,0,0,0,0,0,0,0,0,0,0,0,0,0,0,0,0,0,0,0
563,00000013 2faad420,"     BSSY B3, 0x132faad8b0 ",,0,0,25600,819200,,,,,,,,,,,,,,,,,,,,,,,,,,,,,,,,,,,,,,,,
564,00000013 2faad430,"     IMAD.MOV.U32 R12, RZ, RZ, RZ ",,2,0,25600,819200,,,,,,,0,0,0,0,0,0,0,0,0,0,0,0,2,0,0,0,0,0,0,0,0,0,0,0,0,0,0,0,0,0,0,0,0,0
565,00000013 2faad440,"     IMAD.MOV.U32 R16, RZ, RZ, R48 ",,3,0,25600,819200,,,,,,,0,0,0,0,0,0,0,0,0,0,0,0,2,0,0,0,1,0,0,0,0,0,0,0,0,0,0,0,0,0,0,0,0,0
566,00000013 2faad450,@!P0 BRA 0x132faad8a0 ,,9,3,25600,409600,,,,,,,0,0,0,0,0,0,0,0,0,0,0,1,2,0,0,0,6,0,0,0,0,0,0,0,0,0,0,0,0,0,0,0,0,3
567,00000013 2faad460,"     BMOV.32.CLEAR RZ, B2 ",,3,1,12800,409600,,,,,,,0,0,0,0,0,0,0,0,0,0,0,0,0,0,0,0,3,0,0,0,0,0,0,0,0,0,0,0,0,0,0,0,0,1
568,00000013 2faad470,"     BSSY B2, 0x132faad870 ",,0,0,12800,409600,,,,,,,,,,,,,,,,,,,,,,,,,,,,,,,,,,,,,,,,
569,00000013 2faad480,"@!PT SHFL.IDX PT, RZ, RZ, RZ, RZ ",,1,0,12800,0,,,,,,,0,0,0,0,0,0,0,0,0,0,1,0,0,0,0,0,0,0,0,0,0,0,0,0,0,0,0,0,0,0,0,0,0,0
570,00000013 2faad490,"     IMAD.IADD R20, R16, 0x1, R49 ",,1,0,12800,409600,,,,,,,0,0,0,0,0,0,0,0,0,0,0,0,1,0,0,0,0,0,0,0,0,0,0,0,0,0,0,0,0,0,0,0,0,0
571,00000013 2faad4a0,"     BMOV.32.CLEAR RZ, B5 ",,0,0,12800,409600,,,,,,,,,,,,,,,,,,,,,,,,,,,,,,,,,,,,,,,,
572,00000013 2faad4b0,"     BSSY B5, 0x132faad5f0 ",,0,0,12800,409600,,,,,,,,,,,,,,,,,,,,,,,,,,,,,,,,,,,,,,,,
573,00000013 2faad4c0,"     ISETP.GE.AND P0, PT, R20, c[0x0][0x18c], PT ",,2,0,12800,409600,,,,,,,0,0,0,0,0,0,0,0,0,0,0,0,1,0,0,0,1,0,0,0,0,0,0,0,0,0,0,0,0,0,0,0,0,0
574,00000013 2faad4d0,"     IADD3 R17, R20, 0x20, RZ ",,1,0,12800,409600,,,,,,,0,0,0,0,0,0,0,0,0,0,0,0,1,0,0,0,0,0,0,0,0,0,0,0,0,0,0,0,0,0,0,0,0,0
575,00000013 2faad4e0,"     IADD3 R18, R20, 0x40, RZ ",,0,0,12800,409600,,,,,,,,,,,,,,,,,,,,,,,,,,,,,,,,,,,,,,,,
576,00000013 2faad4f0,"     ISETP.GE.AND P4, PT, R17, c[0x0][0x18c], PT ",,2,0,12800,409600,,,,,,,0,0,0,0,0,0,0,0,0,0,0,1,0,0,0,0,1,0,0,0,0,0,0,0,0,0,0,0,0,0,0,0,0,0
577,00000013 2faad500,"     IMAD R17, R13, c[0x0][0x198], R16 ",,3,2,12800,409600,,,,,,,0,0,0,0,0,0,0,0,0,0,3,0,0,0,0,0,0,0,0,0,0,0,0,0,0,0,0,2,0,0,0,0,0,0
578,00000013 2faad510,"     IADD3 R19, R20, 0x60, RZ ",,0,0,12800,409600,,,,,,,,,,,,,,,,,,,,,,,,,,,,,,,,,,,,,,,,
579,00000013 2faad520,"     ISETP.GE.AND P3, PT, R18, c[0x0][0x18c], PT ",,1,0,12800,409600,,,,,,,0,0,0,0,0,0,0,0,0,0,0,0,1,0,0,0,0,0,0,0,0,0,0,0,0,0,0,0,0,0,0,0,0,0
580,00000013 2faad530,"     IMAD R18, R17, 0x4, R36 ",,1,0,12800,409600,,,,,,,0,0,0,0,0,0,0,0,0,0,0,0,1,0,0,0,0,0,0,0,0,0,0,0,0,0,0,0,0,0,0,0,0,0
581,00000013 2faad540,"     ISETP.GE.AND P1, PT, R19, c[0x0][0x18c], PT ",,0,0,12800,409600,,,,,,,,,,,,,,,,,,,,,,,,,,,,,,,,,,,,,,,,
582,00000013 2faad550,@P0  BRA 0x132faad5e0 ,,1,0,12800,0,,,,,,,0,0,0,0,0,0,0,0,0,0,0,0,1,0,0,0,0,0,0,0,0,0,0,0,0,0,0,0,0,0,0,0,0,0
583,00000013 2faad560,"     LDS.U R17, [R18+0x300] ",,6,2,12800,409600,Shared,Load,32,,12800,,0,0,0,0,0,0,0,0,0,0,0,0,1,0,0,0,5,0,0,0,0,0,0,0,0,0,0,0,0,0,0,0,0,2
584,00000013 2faad570,"     FADD.FTZ R17, -R24, R17 ",,7,3,12800,409600,,,,,,,0,0,0,0,0,0,0,0,0,0,0,0,0,6,0,0,1,0,0,0,0,0,0,0,0,0,0,0,0,0,3,0,0,0
585,00000013 2faad580,"     FSETP.GT.FTZ.AND P2, PT, R17, -12, PT ",,3,0,12800,409600,,,,,,,0,0,0,0,0,0,0,0,0,0,1,0,0,0,0,0,2,0,0,0,0,0,0,0,0,0,0,0,0,0,0,0,0,0
586,00000013 2faad590,"     FSETP.GEU.FTZ.AND P0, PT, R17, 20, PT ",,1,0,12800,409600,,,,,,,0,0,0,0,0,0,0,0,0,0,0,0,0,0,0,0,1,0,0,0,0,0,0,0,0,0,0,0,0,0,0,0,0,0
587,00000013 2faad5a0,"     PLOP3.LUT P0, PT, P2, P0, PT, 0x8a, 0x0 ",,5,1,12800,409600,,,,,,,0,0,0,0,0,0,1,0,0,0,0,4,0,0,0,0,0,0,0,0,0,0,0,1,0,0,0,0,0,0,0,0,0,0
588,00000013 2faad5b0,"@!P0 FMUL.FTZ R17, R17, 1.4426950216293334961 ",,6,1,12800,409600,,,,,,,0,0,0,0,0,0,0,0,0,0,0,0,0,0,0,0,6,0,0,0,0,0,0,0,0,0,0,0,0,0,0,0,0,1
589,00000013 2faad5c0,"@!P0 MUFU.EX2 R17, R17 ",,3,0,12800,409600,,,,,,,0,0,0,0,0,0,0,0,0,0,0,1,1,0,0,0,1,0,0,0,0,0,0,0,0,0,0,0,0,0,0,0,0,0
590,00000013 2faad5d0,"@!P0 FADD.FTZ R12, R12, R17 ",,3,2,12800,409600,,,,,,,0,0,0,0,0,0,0,0,0,0,0,0,1,2,0,0,0,0,0,0,0,0,0,0,0,0,0,0,0,0,2,0,0,0
591,00000013 2faad5e0,     BSYNC B5 ,,1,0,12800,409600,,,,,,,0,0,0,0,0,0,0,0,0,0,0,0,0,0,0,0,1,0,0,0,0,0,0,0,0,0,0,0,0,0,0,0,0,0
592,00000013 2faad5f0,"     BMOV.32.CLEAR RZ, B5 ",,4,1,12800,409600,,,,,,,0,0,0,0,0,0,0,0,0,0,1,0,1,0,0,0,2,0,0,0,0,0,0,0,0,0,0,1,0,0,0,0,0,0
593,00000013 2faad600,"     BSSY B5, 0x132faad6b0 ",,3,2,12800,409600,,,,,,,0,0,0,0,0,0,0,0,0,0,3,0,0,0,0,0,0,0,0,0,0,0,0,0,0,0,0,2,0,0,0,0,0,0
594,00000013 2faad610,@P4  BRA 0x132faad6a0 ,,0,0,12800,0,,,,,,,,,,,,,,,,,,,,,,,,,,,,,,,,,,,,,,,,
595,00000013 2faad620,"     LDS.U R17, [R18+0x380] ",,3,0,12800,409600,Shared,Load,32,,12800,,0,0,0,0,0,0,0,0,0,0,0,1,0,0,0,0,2,0,0,0,0,0,0,0,0,0,0,0,0,0,0,0,0,0
596,00000013 2faad630,"     FADD.FTZ R17, -R24, R17 ",,12,4,12800,409600,,,,,,,0,0,0,0,0,0,0,0,0,0,0,0,0,11,0,0,1,0,0,0,0,0,0,0,0,0,0,0,0,0,4,0,0,0
597,00000013 2faad640,"     FSETP.GT.FTZ.AND P2, PT, R17, -12, PT ",,1,0,12800,409600,,,,,,,0,0,0,0,0,0,0,0,0,0,0,0,0,0,0,0,1,0,0,0,0,0,0,0,0,0,0,0,0,0,0,0,0,0
598,00000013 2faad650,"     FSETP.GEU.FTZ.AND P0, PT, R17, 20, PT ",,1,0,12800,409600,,,,,,,0,0,0,0,0,0,0,0,0,0,0,1,0,0,0,0,0,0,0,0,0,0,0,0,0,0,0,0,0,0,0,0,0,0
599,00000013 2faad660,"     PLOP3.LUT P0, PT, P2, P0, PT, 0x8a, 0x0 ",,1,1,12800,409600,,,,,,,0,0,0,0,0,0,1,0,0,0,0,0,0,0,0,0,0,0,0,0,0,0,0,1,0,0,0,0,0,0,0,0,0,0
600,00000013 2faad670,"@!P0 FMUL.FTZ R17, R17, 1.4426950216293334961 ",,6,1,12800,409600,,,,,,,0,0,0,0,0,0,1,0,0,0,0,0,1,0,0,0,4,0,0,0,0,0,0,0,0,0,0,0,0,0,0,0,0,1
601,00000013 2faad680,"@!P0 MUFU.EX2 R17, R17 ",,4,0,12800,409600,,,,,,,0,0,0,0,0,0,0,0,0,0,1,0,1,0,0,0,2,0,0,0,0,0,0,0,0,0,0,0,0,0,0,0,0,0
602,00000013 2faad690,"@!P0 FADD.FTZ R12, R12, R17 ",,2,1,12800,409600,,,,,,,0,0,0,0,0,0,0,0,0,0,0,1,0,1,0,0,0,0,0,0,0,0,0,0,0,0,0,0,0,0,1,0,0,0
603,00000013 2faad6a0,     BSYNC B5 ,,3,1,12800,409600,,,,,,,0,0,0,0,0,0,0,0,0,0,0,0,0,0,0,0,3,0,0,0,0,0,0,0,0,0,0,0,0,0,0,0,0,1
604,00000013 2faad6b0,"     BMOV.32.CLEAR RZ, B5 ",,5,2,12800,409600,,,,,,,0,0,0,0,0,0,0,0,0,0,3,0,1,0,0,0,1,0,0,0,0,0,0,0,0,0,0,1,0,0,0,0,0,1
605,00000013 2faad6c0,"     BSSY B5, 0x132faad770 ",,1,0,12800,409600,,,,,,,0,0,0,0,0,0,0,0,0,0,0,0,1,0,0,0,0,0,0,0,0,0,0,0,0,0,0,0,0,0,0,0,0,0
606,00000013 2faad6d0,@P3  BRA 0x132faad760 ,,0,0,12800,0,,,,,,,,,,,,,,,,,,,,,,,,,,,,,,,,,,,,,,,,
607,00000013 2faad6e0,"     LDS.U R17, [R18+0x400] ",,4,1,12800,409600,Shared,Load,32,,12800,,0,0,0,0,0,0,0,0,1,0,0,0,1,0,0,0,2,0,0,0,0,0,0,0,0,1,0,0,0,0,0,0,0,0
608,00000013 2faad6f0,"     FADD.FTZ R17, -R24, R17 ",,6,3,12800,409600,,,,,,,0,0,0,0,0,0,0,0,0,0,0,0,0,6,0,0,0,0,0,0,0,0,0,0,0,0,0,0,0,0,3,0,0,0
609,00000013 2faad700,"     FSETP.GT.FTZ.AND P2, PT, R17, -12, PT ",,4,1,12800,409600,,,,,,,0,0,0,0,0,0,0,0,0,0,0,3,0,0,0,0,1,0,0,0,0,0,0,0,0,0,0,0,0,0,0,0,0,1
610,00000013 2faad710,"     FSETP.GEU.FTZ.AND P0, PT, R17, 20, PT ",,0,0,12800,409600,,,,,,,,,,,,,,,,,,,,,,,,,,,,,,,,,,,,,,,,
611,00000013 2faad720,"     PLOP3.LUT P0, PT, P2, P0, PT, 0x8a, 0x0 ",,2,0,12800,409600,,,,,,,0,0,0,0,0,0,0,0,0,0,0,0,0,0,0,0,2,0,0,0,0,0,0,0,0,0,0,0,0,0,0,0,0,0
612,00000013 2faad730,"@!P0 FMUL.FTZ R17, R17, 1.4426950216293334961 ",,6,2,12800,409600,,,,,,,0,0,0,0,0,0,0,0,0,0,0,0,1,0,0,0,5,0,0,0,0,0,0,0,0,0,0,0,0,0,0,0,0,2
613,00000013 2faad740,"@!P0 MUFU.EX2 R17, R17 ",,1,1,12800,409600,,,,,,,0,0,0,0,0,0,0,0,0,0,0,0,0,0,0,0,1,0,0,0,0,0,0,0,0,0,0,0,0,0,0,0,0,1
614,00000013 2faad750,"@!P0 FADD.FTZ R12, R12, R17 ",,11,5,12800,409600,,,,,,,0,0,0,0,0,0,0,0,0,0,0,0,1,9,0,0,1,0,0,0,0,0,0,0,0,0,0,0,0,0,5,0,0,0
615,00000013 2faad760,     BSYNC B5 ,,3,0,12800,409600,,,,,,,0,0,0,0,0,0,0,0,0,0,0,1,0,0,0,0,2,0,0,0,0,0,0,0,0,0,0,0,0,0,0,0,0,0
616,00000013 2faad770,"     BMOV.32.CLEAR RZ, B5 ",,3,1,12800,409600,,,,,,,0,0,0,0,0,0,0,0,0,0,2,1,0,0,0,0,0,0,0,0,0,0,0,0,0,0,0,1,0,0,0,0,0,0
617,00000013 2faad780,"     BSSY B5, 0x132faad830 ",,1,0,12800,409600,,,,,,,0,0,0,0,0,0,0,0,0,0,0,0,1,0,0,0,0,0,0,0,0,0,0,0,0,0,0,0,0,0,0,0,0,0
618,00000013 2faad790,@P1  BRA 0x132faad820 ,,0,0,12800,0,,,,,,,,,,,,,,,,,,,,,,,,,,,,,,,,,,,,,,,,
619,00000013 2faad7a0,"     LDS.U R17, [R18+0x480] ",,4,2,12800,409600,Shared,Load,32,,12800,,0,0,0,0,0,0,0,0,0,0,0,0,0,0,0,0,4,0,0,0,0,0,0,0,0,0,0,0,0,0,0,0,0,2
620,00000013 2faad7b0,"     FADD.FTZ R17, -R24, R17 ",,8,6,12800,409600,,,,,,,0,0,0,0,0,0,0,0,0,0,0,0,1,7,0,0,0,0,0,0,0,0,0,0,0,0,0,0,0,0,6,0,0,0
621,00000013 2faad7c0,"     FSETP.GT.FTZ.AND P1, PT, R17, -12, PT ",,5,1,12800,409600,,,,,,,0,0,0,0,0,0,1,0,0,0,0,2,1,0,0,0,1,0,0,0,0,0,0,0,0,0,0,0,0,0,0,0,0,1
622,00000013 2faad7d0,"     FSETP.GEU.FTZ.AND P0, PT, R17, 20, PT ",,2,0,12800,409600,,,,,,,0,0,0,0,0,0,0,0,0,0,0,0,2,0,0,0,0,0,0,0,0,0,0,0,0,0,0,0,0,0,0,0,0,0
623,00000013 2faad7e0,"     PLOP3.LUT P0, PT, P1, P0, PT, 0x8a, 0x0 ",,2,0,12800,409600,,,,,,,0,0,0,0,0,0,0,0,0,0,0,0,2,0,0,0,0,0,0,0,0,0,0,0,0,0,0,0,0,0,0,0,0,0
624,00000013 2faad7f0,"@!P0 FMUL.FTZ R17, R17, 1.4426950216293334961 ",,3,1,12800,409600,,,,,,,0,0,0,0,0,0,2,0,0,0,0,0,0,0,0,0,1,0,0,0,0,0,0,0,0,0,0,0,0,0,0,0,0,1
625,00000013 2faad800,"@!P0 MUFU.EX2 R17, R17 ",,3,1,12800,409600,,,,,,,0,0,0,0,0,0,0,0,0,0,1,0,0,0,0,0,2,0,0,0,0,0,0,0,0,0,0,1,0,0,0,0,0,0
626,00000013 2faad810,"@!P0 FADD.FTZ R12, R12, R17 ",,5,2,12800,409600,,,,,,,0,0,0,0,0,0,0,0,0,0,0,0,1,4,0,0,0,0,0,0,0,0,0,0,0,0,0,0,0,0,2,0,0,0
627,00000013 2faad820,     BSYNC B5 ,,2,0,12800,409600,,,,,,,0,0,0,0,0,0,0,0,0,0,0,0,0,0,0,0,2,0,0,0,0,0,0,0,0,0,0,0,0,0,0,0,0,0
628,00000013 2faad830,"     IADD3 R16, R16, 0x80, RZ ",,3,2,12800,409600,,,,,,,0,0,0,0,0,0,0,0,0,0,2,0,0,0,0,0,1,0,0,0,0,0,0,0,0,0,0,1,0,0,0,0,0,1
629,00000013 2faad840,"     ISETP.GE.AND P0, PT, R16, R15, PT ",,1,0,12800,409600,,,,,,,0,0,0,0,0,0,0,0,0,0,0,0,0,0,0,0,1,0,0,0,0,0,0,0,0,0,0,0,0,0,0,0,0,0
630,00000013 2faad850,@!P0 BRA 0x132faad480 ,,4,1,12800,0,,,,,,,0,0,0,0,0,0,0,0,0,0,0,0,0,0,0,0,4,0,0,0,0,0,0,0,0,0,0,0,0,0,0,0,0,1
631,00000013 2faad860,     BSYNC B2 ,,2,1,12800,409600,,,,,,,0,0,0,0,0,0,0,0,0,0,0,0,0,0,0,0,2,0,0,0,0,0,0,0,0,0,0,0,0,0,0,0,0,1
632,00000013 2faad870,"     ISETP.GE.AND P0, PT, R16, R51, PT ",,3,2,12800,409600,,,,,,,0,0,0,0,0,0,0,0,0,0,1,0,0,0,0,0,2,0,0,0,0,0,0,0,0,0,0,0,0,0,0,0,0,2
633,00000013 2faad880,@P0  BREAK B3 ,,6,2,12800,409600,,,,,,,0,0,0,0,0,0,0,0,0,0,0,0,0,0,0,0,6,0,0,0,0,0,0,0,0,0,0,0,0,0,0,0,0,2
634,00000013 2faad890,@P0  BRA 0x132faad9f0 ,,4,2,12800,409600,,,,,,,0,0,0,0,0,0,0,0,0,0,3,0,1,0,0,0,0,0,0,0,0,0,0,0,0,0,0,2,0,0,0,0,0,0
635,00000013 2faad8a0,     BSYNC B3 ,,29,15,12800,409600,,,,,,,0,0,0,0,0,0,0,0,0,0,24,0,2,0,0,0,3,0,0,0,0,0,0,0,0,0,0,14,0,0,0,0,0,1
636,00000013 2faad8b0,"@!PT SHFL.IDX PT, RZ, RZ, RZ, RZ ",,2,0,12800,0,,,,,,,0,0,0,0,0,0,0,0,0,0,2,0,0,0,0,0,0,0,0,0,0,0,0,0,0,0,0,0,0,0,0,0,0,0
637,00000013 2faad8c0,"     IMAD.IADD R17, R16, 0x1, R49 ",,2,0,12800,409600,,,,,,,0,0,0,0,0,0,0,0,0,0,0,0,2,0,0,0,0,0,0,0,0,0,0,0,0,0,0,0,0,0,0,0,0,0
638,00000013 2faad8d0,"     BMOV.32.CLEAR RZ, B2 ",,0,0,12800,409600,,,,,,,,,,,,,,,,,,,,,,,,,,,,,,,,,,,,,,,,
639,00000013 2faad8e0,"     BSSY B2, 0x132faad9c0 ",,0,0,12800,409600,,,,,,,,,,,,,,,,,,,,,,,,,,,,,,,,,,,,,,,,
640,00000013 2faad8f0,"     ISETP.GE.AND P0, PT, R17, c[0x0][0x18c], PT ",,3,0,12800,409600,,,,,,,0,0,0,0,0,0,0,0,0,0,0,1,2,0,0,0,0,0,0,0,0,0,0,0,0,0,0,0,0,0,0,0,0,0
641,00000013 2faad900,@P0  BRA 0x132faad9b0 ,,14,3,12800,0,,,,,,,0,0,0,0,0,0,0,0,0,0,3,0,0,0,0,0,11,0,0,0,0,0,0,0,0,0,0,1,0,0,0,0,0,2
642,00000013 2faad910,"     IMAD R17, R13, c[0x0][0x198], R16 ",,0,0,12800,409600,,,,,,,,,,,,,,,,,,,,,,,,,,,,,,,,,,,,,,,,
643,00000013 2faad920,"     IMAD R17, R17, 0x4, R36 ",,3,0,12800,409600,,,,,,,0,0,0,0,0,0,0,0,0,0,0,1,1,0,0,0,1,0,0,0,0,0,0,0,0,0,0,0,0,0,0,0,0,0
644,00000013 2faad930,"     LDS.U R17, [R17+0x300] ",,3,0,12800,409600,Shared,Load,32,,12800,,0,0,0,0,0,0,0,0,0,0,0,1,0,0,0,0,2,0,0,0,0,0,0,0,0,0,0,0,0,0,0,0,0,0
645,00000013 2faad940,"     FADD.FTZ R18, -R24, R17 ",,7,3,12800,409600,,,,,,,0,0,0,0,0,0,0,0,0,0,0,0,0,7,0,0,0,0,0,0,0,0,0,0,0,0,0,0,0,0,3,0,0,0
646,00000013 2faad950,"     FSETP.GT.FTZ.AND P1, PT, R18, -12, PT ",,2,0,12800,409600,,,,,,,0,0,0,0,0,0,2,0,0,0,0,0,0,0,0,0,0,0,0,0,0,0,0,0,0,0,0,0,0,0,0,0,0,0
647,00000013 2faad960,"     FSETP.GEU.FTZ.AND P0, PT, R18, 20, PT ",,1,0,12800,409600,,,,,,,0,0,0,0,0,0,0,0,0,0,0,0,1,0,0,0,0,0,0,0,0,0,0,0,0,0,0,0,0,0,0,0,0,0
648,00000013 2faad970,"     PLOP3.LUT P0, PT, P1, P0, PT, 0x8a, 0x0 ",,3,0,12800,409600,,,,,,,0,0,0,0,0,0,0,0,0,0,0,1,0,0,0,0,2,0,0,0,0,0,0,0,0,0,0,0,0,0,0,0,0,0
649,00000013 2faad980,"@!P0 FMUL.FTZ R18, R18, 1.4426950216293334961 ",,13,4,12800,409600,,,,,,,0,0,0,0,0,0,0,0,0,0,0,1,0,0,0,0,12,0,0,0,0,0,0,0,0,0,0,0,0,0,0,0,0,4
650,00000013 2faad990,"@!P0 MUFU.EX2 R19, R18 ",,3,0,12800,409600,,,,,,,0,0,0,0,0,0,0,0,0,0,0,1,1,0,0,0,1,0,0,0,0,0,0,0,0,0,0,0,0,0,0,0,0,0
651,00000013 2faad9a0,"@!P0 FADD.FTZ R12, R12, R19 ",,7,4,12800,409600,,,,,,,0,0,0,0,0,0,0,0,0,0,0,0,1,6,0,0,0,0,0,0,0,0,0,0,0,0,0,0,0,0,4,0,0,0
652,00000013 2faad9b0,     BSYNC B2 ,,5,3,12800,409600,,,,,,,0,0,0,0,0,0,0,0,0,0,0,0,1,0,0,0,4,0,0,0,0,0,0,0,0,0,0,0,0,0,0,0,0,3
653,00000013 2faad9c0,"     IADD3 R16, R16, 0x20, RZ ",,2,0,12800,409600,,,,,,,0,0,0,0,0,0,0,0,0,0,1,0,1,0,0,0,0,0,0,0,0,0,0,0,0,0,0,0,0,0,0,0,0,0
654,00000013 2faad9d0,"     ISETP.GE.AND P0, PT, R16, R51, PT ",,2,0,12800,409600,,,,,,,0,0,0,0,0,0,0,0,0,0,0,1,0,0,0,0,1,0,0,0,0,0,0,0,0,0,0,0,0,0,0,0,0,0
655,00000013 2faad9e0,@!P0 BRA 0x132faad8b0 ,,4,1,12800,0,,,,,,,0,0,0,0,0,0,0,0,0,0,0,2,1,0,0,0,1,0,0,0,0,0,0,0,0,0,0,0,0,0,0,0,0,1
656,00000013 2faad9f0,     BSYNC B4 ,,4,1,25600,819200,,,,,,,0,0,0,0,0,0,0,0,0,0,3,0,0,0,0,0,1,0,0,0,0,0,0,0,0,0,0,0,0,0,0,0,0,1
657,00000013 2faada00,     BRA.DIV 0x132fab6fa0 ,,12,8,25600,819200,,,,,,,0,0,0,0,0,0,0,0,0,0,10,0,0,0,0,0,2,0,0,0,0,0,0,0,0,0,0,8,0,0,0,0,0,0
658,00000013 2faada10,"     SHFL.BFLY PT, R17, R12, 0x10, 0x1f ",,1,0,25600,819200,,,,,,,0,0,0,0,0,0,0,0,0,0,1,0,0,0,0,0,0,0,0,0,0,0,0,0,0,0,0,0,0,0,0,0,0,0
659,00000013 2faada20,"     FADD.FTZ R17, R17, R12 ",,11,5,25600,819200,,,,,,,0,0,0,0,0,0,0,0,0,0,0,0,0,9,0,0,2,0,0,0,0,0,0,0,0,0,0,0,0,0,5,0,0,0
660,00000013 2faada30,"     SHFL.BFLY PT, R16, R17, 0x8, 0x1f ",,7,1,25600,819200,,,,,,,0,0,0,0,0,0,0,0,0,0,0,0,1,0,0,0,6,0,0,0,0,0,0,0,0,0,0,0,0,0,0,0,0,1
661,00000013 2faada40,"     FADD.FTZ R16, R17, R16 ",,13,7,25600,819200,,,,,,,0,0,0,0,0,0,0,0,0,0,0,0,1,9,0,0,3,0,0,0,0,0,0,0,0,0,0,0,0,0,5,0,0,2
662,00000013 2faada50,"     SHFL.BFLY PT, R19, R16, 0x4, 0x1f ",,5,3,25600,819200,,,,,,,0,0,0,0,0,0,0,0,0,0,0,0,1,0,0,0,4,0,0,0,0,0,0,0,0,0,0,0,0,0,0,0,0,3
663,00000013 2faada60,"     FADD.FTZ R19, R16, R19 ",,6,5,25600,819200,,,,,,,0,0,0,0,0,0,0,0,0,0,0,0,0,6,0,0,0,0,0,0,0,0,0,0,0,0,0,0,0,0,5,0,0,0
664,00000013 2faada70,"     SHFL.BFLY PT, R18, R19, 0x2, 0x1f ",,7,1,25600,819200,,,,,,,0,0,0,0,0,0,0,0,0,0,0,1,2,0,0,0,4,0,0,0,0,0,0,0,0,0,0,0,0,0,0,0,0,1
665,00000013 2faada80,"     FADD.FTZ R18, R19, R18 ",,14,5,25600,819200,,,,,,,0,0,0,0,0,0,1,0,0,0,2,0,1,10,0,0,0,0,0,0,0,0,0,0,0,0,0,2,0,0,3,0,0,0
666,00000013 2faada90,"     SHFL.BFLY PT, R21, R18, 0x1, 0x1f ",,7,5,25600,819200,,,,,,,0,0,0,0,0,0,0,0,0,0,0,0,0,0,0,0,7,0,0,0,0,0,0,0,0,0,0,0,0,0,0,0,0,5
667,00000013 2faadaa0,"     ISETP.NE.AND P0, PT, R48, RZ, PT ",,0,0,25600,819200,,,,,,,,,,,,,,,,,,,,,,,,,,,,,,,,,,,,,,,,
668,00000013 2faadab0,"     FADD.FTZ R21, R21, R18 ",,17,8,25600,819200,,,,,,,0,0,0,0,0,0,0,0,0,0,0,0,0,17,0,0,0,0,0,0,0,0,0,0,0,0,0,0,0,0,8,0,0,0
669,00000013 2faadac0,"@!P0 IMAD.IADD R17, R37, 0x1, R13 ",,4,1,25600,25600,,,,,,,0,0,0,0,0,0,1,0,0,0,0,0,0,0,0,0,3,0,0,0,0,0,0,0,0,0,0,0,0,0,0,0,0,1
670,00000013 2faadad0,"@!P0 FFMA.FTZ R14, R25, R14, R21 ",,1,0,25600,25600,,,,,,,0,0,0,0,0,0,0,0,0,0,0,0,1,0,0,0,0,0,0,0,0,0,0,0,0,0,0,0,0,0,0,0,0,0
671,00000013 2faadae0,"@!P0 IMAD R17, R17, 0x4, R36 ",,0,0,25600,25600,,,,,,,,,,,,,,,,,,,,,,,,,,,,,,,,,,,,,,,,
672,00000013 2faadaf0,"@!P0 STS [R17+0x300], R24 ",,6,3,25600,25600,Shared,Store,32,,25600,,0,0,0,0,0,0,0,0,0,0,0,1,1,0,0,0,4,0,0,0,0,0,0,0,0,0,0,0,0,0,0,0,0,3
673,00000013 2faadb00,"@!P0 STS [R17+0x340], R14 ",,4,1,25600,25600,Shared,Store,32,,25600,,0,0,0,0,0,0,0,0,0,0,1,0,0,0,0,0,3,0,0,0,0,0,0,0,0,0,0,1,0,0,0,0,0,0
674,00000013 2faadb10,     BSYNC B1 ,,2,0,25600,819200,,,,,,,0,0,0,0,0,0,0,0,0,0,0,2,0,0,0,0,0,0,0,0,0,0,0,0,0,0,0,0,0,0,0,0,0,0
675,00000013 2faadb20,"     IMAD.IADD R18, R44, 0x1, R13 ",,9,5,25600,819200,,,,,,,0,0,0,0,0,0,0,0,0,0,6,0,0,0,0,0,3,0,0,0,0,0,0,0,0,0,0,3,0,0,0,0,0,2
676,00000013 2faadb30,"     ISETP.GT.AND P0, PT, R18, 0xf, PT ",,6,4,25600,819200,,,,,,,0,0,0,0,0,0,2,0,0,0,0,0,0,0,0,0,4,0,0,0,0,0,0,2,0,0,0,0,0,0,0,0,0,2
677,00000013 2faadb40,@P0  BRA 0x132fab0220 ,,5,3,25600,0,,,,,,,0,0,0,0,0,0,0,0,0,0,0,0,1,0,0,0,4,0,0,0,0,0,0,0,0,0,0,0,0,0,0,0,0,3
678,00000013 2faadb50,"     IMAD.IADD R12, R43, 0x1, R18 ",,5,1,25600,819200,,,,,,,0,0,0,0,0,0,0,0,0,0,0,0,1,0,0,0,4,0,0,0,0,0,0,0,0,0,0,0,0,0,0,0,0,1
679,00000013 2faadb60,"     BMOV.32.CLEAR RZ, B1 ",,0,0,25600,819200,,,,,,,,,,,,,,,,,,,,,,,,,,,,,,,,,,,,,,,,
680,00000013 2faadb70,"     BSSY B1, 0x132faae810 ",,0,0,25600,819200,,,,,,,,,,,,,,,,,,,,,,,,,,,,,,,,,,,,,,,,
681,00000013 2faadb80,"     ISETP.GE.AND P0, PT, R12, c[0x0][0x18c], PT ",,6,2,25600,819200,,,,,,,0,0,0,0,0,0,0,0,0,0,2,0,1,0,0,0,3,0,0,0,0,0,0,0,0,0,0,2,0,0,0,0,0,0
682,00000013 2faadb90,@P0  BRA 0x132faae800 ,,6,4,25600,0,,,,,,,0,0,0,0,0,0,0,0,0,0,0,0,0,0,0,0,6,0,0,0,0,0,0,0,0,0,0,0,0,0,0,0,0,4
683,00000013 2faadba0,"     IMAD.IADD R17, R37, 0x1, R18 ",,6,1,25600,819200,,,,,,,0,0,0,0,0,0,1,0,0,0,0,0,0,0,0,0,5,0,0,0,0,0,0,0,0,0,0,0,0,0,0,0,0,1
684,00000013 2faadbb0,"     ISETP.GT.AND P0, PT, R51, R48, PT ",,3,0,25600,819200,,,,,,,0,0,0,0,0,0,0,0,0,0,0,0,3,0,0,0,0,0,0,0,0,0,0,0,0,0,0,0,0,0,0,0,0,0
685,00000013 2faadbc0,"     BMOV.32.CLEAR RZ, B2 ",,0,0,25600,819200,,,,,,,,,,,,,,,,,,,,,,,,,,,,,,,,,,,,,,,,
686,00000013 2faadbd0,"     BSSY B2, 0x132faadf00 ",,1,0,25600,819200,,,,,,,0,0,0,0,0,0,0,0,0,0,0,0,1,0,0,0,0,0,0,0,0,0,0,0,0,0,0,0,0,0,0,0,0,0
687,00000013 2faadbe0,"     IMAD R17, R17, 0x4, R36 ",,1,0,25600,819200,,,,,,,0,0,0,0,0,0,0,0,0,0,0,0,1,0,0,0,0,0,0,0,0,0,0,0,0,0,0,0,0,0,0,0,0,0
688,00000013 2faadbf0,"     IMAD.MOV.U32 R14, RZ, RZ, -0x1f528714 ",,0,0,25600,819200,,,,,,,,,,,,,,,,,,,,,,,,,,,,,,,,,,,,,,,,
689,00000013 2faadc00,"     LDS.U R20, [R17+0x300] ",,6,4,25600,819200,Shared,Load,32,,25600,,0,0,0,0,0,0,0,0,0,0,4,1,0,0,0,0,1,0,0,0,0,0,0,0,0,0,0,4,0,0,0,0,0,0
690,00000013 2faadc10,"     LDS.U R12, [R17+0x340] ",,2,2,25600,819200,Shared,Load,32,,25600,,0,0,0,0,0,0,0,0,0,0,0,0,0,0,0,0,2,0,0,0,0,0,0,0,0,0,0,0,0,0,0,0,0,2
691,00000013 2faadc20,@!P0 BRA 0x132faadef0 ,,1,0,25600,0,,,,,,,0,0,0,0,0,0,0,0,0,0,0,0,1,0,0,0,0,0,0,0,0,0,0,0,0,0,0,0,0,0,0,0,0,0
692,00000013 2faadc30,"     ISETP.GT.AND P0, PT, R15, R48, PT ",,3,1,25600,819200,,,,,,,0,0,0,0,0,0,0,0,0,0,0,0,0,0,0,0,3,0,0,0,0,0,0,0,0,0,0,0,0,0,0,0,0,1
693,00000013 2faadc40,"     BMOV.32.CLEAR RZ, B3 ",,2,0,25600,819200,,,,,,,0,0,0,0,0,0,0,0,0,0,0,0,2,0,0,0,0,0,0,0,0,0,0,0,0,0,0,0,0,0,0,0,0,0
694,00000013 2faadc50,"     BSSY B3, 0x132faade50 ",,0,0,25600,819200,,,,,,,,,,,,,,,,,,,,,,,,,,,,,,,,,,,,,,,,
695,00000013 2faadc60,"     IMAD.MOV.U32 R14, RZ, RZ, -0x1f528714 ",,0,0,25600,819200,,,,,,,,,,,,,,,,,,,,,,,,,,,,,,,,,,,,,,,,
696,00000013 2faadc70,"     IMAD.MOV.U32 R16, RZ, RZ, R48 ",,0,0,25600,819200,,,,,,,,,,,,,,,,,,,,,,,,,,,,,,,,,,,,,,,,
697,00000013 2faadc80,@!P0 BRA 0x132faade40 ,,9,3,25600,409600,,,,,,,0,0,0,0,0,0,0,0,0,0,4,1,1,0,0,0,3,0,0,0,0,0,0,0,0,0,0,3,0,0,0,0,0,0
698,00000013 2faadc90,"     BMOV.32.CLEAR RZ, B4 ",,1,0,12800,409600,,,,,,,0,0,0,0,0,0,0,0,0,0,0,0,0,0,0,0,1,0,0,0,0,0,0,0,0,0,0,0,0,0,0,0,0,0
699,00000013 2faadca0,"     BSSY B4, 0x132faade10 ",,1,0,12800,409600,,,,,,,0,0,0,0,0,0,0,0,0,0,0,0,1,0,0,0,0,0,0,0,0,0,0,0,0,0,0,0,0,0,0,0,0,0
700,00000013 2faadcb0,"     IMAD.IADD R19, R16, 0x1, R49 ",,0,0,12800,409600,,,,,,,,,,,,,,,,,,,,,,,,,,,,,,,,,,,,,,,,
701,00000013 2faadcc0,"     IADD3 R21, R16, 0x20, R49 ",,0,0,12800,409600,,,,,,,,,,,,,,,,,,,,,,,,,,,,,,,,,,,,,,,,
702,00000013 2faadcd0,"     IMAD R17, R18, c[0x0][0x198], R16 ",,1,0,12800,409600,,,,,,,0,0,0,0,0,0,0,0,0,0,0,0,1,0,0,0,0,0,0,0,0,0,0,0,0,0,0,0,0,0,0,0,0,0
703,00000013 2faadce0,"     ISETP.GE.AND P0, PT, R19, c[0x0][0x18c], PT ",,2,0,12800,409600,,,,,,,0,0,0,0,0,0,1,0,0,0,0,0,0,0,0,0,1,0,0,0,0,0,0,0,0,0,0,0,0,0,0,0,0,0
704,00000013 2faadcf0,"     IMAD R22, R17, 0x4, R36 ",,1,0,12800,409600,,,,,,,0,0,0,0,0,0,0,0,0,0,0,0,1,0,0,0,0,0,0,0,0,0,0,0,0,0,0,0,0,0,0,0,0,0
705,00000013 2faadd00,"     IADD3 R17, R16, 0x60, R49 ",,4,1,12800,409600,,,,,,,0,0,0,0,0,0,0,0,0,0,4,0,0,0,0,0,0,0,0,0,0,0,0,0,0,0,0,1,0,0,0,0,0,0
706,00000013 2faadd10,"     ISETP.GE.AND P1, PT, R21, c[0x0][0x18c], PT ",,2,0,12800,409600,,,,,,,0,0,0,0,0,0,0,0,0,0,0,1,1,0,0,0,0,0,0,0,0,0,0,0,0,0,0,0,0,0,0,0,0,0
707,00000013 2faadd20,"     IADD3 R19, R16, 0x40, R49 ",,1,0,12800,409600,,,,,,,0,0,0,0,0,0,0,0,0,0,0,1,0,0,0,0,0,0,0,0,0,0,0,0,0,0,0,0,0,0,0,0,0,0
708,00000013 2faadd30,"     ISETP.GE.AND P3, PT, R17, c[0x0][0x18c], PT ",,1,0,12800,409600,,,,,,,0,0,0,0,0,0,0,0,0,0,0,0,1,0,0,0,0,0,0,0,0,0,0,0,0,0,0,0,0,0,0,0,0,0
709,00000013 2faadd40,"     ISETP.GE.AND P2, PT, R19, c[0x0][0x18c], PT ",,3,1,12800,409600,,,,,,,0,1,0,0,0,0,0,0,0,0,0,0,1,0,0,0,1,0,0,0,0,0,0,0,0,0,0,0,0,0,0,0,0,1
710,00000013 2faadd50,"@!P0 LDS.U R17, [R22+0x300] ",,1,0,12800,409600,Shared,Load,32,,12800,,0,0,0,0,0,0,0,0,0,0,0,1,0,0,0,0,0,0,0,0,0,0,0,0,0,0,0,0,0,0,0,0,0,0
711,00000013 2faadd60,"     IADD3 R16, R16, 0x80, RZ ",,0,0,12800,409600,,,,,,,,,,,,,,,,,,,,,,,,,,,,,,,,,,,,,,,,
712,00000013 2faadd70,"@!P1 LDS.U R19, [R22+0x380] ",,3,0,12800,409600,Shared,Load,32,,12800,,0,0,0,0,0,0,0,0,0,0,0,1,1,0,0,0,1,0,0,0,0,0,0,0,0,0,0,0,0,0,0,0,0,0
713,00000013 2faadd80,"@!P3 LDS.U R23, [R22+0x480] ",,6,1,12800,409600,Shared,Load,32,,12800,,0,0,0,0,0,0,0,0,0,0,4,0,0,0,0,0,2,0,0,0,0,0,0,0,0,0,0,1,0,0,0,0,0,0
714,00000013 2faadd90,"@!P2 LDS.U R21, [R22+0x400] ",,1,0,12800,409600,Shared,Load,32,,12800,,0,0,0,0,0,0,0,0,0,0,0,0,1,0,0,0,0,0,0,0,0,0,0,0,0,0,0,0,0,0,0,0,0,0
715,00000013 2faadda0,"@!P0 FMNMX.FTZ R14, R14, R17, !PT ",,3,2,12800,409600,,,,,,,0,0,0,0,0,0,1,0,0,0,0,0,0,2,0,0,0,0,0,0,0,0,0,1,0,0,0,0,0,0,1,0,0,0
716,00000013 2faaddb0,"     ISETP.GE.AND P0, PT, R16, R15, PT ",,1,0,12800,409600,,,,,,,0,0,0,0,0,0,0,0,0,0,0,0,1,0,0,0,0,0,0,0,0,0,0,0,0,0,0,0,0,0,0,0,0,0
717,00000013 2faaddc0,"@!P1 FMNMX.FTZ R14, R14, R19, !PT ",,2,1,12800,409600,,,,,,,0,0,0,0,0,0,0,0,0,0,0,0,1,0,0,0,1,0,0,0,0,0,0,0,0,0,0,0,0,0,0,0,0,1
718,00000013 2faaddd0,"@!P2 FMNMX.FTZ R14, R14, R21, !PT ",,5,1,12800,409600,,,,,,,0,0,0,0,0,0,1,0,0,0,0,1,0,2,0,0,1,0,0,0,0,0,0,0,0,0,0,0,0,0,1,0,0,0
719,00000013 2faadde0,"@!P3 FMNMX.FTZ R14, R14, R23, !PT ",,3,0,12800,409600,,,,,,,0,0,0,0,0,0,1,0,0,0,0,1,0,0,0,0,1,0,0,0,0,0,0,0,0,0,0,0,0,0,0,0,0,0
720,00000013 2faaddf0,@!P0 BRA 0x132faadcb0 ,,0,0,12800,0,,,,,,,,,,,,,,,,,,,,,,,,,,,,,,,,,,,,,,,,
721,00000013 2faade00,     BSYNC B4 ,,8,4,12800,409600,,,,,,,0,0,0,0,0,0,0,0,0,0,7,0,0,0,0,0,1,0,0,0,0,0,0,0,0,0,0,4,0,0,0,0,0,0
722,00000013 2faade10,"     ISETP.GE.AND P0, PT, R16, R51, PT ",,4,2,12800,409600,,,,,,,0,0,0,0,0,0,0,0,0,0,4,0,0,0,0,0,0,0,0,0,0,0,0,0,0,0,0,2,0,0,0,0,0,0
723,00000013 2faade20,@P0  BREAK B3 ,,7,3,12800,409600,,,,,,,0,0,0,0,0,0,0,0,0,0,0,1,0,0,0,0,6,0,0,0,0,0,0,0,0,0,0,0,0,0,0,0,0,3
724,00000013 2faade30,@P0  BRA 0x132faadef0 ,,2,1,12800,409600,,,,,,,0,0,0,0,0,0,0,0,0,0,2,0,0,0,0,0,0,0,0,0,0,0,0,0,0,0,0,1,0,0,0,0,0,0
725,00000013 2faade40,     BSYNC B3 ,,28,14,12800,409600,,,,,,,0,0,0,0,0,0,0,0,0,0,24,1,1,0,0,0,2,0,0,0,0,0,0,0,0,0,0,13,0,0,0,0,0,1
726,00000013 2faade50,"     IMAD.IADD R17, R16, 0x1, R49 ",,7,3,12800,409600,,,,,,,0,0,0,0,0,0,1,0,0,0,5,0,0,0,0,0,1,0,0,0,0,0,0,0,0,0,0,2,0,0,0,0,0,1
727,00000013 2faade60,"     ISETP.GE.AND P0, PT, R17, c[0x0][0x18c], PT ",,5,1,12800,409600,,,,,,,0,1,0,0,0,0,1,0,0,0,0,0,0,0,0,0,3,0,0,0,0,0,0,0,0,0,0,0,0,0,0,0,0,1
728,00000013 2faade70,"@!P0 IMAD.IADD R17, R44, 0x1, R13 ",,2,1,12800,409600,,,,,,,0,0,0,0,0,0,1,0,0,0,0,0,0,0,0,0,1,0,0,0,0,0,0,1,0,0,0,0,0,0,0,0,0,0
729,00000013 2faade80,"@!P0 IMAD R17, R17, c[0x0][0x198], R16 ",,7,1,12800,409600,,,,,,,0,0,0,0,0,0,1,0,0,0,5,0,0,0,0,0,1,0,0,0,0,0,0,0,0,0,0,1,0,0,0,0,0,0
730,00000013 2faade90,"     IADD3 R16, R16, 0x20, RZ ",,0,0,12800,409600,,,,,,,,,,,,,,,,,,,,,,,,,,,,,,,,,,,,,,,,
731,00000013 2faadea0,"@!P0 IMAD R17, R17, 0x4, R36 ",,0,0,12800,409600,,,,,,,,,,,,,,,,,,,,,,,,,,,,,,,,,,,,,,,,
732,00000013 2faadeb0,"     ISETP.GE.AND P1, PT, R16, R51, PT ",,0,0,12800,409600,,,,,,,,,,,,,,,,,,,,,,,,,,,,,,,,,,,,,,,,
733,00000013 2faadec0,"@!P0 LDS.U R17, [R17+0x300] ",,1,0,12800,409600,Shared,Load,32,,12800,,0,0,0,0,0,0,0,0,0,0,0,0,0,0,0,0,1,0,0,0,0,0,0,0,0,0,0,0,0,0,0,0,0,0
734,00000013 2faaded0,"@!P0 FMNMX.FTZ R14, R14, R17, !PT ",,7,4,12800,409600,,,,,,,0,0,0,0,0,0,0,0,0,0,0,0,0,6,0,0,1,0,0,0,0,0,0,0,0,0,0,0,0,0,3,0,0,1
735,00000013 2faadee0,@!P1 BRA 0x132faade50 ,,0,0,12800,0,,,,,,,,,,,,,,,,,,,,,,,,,,,,,,,,,,,,,,,,
736,00000013 2faadef0,     BSYNC B2 ,,2,1,25600,819200,,,,,,,0,0,0,0,0,0,0,0,0,0,1,0,0,0,0,0,1,0,0,0,0,0,0,0,0,0,0,0,0,0,0,0,0,1
737,00000013 2faadf00,     BRA.DIV 0x132fab7190 ,,10,6,25600,819200,,,,,,,0,0,0,0,0,0,0,0,0,0,8,0,0,0,0,0,2,0,0,0,0,0,0,0,0,0,0,5,0,0,0,0,0,1
738,00000013 2faadf10,"     SHFL.BFLY PT, R17, R14, 0x10, 0x1f ",,5,3,25600,819200,,,,,,,0,0,0,0,0,0,0,0,0,0,1,0,0,0,0,0,4,0,0,0,0,0,0,0,0,0,0,1,0,0,0,0,0,2
739,00000013 2faadf20,"     FMNMX.FTZ R17, R17, R14, !PT ",,22,9,25600,819200,,,,,,,0,0,0,0,0,0,0,0,0,0,0,1,1,19,0,0,1,0,0,0,0,0,0,0,0,0,0,0,0,0,9,0,0,0
740,00000013 2faadf30,"     SHFL.BFLY PT, R16, R17, 0x8, 0x1f ",,9,2,25600,819200,,,,,,,0,0,0,0,0,0,0,0,0,0,0,0,1,0,0,0,8,0,0,0,0,0,0,0,0,0,0,0,0,0,0,0,0,2
741,00000013 2faadf40,"     FMNMX.FTZ R16, R17, R16, !PT ",,17,8,25600,819200,,,,,,,0,0,0,0,0,0,0,0,0,0,0,1,0,16,0,0,0,0,0,0,0,0,0,0,0,0,0,0,0,0,8,0,0,0
742,00000013 2faadf50,"     SHFL.BFLY PT, R19, R16, 0x4, 0x1f ",,8,2,25600,819200,,,,,,,0,0,0,0,0,0,0,0,0,0,0,1,0,0,0,0,7,0,0,0,0,0,0,0,0,0,0,0,0,0,0,0,0,2
743,00000013 2faadf60,"     FMNMX.FTZ R19, R16, R19, !PT ",,25,11,25600,819200,,,,,,,0,0,0,0,0,0,1,0,0,0,0,0,0,23,0,0,1,0,0,0,0,0,0,0,0,0,0,0,0,0,11,0,0,0
744,00000013 2faadf70,"     SHFL.BFLY PT, R18, R19, 0x2, 0x1f ",,3,0,25600,819200,,,,,,,0,0,0,0,0,0,0,0,0,0,0,1,0,0,0,0,2,0,0,0,0,0,0,0,0,0,0,0,0,0,0,0,0,0
745,00000013 2faadf80,"     FMNMX.FTZ R18, R19, R18, !PT ",,18,8,25600,819200,,,,,,,0,0,0,0,0,0,0,0,0,0,1,0,0,16,0,0,1,0,0,0,0,0,0,0,0,0,0,0,0,0,8,0,0,0
746,00000013 2faadf90,"     SHFL.BFLY PT, R21, R18, 0x1, 0x1f ",,1,1,25600,819200,,,,,,,0,0,0,0,0,0,0,0,0,0,0,0,0,0,0,0,1,0,0,0,0,0,0,0,0,0,0,0,0,0,0,0,0,1
747,00000013 2faadfa0,"     FSETP.GT.FTZ.AND P0, PT, R12, RZ, PT ",,26,15,25600,819200,,,,,,,0,1,0,0,0,0,0,0,0,0,0,0,1,22,0,0,2,0,0,0,0,0,0,0,0,0,0,0,0,0,14,0,0,1
748,00000013 2faadfb0,"     BMOV.32.CLEAR RZ, B2 ",,1,0,25600,819200,,,,,,,0,0,0,0,0,0,0,0,0,0,0,0,1,0,0,0,0,0,0,0,0,0,0,0,0,0,0,0,0,0,0,0,0,0
749,00000013 2faadfc0,"     FMNMX.FTZ R21, R21, R18, !PT ",,0,0,25600,819200,,,,,,,,,,,,,,,,,,,,,,,,,,,,,,,,,,,,,,,,
750,00000013 2faadfd0,"     BSSY B2, 0x132faae0a0 ",,0,0,25600,819200,,,,,,,,,,,,,,,,,,,,,,,,,,,,,,,,,,,,,,,,
751,00000013 2faadfe0,"     ISETP.GT.AND P2, PT, R51, R48, PT ",,0,0,25600,819200,,,,,,,,,,,,,,,,,,,,,,,,,,,,,,,,,,,,,,,,
752,00000013 2faadff0,"     IMAD.MOV.U32 R19, RZ, RZ, RZ ",,0,0,25600,819200,,,,,,,,,,,,,,,,,,,,,,,,,,,,,,,,,,,,,,,,
753,00000013 2faae000,"     FMNMX.FTZ R24, R20, R21, !PT ",,16,4,25600,819200,,,,,,,0,0,0,0,0,0,0,0,0,0,14,0,2,0,0,0,0,0,0,0,0,0,0,0,0,0,0,4,0,0,0,0,0,0
754,00000013 2faae010,@!P0 BRA 0x132faae090 ,,6,1,25600,409600,,,,,,,0,1,0,0,0,0,0,0,0,0,0,2,0,0,0,0,3,0,0,0,0,0,0,0,0,0,0,0,0,0,0,0,0,1
755,00000013 2faae020,"     FADD.FTZ R14, R20, -R24 ",,3,0,12800,409600,,,,,,,0,0,0,0,0,0,0,0,0,0,0,0,1,0,0,0,2,0,0,0,0,0,0,0,0,0,0,0,0,0,0,0,0,0
756,00000013 2faae030,"     IMAD.MOV.U32 R19, RZ, RZ, RZ ",,0,0,12800,409600,,,,,,,,,,,,,,,,,,,,,,,,,,,,,,,,,,,,,,,,
757,00000013 2faae040,"     FSETP.GT.FTZ.AND P1, PT, R14, -20, PT ",,1,0,12800,409600,,,,,,,0,0,0,0,0,0,0,0,0,0,0,0,0,0,0,0,1,0,0,0,0,0,0,0,0,0,0,0,0,0,0,0,0,0
758,00000013 2faae050,"     FSETP.GEU.FTZ.AND P0, PT, R14, 20, PT ",,1,0,12800,409600,,,,,,,0,0,0,0,0,0,0,0,0,0,0,0,0,0,0,0,1,0,0,0,0,0,0,0,0,0,0,0,0,0,0,0,0,0
759,00000013 2faae060,"     PLOP3.LUT P0, PT, P1, P0, PT, 0x8a, 0x0 ",,3,1,12800,409600,,,,,,,0,0,0,0,0,0,0,0,0,0,0,1,1,0,0,0,1,0,0,0,0,0,0,0,0,0,0,0,0,0,0,0,0,1
760,00000013 2faae070,"@!P0 FMUL.FTZ R14, R14, 1.4426950216293334961 ",,6,4,12800,409600,,,,,,,0,0,0,0,0,0,0,0,0,0,0,0,0,0,0,0,6,0,0,0,0,0,0,0,0,0,0,0,0,0,0,0,0,4
761,00000013 2faae080,"@!P0 MUFU.EX2 R19, R14 ",,8,3,12800,409600,,,,,,,0,0,0,0,0,0,0,0,0,0,1,0,0,0,0,0,7,0,0,0,0,0,0,0,0,0,0,1,0,0,0,0,0,2
762,00000013 2faae090,     BSYNC B2 ,,3,2,25600,819200,,,,,,,0,0,0,0,0,0,0,0,0,0,3,0,0,0,0,0,0,0,0,0,0,0,0,0,0,0,0,2,0,0,0,0,0,0
763,00000013 2faae0a0,"     BMOV.32.CLEAR RZ, B4 ",,13,7,25600,819200,,,,,,,0,0,0,0,0,0,0,0,0,0,9,2,1,0,0,0,1,0,0,0,0,0,0,0,0,0,0,6,0,0,0,0,0,1
764,00000013 2faae0b0,"     BSSY B4, 0x132faae6f0 ",,0,0,25600,819200,,,,,,,,,,,,,,,,,,,,,,,,,,,,,,,,,,,,,,,,
765,00000013 2faae0c0,"     IMAD.MOV.U32 R14, RZ, RZ, RZ ",,0,0,25600,819200,,,,,,,,,,,,,,,,,,,,,,,,,,,,,,,,,,,,,,,,
766,00000013 2faae0d0,@!P2 BRA 0x132faae6e0 ,,0,0,25600,0,,,,,,,,,,,,,,,,,,,,,,,,,,,,,,,,,,,,,,,,
767,00000013 2faae0e0,"     ISETP.GT.AND P0, PT, R15, R48, PT ",,8,5,25600,819200,,,,,,,0,0,0,0,0,0,1,0,0,0,0,0,2,0,0,0,5,0,0,0,0,0,0,1,0,0,0,0,0,0,0,0,0,4
768,00000013 2faae0f0,"     BMOV.32.CLEAR RZ, B3 ",,0,0,25600,819200,,,,,,,,,,,,,,,,,,,,,,,,,,,,,,,,,,,,,,,,
769,00000013 2faae100,"     BSSY B3, 0x132faae5a0 ",,12,5,25600,819200,,,,,,,0,0,0,0,0,0,0,0,0,0,10,0,2,0,0,0,0,0,0,0,0,0,0,0,0,0,0,5,0,0,0,0,0,0
770,00000013 2faae110,"     IMAD.IADD R23, R44, 0x1, R13 ",,2,0,25600,819200,,,,,,,0,0,0,0,0,0,0,0,0,0,0,0,2,0,0,0,0,0,0,0,0,0,0,0,0,0,0,0,0,0,0,0,0,0
771,00000013 2faae120,"     IMAD.MOV.U32 R14, RZ, RZ, RZ ",,2,1,25600,819200,,,,,,,0,0,0,0,0,0,0,0,0,0,0,0,1,0,0,0,1,0,0,0,0,0,0,0,0,0,0,0,0,0,0,0,0,1
772,00000013 2faae130,"     IMAD.MOV.U32 R16, RZ, RZ, R48 ",,1,1,25600,819200,,,,,,,0,0,0,0,0,0,0,0,0,0,0,0,0,0,0,0,1,0,0,0,0,0,0,0,0,0,0,0,0,0,0,0,0,1
773,00000013 2faae140,@!P0 BRA 0x132faae590 ,,1,1,25600,409600,,,,,,,0,0,0,0,0,0,0,0,0,0,0,0,0,0,0,0,1,0,0,0,0,0,0,0,0,0,0,0,0,0,0,0,0,1
774,00000013 2faae150,"     BMOV.32.CLEAR RZ, B2 ",,4,1,12800,409600,,,,,,,0,0,0,0,0,0,0,0,0,0,0,1,1,0,0,0,2,0,0,0,0,0,0,0,0,0,0,0,0,0,0,0,0,1
775,00000013 2faae160,"     BSSY B2, 0x132faae560 ",,0,0,12800,409600,,,,,,,,,,,,,,,,,,,,,,,,,,,,,,,,,,,,,,,,
776,00000013 2faae170,"@!PT SHFL.IDX PT, RZ, RZ, RZ, RZ ",,0,0,12800,0,,,,,,,,,,,,,,,,,,,,,,,,,,,,,,,,,,,,,,,,
777,00000013 2faae180,"     IMAD.IADD R21, R16, 0x1, R49 ",,2,1,12800,409600,,,,,,,0,0,0,0,0,0,0,0,0,0,1,0,1,0,0,0,0,0,0,0,0,0,0,0,0,0,0,1,0,0,0,0,0,0
778,00000013 2faae190,"     BMOV.32.CLEAR RZ, B5 ",,0,0,12800,409600,,,,,,,,,,,,,,,,,,,,,,,,,,,,,,,,,,,,,,,,
779,00000013 2faae1a0,"     BSSY B5, 0x132faae2e0 ",,1,0,12800,409600,,,,,,,0,0,0,0,0,0,0,0,0,0,0,1,0,0,0,0,0,0,0,0,0,0,0,0,0,0,0,0,0,0,0,0,0,0
780,00000013 2faae1b0,"     ISETP.GE.AND P0, PT, R21, c[0x0][0x18c], PT ",,1,0,12800,409600,,,,,,,0,0,0,0,0,0,0,0,0,0,0,1,0,0,0,0,0,0,0,0,0,0,0,0,0,0,0,0,0,0,0,0,0,0
781,00000013 2faae1c0,"     IADD3 R17, R21, 0x20, RZ ",,0,0,12800,409600,,,,,,,,,,,,,,,,,,,,,,,,,,,,,,,,,,,,,,,,
782,00000013 2faae1d0,"     IADD3 R18, R21, 0x40, RZ ",,2,1,12800,409600,,,,,,,0,0,0,0,0,0,0,0,0,0,0,0,1,0,0,0,1,0,0,0,0,0,0,0,0,0,0,0,0,0,0,0,0,1
783,00000013 2faae1e0,"     ISETP.GE.AND P4, PT, R17, c[0x0][0x18c], PT ",,4,0,12800,409600,,,,,,,0,0,0,0,0,0,1,0,0,0,0,3,0,0,0,0,0,0,0,0,0,0,0,0,0,0,0,0,0,0,0,0,0,0
784,00000013 2faae1f0,"     IMAD R17, R23, c[0x0][0x198], R16 ",,0,0,12800,409600,,,,,,,,,,,,,,,,,,,,,,,,,,,,,,,,,,,,,,,,
785,00000013 2faae200,"     IADD3 R20, R21, 0x60, RZ ",,18,9,12800,409600,,,,,,,0,0,0,0,0,0,0,0,0,0,16,0,2,0,0,0,0,0,0,0,0,0,0,0,0,0,0,9,0,0,0,0,0,0
786,00000013 2faae210,"     ISETP.GE.AND P3, PT, R18, c[0x0][0x18c], PT ",,1,0,12800,409600,,,,,,,0,0,0,0,0,0,0,0,0,0,0,0,0,0,0,0,1,0,0,0,0,0,0,0,0,0,0,0,0,0,0,0,0,0
787,00000013 2faae220,"     IMAD R18, R17, 0x4, R36 ",,0,0,12800,409600,,,,,,,,,,,,,,,,,,,,,,,,,,,,,,,,,,,,,,,,
788,00000013 2faae230,"     ISETP.GE.AND P1, PT, R20, c[0x0][0x18c], PT ",,0,0,12800,409600,,,,,,,,,,,,,,,,,,,,,,,,,,,,,,,,,,,,,,,,
789,00000013 2faae240,@P0  BRA 0x132faae2d0 ,,0,0,12800,0,,,,,,,,,,,,,,,,,,,,,,,,,,,,,,,,,,,,,,,,
790,00000013 2faae250,"     LDS.U R17, [R18+0x300] ",,2,0,12800,409600,Shared,Load,32,,12800,,0,0,0,0,0,0,0,0,0,0,0,0,2,0,0,0,0,0,0,0,0,0,0,0,0,0,0,0,0,0,0,0,0,0
791,00000013 2faae260,"     FADD.FTZ R17, -R24, R17 ",,6,0,12800,409600,,,,,,,0,1,0,0,0,0,0,0,0,0,0,0,0,5,0,0,0,0,0,0,0,0,0,0,0,0,0,0,0,0,0,0,0,0
792,00000013 2faae270,"     FSETP.GT.FTZ.AND P2, PT, R17, -12, PT ",,4,1,12800,409600,,,,,,,0,0,0,0,0,0,2,0,0,0,0,1,0,0,0,0,1,0,0,0,0,0,0,1,0,0,0,0,0,0,0,0,0,0
793,00000013 2faae280,"     FSETP.GEU.FTZ.AND P0, PT, R17, 20, PT ",,1,0,12800,409600,,,,,,,0,0,0,0,0,0,0,0,0,0,0,0,1,0,0,0,0,0,0,0,0,0,0,0,0,0,0,0,0,0,0,0,0,0
794,00000013 2faae290,"     PLOP3.LUT P0, PT, P2, P0, PT, 0x8a, 0x0 ",,3,3,12800,409600,,,,,,,0,0,0,0,0,0,1,0,0,0,0,0,0,0,0,0,2,0,0,0,0,0,0,1,0,0,0,0,0,0,0,0,0,2
795,00000013 2faae2a0,"@!P0 FMUL.FTZ R17, R17, 1.4426950216293334961 ",,4,1,12800,409600,,,,,,,0,0,0,0,0,0,0,0,0,0,0,1,0,0,0,0,3,0,0,0,0,0,0,0,0,0,0,0,0,0,0,0,0,1
796,00000013 2faae2b0,"@!P0 MUFU.EX2 R17, R17 ",,3,1,12800,409600,,,,,,,0,0,0,0,0,0,0,0,0,0,0,0,0,0,0,0,3,0,0,0,0,0,0,0,0,0,0,0,0,0,0,0,0,1
797,00000013 2faae2c0,"@!P0 FADD.FTZ R14, R14, R17 ",,7,2,12800,409600,,,,,,,0,1,0,0,0,0,0,0,0,0,0,0,1,5,0,0,0,0,0,0,0,0,0,0,0,0,0,0,0,0,2,0,0,0
798,00000013 2faae2d0,     BSYNC B5 ,,3,1,12800,409600,,,,,,,0,1,0,0,0,0,0,0,0,0,0,0,0,0,0,0,2,0,0,0,0,0,0,0,0,0,0,0,0,0,0,0,0,1
799,00000013 2faae2e0,"     BMOV.32.CLEAR RZ, B5 ",,4,0,12800,409600,,,,,,,0,0,0,0,0,0,0,0,0,0,3,0,1,0,0,0,0,0,0,0,0,0,0,0,0,0,0,0,0,0,0,0,0,0
800,00000013 2faae2f0,"     BSSY B5, 0x132faae3a0 ",,1,0,12800,409600,,,,,,,0,0,0,0,0,0,0,0,0,0,0,0,1,0,0,0,0,0,0,0,0,0,0,0,0,0,0,0,0,0,0,0,0,0
801,00000013 2faae300,@P4  BRA 0x132faae390 ,,7,5,12800,0,,,,,,,0,0,0,0,0,0,0,0,0,0,7,0,0,0,0,0,0,0,0,0,0,0,0,0,0,0,0,5,0,0,0,0,0,0
802,00000013 2faae310,"     LDS.U R17, [R18+0x380] ",,3,2,12800,409600,Shared,Load,32,,12800,,0,0,0,0,0,0,0,0,0,0,0,0,1,0,0,0,2,0,0,0,0,0,0,0,0,0,0,0,0,0,0,0,0,2
803,00000013 2faae320,"     FADD.FTZ R17, -R24, R17 ",,12,4,12800,409600,,,,,,,0,0,0,0,0,0,2,0,0,0,0,0,0,8,0,0,2,0,0,0,0,0,0,0,0,0,0,0,0,0,4,0,0,0
804,00000013 2faae330,"     FSETP.GT.FTZ.AND P2, PT, R17, -12, PT ",,2,0,12800,409600,,,,,,,0,0,0,0,0,0,0,0,0,0,0,0,2,0,0,0,0,0,0,0,0,0,0,0,0,0,0,0,0,0,0,0,0,0
805,00000013 2faae340,"     FSETP.GEU.FTZ.AND P0, PT, R17, 20, PT ",,2,1,12800,409600,,,,,,,0,0,0,0,0,0,0,0,0,0,0,0,1,0,0,0,1,0,0,0,0,0,0,0,0,0,0,0,0,0,0,0,0,1
806,00000013 2faae350,"     PLOP3.LUT P0, PT, P2, P0, PT, 0x8a, 0x0 ",,1,0,12800,409600,,,,,,,0,0,0,0,0,0,0,0,0,0,0,0,0,0,0,0,1,0,0,0,0,0,0,0,0,0,0,0,0,0,0,0,0,0
807,00000013 2faae360,"@!P0 FMUL.FTZ R17, R17, 1.4426950216293334961 ",,5,1,12800,409600,,,,,,,0,0,0,0,0,0,1,0,0,0,0,0,1,0,0,0,3,0,0,0,0,0,0,1,0,0,0,0,0,0,0,0,0,0
808,00000013 2faae370,"@!P0 MUFU.EX2 R17, R17 ",,2,1,12800,409600,,,,,,,0,0,0,0,0,0,0,0,0,0,0,0,0,0,0,0,2,0,0,0,0,0,0,0,0,0,0,0,0,0,0,0,0,1
809,00000013 2faae380,"@!P0 FADD.FTZ R14, R14, R17 ",,8,5,12800,409600,,,,,,,0,0,0,0,0,0,1,0,0,0,1,0,0,5,0,0,1,0,0,0,0,0,0,1,0,0,0,1,0,0,3,0,0,0
810,00000013 2faae390,     BSYNC B5 ,,2,0,12800,409600,,,,,,,0,0,0,0,0,0,0,0,0,0,0,0,0,0,0,0,2,0,0,0,0,0,0,0,0,0,0,0,0,0,0,0,0,0
811,00000013 2faae3a0,"     BMOV.32.CLEAR RZ, B5 ",,5,0,12800,409600,,,,,,,0,0,0,0,0,0,0,0,0,0,2,0,1,0,0,0,2,0,0,0,0,0,0,0,0,0,0,0,0,0,0,0,0,0
812,00000013 2faae3b0,"     BSSY B5, 0x132faae460 ",,0,0,12800,409600,,,,,,,,,,,,,,,,,,,,,,,,,,,,,,,,,,,,,,,,
813,00000013 2faae3c0,@P3  BRA 0x132faae450 ,,1,0,12800,0,,,,,,,0,0,0,0,0,0,0,0,0,0,0,0,1,0,0,0,0,0,0,0,0,0,0,0,0,0,0,0,0,0,0,0,0,0
814,00000013 2faae3d0,"     LDS.U R17, [R18+0x400] ",,2,0,12800,409600,Shared,Load,32,,12800,,0,0,0,0,0,0,0,0,0,0,0,0,0,0,0,0,2,0,0,0,0,0,0,0,0,0,0,0,0,0,0,0,0,0
815,00000013 2faae3e0,"     FADD.FTZ R17, -R24, R17 ",,10,2,12800,409600,,,,,,,0,0,0,0,0,0,0,0,0,0,0,2,2,5,0,0,1,0,0,0,0,0,0,0,0,0,0,0,0,0,2,0,0,0
816,00000013 2faae3f0,"     FSETP.GT.FTZ.AND P2, PT, R17, -12, PT ",,2,0,12800,409600,,,,,,,0,0,0,0,0,0,0,0,0,0,0,0,0,0,0,0,2,0,0,0,0,0,0,0,0,0,0,0,0,0,0,0,0,0
817,00000013 2faae400,"     FSETP.GEU.FTZ.AND P0, PT, R17, 20, PT ",,0,0,12800,409600,,,,,,,,,,,,,,,,,,,,,,,,,,,,,,,,,,,,,,,,
818,00000013 2faae410,"     PLOP3.LUT P0, PT, P2, P0, PT, 0x8a, 0x0 ",,3,0,12800,409600,,,,,,,0,0,0,0,0,0,0,0,0,0,0,2,0,0,0,0,1,0,0,0,0,0,0,0,0,0,0,0,0,0,0,0,0,0
819,00000013 2faae420,"@!P0 FMUL.FTZ R17, R17, 1.4426950216293334961 ",,8,2,12800,409600,,,,,,,0,0,0,0,0,0,0,0,0,0,0,0,0,0,0,0,8,0,0,0,0,0,0,0,0,0,0,0,0,0,0,0,0,2
820,00000013 2faae430,"@!P0 MUFU.EX2 R17, R17 ",,4,1,12800,409600,,,,,,,0,0,0,0,0,0,0,0,0,0,0,0,1,0,0,0,3,0,0,0,0,0,0,0,0,0,0,0,0,0,0,0,0,1
821,00000013 2faae440,"@!P0 FADD.FTZ R14, R14, R17 ",,3,1,12800,409600,,,,,,,0,0,0,0,0,0,0,0,0,0,0,0,0,3,0,0,0,0,0,0,0,0,0,0,0,0,0,0,0,0,1,0,0,0
822,00000013 2faae450,     BSYNC B5 ,,1,0,12800,409600,,,,,,,0,0,0,0,0,0,0,0,0,0,0,0,0,0,0,0,1,0,0,0,0,0,0,0,0,0,0,0,0,0,0,0,0,0
823,00000013 2faae460,"     BMOV.32.CLEAR RZ, B5 ",,2,0,12800,409600,,,,,,,0,0,0,0,0,0,0,0,0,0,2,0,0,0,0,0,0,0,0,0,0,0,0,0,0,0,0,0,0,0,0,0,0,0
824,00000013 2faae470,"     BSSY B5, 0x132faae520 ",,0,0,12800,409600,,,,,,,,,,,,,,,,,,,,,,,,,,,,,,,,,,,,,,,,
825,00000013 2faae480,@P1  BRA 0x132faae510 ,,3,2,12800,0,,,,,,,0,0,0,0,0,0,0,0,1,0,2,0,0,0,0,0,0,0,0,0,0,0,0,0,0,0,0,2,0,0,0,0,0,0
826,00000013 2faae490,"     LDS.U R17, [R18+0x480] ",,0,0,12800,409600,Shared,Load,32,,12800,,,,,,,,,,,,,,,,,,,,,,,,,,,,,,,,,,,
827,00000013 2faae4a0,"     FADD.FTZ R17, -R24, R17 ",,12,5,12800,409600,,,,,,,0,1,0,0,0,0,0,0,0,0,0,0,0,10,0,0,1,0,0,0,0,0,0,0,0,0,0,0,0,0,5,0,0,0
828,00000013 2faae4b0,"     FSETP.GT.FTZ.AND P1, PT, R17, -12, PT ",,4,1,12800,409600,,,,,,,0,0,0,0,0,0,1,0,0,0,0,2,0,0,0,0,1,0,0,0,0,0,0,0,0,0,0,0,0,0,0,0,0,1
829,00000013 2faae4c0,"     FSETP.GEU.FTZ.AND P0, PT, R17, 20, PT ",,1,0,12800,409600,,,,,,,0,0,0,0,0,0,0,0,0,0,0,0,0,0,0,0,1,0,0,0,0,0,0,0,0,0,0,0,0,0,0,0,0,0
830,00000013 2faae4d0,"     PLOP3.LUT P0, PT, P1, P0, PT, 0x8a, 0x0 ",,3,1,12800,409600,,,,,,,0,0,0,0,0,0,0,0,0,0,0,1,1,0,0,0,1,0,0,0,0,0,0,0,0,0,0,0,0,0,0,0,0,1
831,00000013 2faae4e0,"@!P0 FMUL.FTZ R17, R17, 1.4426950216293334961 ",,4,2,12800,409600,,,,,,,0,0,0,0,0,0,0,0,0,0,0,1,0,0,0,0,3,0,0,0,0,0,0,0,0,0,0,0,0,0,0,0,0,2
832,00000013 2faae4f0,"@!P0 MUFU.EX2 R17, R17 ",,2,0,12800,409600,,,,,,,0,0,0,0,0,0,0,0,0,0,0,0,0,0,0,0,2,0,0,0,0,0,0,0,0,0,0,0,0,0,0,0,0,0
833,00000013 2faae500,"@!P0 FADD.FTZ R14, R14, R17 ",,10,6,12800,409600,,,,,,,0,0,0,0,0,0,0,0,0,0,5,0,1,4,0,0,0,0,0,0,0,0,0,0,0,0,0,4,0,0,2,0,0,0
834,00000013 2faae510,     BSYNC B5 ,,1,0,12800,409600,,,,,,,0,0,0,0,0,0,0,0,0,0,0,0,0,0,0,0,1,0,0,0,0,0,0,0,0,0,0,0,0,0,0,0,0,0
835,00000013 2faae520,"     IADD3 R16, R16, 0x80, RZ ",,5,1,12800,409600,,,,,,,0,0,0,0,0,0,0,0,0,0,3,0,1,0,0,0,1,0,0,0,0,0,0,0,0,0,0,1,0,0,0,0,0,0
836,00000013 2faae530,"     ISETP.GE.AND P0, PT, R16, R15, PT ",,1,1,12800,409600,,,,,,,0,0,0,0,0,0,1,0,0,0,0,0,0,0,0,0,0,0,0,0,0,0,0,1,0,0,0,0,0,0,0,0,0,0
837,00000013 2faae540,@!P0 BRA 0x132faae170 ,,6,3,12800,0,,,,,,,0,0,0,0,0,0,0,0,0,0,0,0,1,0,0,0,5,0,0,0,0,0,0,0,0,0,0,0,0,0,0,0,0,3
838,00000013 2faae550,     BSYNC B2 ,,1,0,12800,409600,,,,,,,0,0,0,0,0,0,0,0,0,0,0,0,1,0,0,0,0,0,0,0,0,0,0,0,0,0,0,0,0,0,0,0,0,0
839,00000013 2faae560,"     ISETP.GE.AND P0, PT, R16, R51, PT ",,3,1,12800,409600,,,,,,,0,0,0,0,0,0,0,0,0,0,2,0,1,0,0,0,0,0,0,0,0,0,0,0,0,0,0,1,0,0,0,0,0,0
840,00000013 2faae570,@P0  BREAK B3 ,,3,1,12800,409600,,,,,,,0,0,0,0,0,0,0,0,0,0,0,0,1,0,0,0,2,0,0,0,0,0,0,0,0,0,0,0,0,0,0,0,0,1
841,00000013 2faae580,@P0  BRA 0x132faae6e0 ,,3,0,12800,409600,,,,,,,0,0,0,0,0,0,0,0,0,0,3,0,0,0,0,0,0,0,0,0,0,0,0,0,0,0,0,0,0,0,0,0,0,0
842,00000013 2faae590,     BSYNC B3 ,,37,17,12800,409600,,,,,,,0,0,0,0,0,0,0,0,0,0,33,0,2,0,0,0,2,0,0,0,0,0,0,0,0,0,0,17,0,0,0,0,0,0
843,00000013 2faae5a0,"@!PT SHFL.IDX PT, RZ, RZ, RZ, RZ ",,3,1,12800,0,,,,,,,0,0,0,0,0,0,0,0,0,0,1,1,0,0,0,0,1,0,0,0,0,0,0,0,0,0,0,0,0,0,0,0,0,1
844,00000013 2faae5b0,"     IMAD.IADD R17, R16, 0x1, R49 ",,0,0,12800,409600,,,,,,,,,,,,,,,,,,,,,,,,,,,,,,,,,,,,,,,,
845,00000013 2faae5c0,"     BMOV.32.CLEAR RZ, B2 ",,2,0,12800,409600,,,,,,,0,0,0,0,0,0,0,0,0,0,0,0,2,0,0,0,0,0,0,0,0,0,0,0,0,0,0,0,0,0,0,0,0,0
846,00000013 2faae5d0,"     BSSY B2, 0x132faae6b0 ",,0,0,12800,409600,,,,,,,,,,,,,,,,,,,,,,,,,,,,,,,,,,,,,,,,
847,00000013 2faae5e0,"     ISETP.GE.AND P0, PT, R17, c[0x0][0x18c], PT ",,1,0,12800,409600,,,,,,,0,0,0,0,0,0,0,0,0,0,0,0,0,0,0,0,1,0,0,0,0,0,0,0,0,0,0,0,0,0,0,0,0,0
848,00000013 2faae5f0,@P0  BRA 0x132faae6a0 ,,2,1,12800,0,,,,,,,0,0,0,0,0,0,0,0,0,0,0,0,0,0,0,0,2,0,0,0,0,0,0,0,0,0,0,0,0,0,0,0,0,1
849,00000013 2faae600,"     IMAD R17, R23, c[0x0][0x198], R16 ",,2,0,12800,409600,,,,,,,0,0,0,0,0,0,0,0,0,0,1,1,0,0,0,0,0,0,0,0,0,0,0,0,0,0,0,0,0,0,0,0,0,0
850,00000013 2faae610,"     IMAD R17, R17, 0x4, R36 ",,3,1,12800,409600,,,,,,,0,0,0,0,0,0,1,0,0,0,0,1,0,0,0,0,1,0,0,0,0,0,0,1,0,0,0,0,0,0,0,0,0,0
851,00000013 2faae620,"     LDS.U R17, [R17+0x300] ",,3,1,12800,409600,Shared,Load,32,,12800,,0,0,0,0,0,0,0,0,0,0,0,0,0,0,0,0,3,0,0,0,0,0,0,0,0,0,0,0,0,0,0,0,0,1
852,00000013 2faae630,"     FADD.FTZ R18, -R24, R17 ",,6,3,12800,409600,,,,,,,0,0,0,0,0,0,0,0,0,0,0,1,0,5,0,0,0,0,0,0,0,0,0,0,0,0,0,0,0,0,3,0,0,0
853,00000013 2faae640,"     FSETP.GT.FTZ.AND P1, PT, R18, -12, PT ",,6,0,12800,409600,,,,,,,0,0,0,0,0,0,0,0,0,0,0,2,1,0,0,0,3,0,0,0,0,0,0,0,0,0,0,0,0,0,0,0,0,0
854,00000013 2faae650,"     FSETP.GEU.FTZ.AND P0, PT, R18, 20, PT ",,0,0,12800,409600,,,,,,,,,,,,,,,,,,,,,,,,,,,,,,,,,,,,,,,,
855,00000013 2faae660,"     PLOP3.LUT P0, PT, P1, P0, PT, 0x8a, 0x0 ",,3,0,12800,409600,,,,,,,0,0,0,0,0,0,1,0,0,0,0,1,0,0,0,0,1,0,0,0,0,0,0,0,0,0,0,0,0,0,0,0,0,0
856,00000013 2faae670,"@!P0 FMUL.FTZ R18, R18, 1.4426950216293334961 ",,6,2,12800,409600,,,,,,,0,1,0,0,0,0,0,0,0,0,0,2,0,0,0,0,3,0,0,0,0,0,0,0,0,0,0,0,0,0,0,0,0,2
857,00000013 2faae680,"@!P0 MUFU.EX2 R21, R18 ",,4,3,12800,409600,,,,,,,0,0,0,0,0,0,0,0,0,0,2,0,0,0,0,0,2,0,0,0,0,0,0,0,0,0,0,2,0,0,0,0,0,1
858,00000013 2faae690,"@!P0 FADD.FTZ R14, R14, R21 ",,7,1,12800,409600,,,,,,,0,0,0,0,0,0,0,0,0,0,0,0,0,6,0,0,1,0,0,0,0,0,0,0,0,0,0,0,0,0,1,0,0,0
859,00000013 2faae6a0,     BSYNC B2 ,,4,0,12800,409600,,,,,,,0,0,0,0,0,0,0,0,0,0,0,0,1,0,0,0,3,0,0,0,0,0,0,0,0,0,0,0,0,0,0,0,0,0
860,00000013 2faae6b0,"     IADD3 R16, R16, 0x20, RZ ",,4,1,12800,409600,,,,,,,0,0,0,0,0,0,1,0,0,0,3,0,0,0,0,0,0,0,0,0,0,0,0,0,0,0,0,1,0,0,0,0,0,0
861,00000013 2faae6c0,"     ISETP.GE.AND P0, PT, R16, R51, PT ",,5,2,12800,409600,,,,,,,0,0,0,0,0,0,0,0,0,0,0,1,0,0,0,0,4,0,0,0,0,0,0,0,0,0,0,0,0,0,0,0,0,2
862,00000013 2faae6d0,@!P0 BRA 0x132faae5a0 ,,10,5,12800,0,,,,,,,0,0,0,0,0,0,0,0,0,0,0,0,3,0,0,0,7,0,0,0,0,0,0,0,0,0,0,0,0,0,0,0,0,5
863,00000013 2faae6e0,     BSYNC B4 ,,12,5,25600,819200,,,,,,,0,1,0,0,0,0,0,0,0,0,7,0,1,0,0,0,3,0,1,0,0,0,0,0,0,0,0,3,0,0,0,0,0,1
864,00000013 2faae6f0,     BRA.DIV 0x132fab7380 ,,9,3,25600,819200,,,,,,,0,0,0,0,0,0,0,0,0,0,9,0,0,0,0,0,0,0,0,0,0,0,0,0,0,0,0,3,0,0,0,0,0,0
865,00000013 2faae700,"     SHFL.BFLY PT, R17, R14, 0x10, 0x1f ",,7,2,25600,819200,,,,,,,0,0,0,0,0,0,0,0,1,0,5,0,1,0,0,0,0,0,0,0,0,0,0,0,0,1,0,1,0,0,0,0,0,0
866,00000013 2faae710,"     FADD.FTZ R17, R17, R14 ",,28,14,25600,819200,,,,,,,0,0,0,0,0,0,0,0,0,0,0,0,2,25,0,0,1,0,0,0,0,0,0,0,0,0,0,0,0,0,14,0,0,0
867,00000013 2faae720,"     SHFL.BFLY PT, R16, R17, 0x8, 0x1f ",,6,1,25600,819200,,,,,,,0,0,0,0,0,0,0,0,0,0,0,0,1,0,0,0,5,0,0,0,0,0,0,0,0,0,0,0,0,0,0,0,0,1
868,00000013 2faae730,"     FADD.FTZ R16, R17, R16 ",,14,5,25600,819200,,,,,,,0,0,0,0,0,0,0,0,0,0,0,1,0,12,0,0,1,0,0,0,0,0,0,0,0,0,0,0,0,0,5,0,0,0
869,00000013 2faae740,"     SHFL.BFLY PT, R21, R16, 0x4, 0x1f ",,5,2,25600,819200,,,,,,,0,0,0,0,0,0,0,0,0,0,0,0,0,0,0,0,5,0,0,0,0,0,0,0,0,0,0,0,0,0,0,0,0,2
870,00000013 2faae750,"     FADD.FTZ R21, R16, R21 ",,20,9,25600,819200,,,,,,,0,0,0,0,0,0,0,0,0,0,0,2,0,17,0,0,1,0,0,0,0,0,0,0,0,0,0,0,0,0,9,0,0,0
871,00000013 2faae760,"     SHFL.BFLY PT, R18, R21, 0x2, 0x1f ",,6,3,25600,819200,,,,,,,0,0,0,0,0,0,0,0,0,0,0,1,1,0,0,0,4,0,0,0,0,0,0,0,0,0,0,0,0,0,0,0,0,3
872,00000013 2faae770,"     FADD.FTZ R18, R21, R18 ",,9,7,25600,819200,,,,,,,0,0,0,0,0,0,1,0,0,0,0,0,0,8,0,0,0,0,0,0,0,0,0,0,0,0,0,0,0,0,7,0,0,0
873,00000013 2faae780,"     SHFL.BFLY PT, R23, R18, 0x1, 0x1f ",,7,2,25600,819200,,,,,,,0,0,0,0,0,0,0,0,1,0,0,1,1,0,0,0,4,0,0,0,0,0,0,0,0,1,0,0,0,0,0,0,0,1
874,00000013 2faae790,"     ISETP.NE.AND P0, PT, R48, RZ, PT ",,3,0,25600,819200,,,,,,,0,0,0,0,0,0,2,0,0,0,0,0,1,0,0,0,0,0,0,0,0,0,0,0,0,0,0,0,0,0,0,0,0,0
875,00000013 2faae7a0,"     FADD.FTZ R23, R23, R18 ",,22,9,25600,819200,,,,,,,0,1,0,0,0,0,0,0,0,0,0,2,0,19,0,0,0,0,0,0,0,0,0,0,0,0,0,0,0,0,9,0,0,0
876,00000013 2faae7b0,"@!P0 IADD3 R17, R37, R13, R44 ",,11,4,25600,25600,,,,,,,0,0,0,0,0,0,1,0,0,0,0,0,1,0,0,0,9,0,0,0,0,0,0,1,0,0,0,0,0,0,0,0,0,3
877,00000013 2faae7c0,"@!P0 FFMA.FTZ R12, R12, R19, R23 ",,2,0,25600,25600,,,,,,,0,0,0,0,0,0,0,0,0,0,0,0,2,0,0,0,0,0,0,0,0,0,0,0,0,0,0,0,0,0,0,0,0,0
878,00000013 2faae7d0,"@!P0 IMAD R17, R17, 0x4, R36 ",,4,1,25600,25600,,,,,,,0,0,0,0,0,0,0,0,0,0,0,3,0,0,0,0,1,0,0,0,0,0,0,0,0,0,0,0,0,0,0,0,0,1
879,00000013 2faae7e0,"@!P0 STS [R17+0x300], R24 ",,6,1,25600,25600,Shared,Store,32,,25600,,0,0,0,0,0,0,0,0,0,0,0,0,1,0,0,0,5,0,0,0,0,0,0,0,0,0,0,0,0,0,0,0,0,1
880,00000013 2faae7f0,"@!P0 STS [R17+0x340], R12 ",,4,3,25600,25600,Shared,Store,32,,25600,,0,0,0,0,0,0,0,0,0,0,0,0,1,0,0,0,3,0,0,0,0,0,0,0,0,0,0,0,0,0,0,0,0,3
881,00000013 2faae800,     BSYNC B1 ,,4,1,25600,819200,,,,,,,0,0,0,0,0,0,0,0,0,0,4,0,0,0,0,0,0,0,0,0,0,0,0,0,0,0,0,1,0,0,0,0,0,0
882,00000013 2faae810,"     IADD3 R18, R44, R13, R44 ",,6,1,25600,819200,,,,,,,0,0,0,0,0,0,0,0,0,0,2,0,1,0,0,0,3,0,0,0,0,0,0,0,0,0,0,0,0,0,0,0,0,1
883,00000013 2faae820,"     ISETP.GT.AND P0, PT, R18, 0xf, PT ",,5,1,25600,819200,,,,,,,0,0,0,0,0,0,1,0,0,0,0,1,1,0,0,0,2,0,0,0,0,0,0,0,0,0,0,0,0,0,0,0,0,1
884,00000013 2faae830,@P0  BRA 0x132fab0220 ,,7,4,25600,0,,,,,,,0,0,0,0,0,0,0,0,0,0,0,1,0,0,0,0,6,0,0,0,0,0,0,0,0,0,0,0,0,0,0,0,0,4
885,00000013 2faae840,"     IMAD.IADD R12, R43, 0x1, R18 ",,2,0,25600,819200,,,,,,,0,0,0,0,0,0,0,0,0,0,0,0,1,0,0,0,1,0,0,0,0,0,0,0,0,0,0,0,0,0,0,0,0,0
886,00000013 2faae850,"     BMOV.32.CLEAR RZ, B1 ",,1,0,25600,819200,,,,,,,0,0,0,0,0,0,0,0,0,0,0,0,1,0,0,0,0,0,0,0,0,0,0,0,0,0,0,0,0,0,0,0,0,0
887,00000013 2faae860,"     BSSY B1, 0x132faaf500 ",,0,0,25600,819200,,,,,,,,,,,,,,,,,,,,,,,,,,,,,,,,,,,,,,,,
888,00000013 2faae870,"     ISETP.GE.AND P0, PT, R12, c[0x0][0x18c], PT ",,3,0,25600,819200,,,,,,,0,0,0,0,0,0,0,0,0,0,0,0,1,0,0,0,2,0,0,0,0,0,0,0,0,0,0,0,0,0,0,0,0,0
889,00000013 2faae880,@P0  BRA 0x132faaf4f0 ,,13,6,25600,0,,,,,,,0,0,0,0,0,0,0,0,0,0,1,2,2,0,0,0,8,0,0,0,0,0,0,0,0,0,0,0,0,0,0,0,0,6
890,00000013 2faae890,"     IMAD.IADD R17, R37, 0x1, R18 ",,2,0,25600,819200,,,,,,,0,1,0,0,0,0,0,0,0,0,0,0,0,0,0,0,1,0,0,0,0,0,0,0,0,0,0,0,0,0,0,0,0,0
891,00000013 2faae8a0,"     ISETP.GT.AND P0, PT, R51, R48, PT ",,2,0,25600,819200,,,,,,,0,0,0,0,0,0,0,0,0,0,0,0,2,0,0,0,0,0,0,0,0,0,0,0,0,0,0,0,0,0,0,0,0,0
892,00000013 2faae8b0,"     BMOV.32.CLEAR RZ, B2 ",,2,0,25600,819200,,,,,,,0,0,0,0,0,0,0,0,0,0,0,0,2,0,0,0,0,0,0,0,0,0,0,0,0,0,0,0,0,0,0,0,0,0
893,00000013 2faae8c0,"     BSSY B2, 0x132faaebe0 ",,0,0,25600,819200,,,,,,,,,,,,,,,,,,,,,,,,,,,,,,,,,,,,,,,,
894,00000013 2faae8d0,"     IMAD R17, R17, 0x4, R36 ",,1,0,25600,819200,,,,,,,0,0,0,0,0,0,0,0,0,0,0,0,1,0,0,0,0,0,0,0,0,0,0,0,0,0,0,0,0,0,0,0,0,0
895,00000013 2faae8e0,"     IMAD.MOV.U32 R14, RZ, RZ, -0x1f528714 ",,1,0,25600,819200,,,,,,,0,0,0,0,0,0,0,0,0,0,0,1,0,0,0,0,0,0,0,0,0,0,0,0,0,0,0,0,0,0,0,0,0,0
896,00000013 2faae8f0,"     LDS.U R20, [R17+0x300] ",,5,1,25600,819200,Shared,Load,32,,25600,,0,0,0,0,0,0,0,0,0,0,0,0,2,0,0,0,3,0,0,0,0,0,0,0,0,0,0,0,0,0,0,0,0,1
897,00000013 2faae900,"     LDS.U R12, [R17+0x340] ",,8,4,25600,819200,Shared,Load,32,,25600,,0,0,0,0,0,0,0,0,1,0,1,1,1,0,0,0,4,0,0,0,0,0,0,0,0,1,0,1,0,0,0,0,0,2
898,00000013 2faae910,@!P0 BRA 0x132faaebd0 ,,0,0,25600,0,,,,,,,,,,,,,,,,,,,,,,,,,,,,,,,,,,,,,,,,
899,00000013 2faae920,"     ISETP.GT.AND P0, PT, R15, R48, PT ",,6,2,25600,819200,,,,,,,0,0,0,0,0,0,0,0,0,0,0,2,0,0,0,0,4,0,0,0,0,0,0,0,0,0,0,0,0,0,0,0,0,2
900,00000013 2faae930,"     BMOV.32.CLEAR RZ, B3 ",,1,0,25600,819200,,,,,,,0,0,0,0,0,0,0,0,0,0,0,0,1,0,0,0,0,0,0,0,0,0,0,0,0,0,0,0,0,0,0,0,0,0
901,00000013 2faae940,"     BSSY B3, 0x132faaeb40 ",,1,0,25600,819200,,,,,,,0,0,0,0,0,0,0,0,0,0,0,0,1,0,0,0,0,0,0,0,0,0,0,0,0,0,0,0,0,0,0,0,0,0
902,00000013 2faae950,"     IMAD.MOV.U32 R14, RZ, RZ, -0x1f528714 ",,0,0,25600,819200,,,,,,,,,,,,,,,,,,,,,,,,,,,,,,,,,,,,,,,,
903,00000013 2faae960,"     IMAD.MOV.U32 R16, RZ, RZ, R48 ",,3,1,25600,819200,,,,,,,0,0,0,0,0,0,1,0,0,0,0,0,2,0,0,0,0,0,0,0,0,0,0,1,0,0,0,0,0,0,0,0,0,0
904,00000013 2faae970,@!P0 BRA 0x132faaeb30 ,,10,1,25600,409600,,,,,,,0,0,0,0,0,0,0,0,0,0,0,1,2,0,0,0,7,0,0,0,0,0,0,0,0,0,0,0,0,0,0,0,0,1
905,00000013 2faae980,"     BMOV.32.CLEAR RZ, B4 ",,5,3,12800,409600,,,,,,,0,0,0,0,0,0,0,0,0,0,1,1,0,0,0,0,3,0,0,0,0,0,0,0,0,0,0,1,0,0,0,0,0,2
906,00000013 2faae990,"     BSSY B4, 0x132faaeb00 ",,0,0,12800,409600,,,,,,,,,,,,,,,,,,,,,,,,,,,,,,,,,,,,,,,,
907,00000013 2faae9a0,"     IMAD.IADD R19, R16, 0x1, R49 ",,0,0,12800,409600,,,,,,,,,,,,,,,,,,,,,,,,,,,,,,,,,,,,,,,,
908,00000013 2faae9b0,"     IADD3 R21, R16, 0x20, R49 ",,0,0,12800,409600,,,,,,,,,,,,,,,,,,,,,,,,,,,,,,,,,,,,,,,,
909,00000013 2faae9c0,"     IMAD R17, R18, c[0x0][0x198], R16 ",,1,0,12800,409600,,,,,,,0,0,0,0,0,0,0,0,0,0,0,0,1,0,0,0,0,0,0,0,0,0,0,0,0,0,0,0,0,0,0,0,0,0
910,00000013 2faae9d0,"     ISETP.GE.AND P0, PT, R19, c[0x0][0x18c], PT ",,1,0,12800,409600,,,,,,,0,0,0,0,0,0,0,0,0,0,0,0,1,0,0,0,0,0,0,0,0,0,0,0,0,0,0,0,0,0,0,0,0,0
911,00000013 2faae9e0,"     IMAD R22, R17, 0x4, R36 ",,0,0,12800,409600,,,,,,,,,,,,,,,,,,,,,,,,,,,,,,,,,,,,,,,,
912,00000013 2faae9f0,"     IADD3 R17, R16, 0x60, R49 ",,0,0,12800,409600,,,,,,,,,,,,,,,,,,,,,,,,,,,,,,,,,,,,,,,,
913,00000013 2faaea00,"     ISETP.GE.AND P1, PT, R21, c[0x0][0x18c], PT ",,9,5,12800,409600,,,,,,,0,0,0,0,0,0,0,0,0,0,8,0,1,0,0,0,0,0,0,0,0,0,0,0,0,0,0,5,0,0,0,0,0,0
914,00000013 2faaea10,"     IADD3 R19, R16, 0x40, R49 ",,0,0,12800,409600,,,,,,,,,,,,,,,,,,,,,,,,,,,,,,,,,,,,,,,,
915,00000013 2faaea20,"     ISETP.GE.AND P3, PT, R17, c[0x0][0x18c], PT ",,1,1,12800,409600,,,,,,,0,0,0,0,0,0,1,0,0,0,0,0,0,0,0,0,0,0,0,0,0,0,0,1,0,0,0,0,0,0,0,0,0,0
916,00000013 2faaea30,"     ISETP.GE.AND P2, PT, R19, c[0x0][0x18c], PT ",,2,1,12800,409600,,,,,,,0,0,0,0,0,0,0,0,0,0,0,0,1,0,0,0,1,0,0,0,0,0,0,0,0,0,0,0,0,0,0,0,0,1
917,00000013 2faaea40,"@!P0 LDS.U R17, [R22+0x300] ",,1,1,12800,409600,Shared,Load,32,,12800,,0,0,0,0,0,0,0,0,0,0,0,0,0,0,0,0,1,0,0,0,0,0,0,0,0,0,0,0,0,0,0,0,0,1
918,00000013 2faaea50,"     IADD3 R16, R16, 0x80, RZ ",,2,0,12800,409600,,,,,,,0,0,0,0,0,0,0,0,0,0,0,0,2,0,0,0,0,0,0,0,0,0,0,0,0,0,0,0,0,0,0,0,0,0
919,00000013 2faaea60,"@!P1 LDS.U R19, [R22+0x380] ",,6,3,12800,409600,Shared,Load,32,,12800,,0,0,0,0,0,0,0,0,3,0,0,1,0,0,0,0,2,0,0,0,0,0,0,0,0,2,0,0,0,0,0,0,0,1
920,00000013 2faaea70,"@!P3 LDS.U R23, [R22+0x480] ",,0,0,12800,409600,Shared,Load,32,,12800,,,,,,,,,,,,,,,,,,,,,,,,,,,,,,,,,,,
921,00000013 2faaea80,"@!P2 LDS.U R21, [R22+0x400] ",,5,1,12800,409600,Shared,Load,32,,12800,,0,0,0,0,0,0,0,0,1,0,3,0,0,0,0,0,1,0,0,0,0,0,0,0,0,0,0,1,0,0,0,0,0,0
922,00000013 2faaea90,"@!P0 FMNMX.FTZ R14, R14, R17, !PT ",,5,1,12800,409600,,,,,,,0,0,0,0,0,0,0,0,0,0,0,1,0,4,0,0,0,0,0,0,0,0,0,0,0,0,0,0,0,0,1,0,0,0
923,00000013 2faaeaa0,"     ISETP.GE.AND P0, PT, R16, R15, PT ",,0,0,12800,409600,,,,,,,,,,,,,,,,,,,,,,,,,,,,,,,,,,,,,,,,
924,00000013 2faaeab0,"@!P1 FMNMX.FTZ R14, R14, R19, !PT ",,2,0,12800,409600,,,,,,,0,0,0,0,0,0,0,0,0,0,0,1,0,0,0,0,1,0,0,0,0,0,0,0,0,0,0,0,0,0,0,0,0,0
925,00000013 2faaeac0,"@!P2 FMNMX.FTZ R14, R14, R21, !PT ",,6,2,12800,409600,,,,,,,0,0,0,0,0,0,1,0,0,0,0,0,1,3,0,0,1,0,0,0,0,0,0,0,0,0,0,0,0,0,2,0,0,0
926,00000013 2faaead0,"@!P3 FMNMX.FTZ R14, R14, R23, !PT ",,2,0,12800,409600,,,,,,,0,1,0,0,0,0,0,0,0,0,0,0,0,0,0,0,1,0,0,0,0,0,0,0,0,0,0,0,0,0,0,0,0,0
927,00000013 2faaeae0,@!P0 BRA 0x132faae9a0 ,,0,0,12800,0,,,,,,,,,,,,,,,,,,,,,,,,,,,,,,,,,,,,,,,,
928,00000013 2faaeaf0,     BSYNC B4 ,,2,1,12800,409600,,,,,,,0,0,0,0,0,0,0,0,0,0,0,0,0,0,0,0,2,0,0,0,0,0,0,0,0,0,0,0,0,0,0,0,0,1
929,00000013 2faaeb00,"     ISETP.GE.AND P0, PT, R16, R51, PT ",,22,11,12800,409600,,,,,,,0,0,0,0,0,0,0,0,0,0,22,0,0,0,0,0,0,0,0,0,0,0,0,0,0,0,0,11,0,0,0,0,0,0
930,00000013 2faaeb10,@P0  BREAK B3 ,,3,1,12800,409600,,,,,,,0,0,0,0,0,0,0,0,0,0,0,1,0,0,0,0,2,0,0,0,0,0,0,0,0,0,0,0,0,0,0,0,0,1
931,00000013 2faaeb20,@P0  BRA 0x132faaebd0 ,,3,2,12800,409600,,,,,,,0,0,0,0,0,0,0,0,0,0,3,0,0,0,0,0,0,0,0,0,0,0,0,0,0,0,0,2,0,0,0,0,0,0
932,00000013 2faaeb30,     BSYNC B3 ,,24,11,12800,409600,,,,,,,0,0,0,0,0,0,0,0,0,0,22,0,1,0,0,0,1,0,0,0,0,0,0,0,0,0,0,10,0,0,0,0,0,1
933,00000013 2faaeb40,"     IMAD.IADD R17, R16, 0x1, R49 ",,6,2,12800,409600,,,,,,,0,0,0,0,0,0,0,0,0,0,4,0,0,0,0,0,2,0,0,0,0,0,0,0,0,0,0,1,0,0,0,0,0,1
934,00000013 2faaeb50,"     ISETP.GE.AND P0, PT, R17, c[0x0][0x18c], PT ",,2,0,12800,409600,,,,,,,0,0,0,0,0,0,1,0,0,0,0,1,0,0,0,0,0,0,0,0,0,0,0,0,0,0,0,0,0,0,0,0,0,0
935,00000013 2faaeb60,"@!P0 IMAD R17, R18, c[0x0][0x198], R16 ",,5,1,12800,409600,,,,,,,0,0,0,0,0,0,1,0,0,0,0,0,0,0,0,0,4,0,0,0,0,0,0,0,0,0,0,0,0,0,0,0,0,1
936,00000013 2faaeb70,"     IADD3 R16, R16, 0x20, RZ ",,0,0,12800,409600,,,,,,,,,,,,,,,,,,,,,,,,,,,,,,,,,,,,,,,,
937,00000013 2faaeb80,"@!P0 IMAD R17, R17, 0x4, R36 ",,11,7,12800,409600,,,,,,,0,0,0,0,0,0,1,0,0,0,9,1,0,0,0,0,0,0,0,0,0,0,0,0,0,0,0,7,0,0,0,0,0,0
938,00000013 2faaeb90,"     ISETP.GE.AND P1, PT, R16, R51, PT ",,0,0,12800,409600,,,,,,,,,,,,,,,,,,,,,,,,,,,,,,,,,,,,,,,,
939,00000013 2faaeba0,"@!P0 LDS.U R17, [R17+0x300] ",,0,0,12800,409600,Shared,Load,32,,12800,,,,,,,,,,,,,,,,,,,,,,,,,,,,,,,,,,,
940,00000013 2faaebb0,"@!P0 FMNMX.FTZ R14, R14, R17, !PT ",,5,1,12800,409600,,,,,,,0,0,0,0,0,0,0,0,0,0,0,0,2,3,0,0,0,0,0,0,0,0,0,0,0,0,0,0,0,0,1,0,0,0
941,00000013 2faaebc0,@!P1 BRA 0x132faaeb40 ,,0,0,12800,0,,,,,,,,,,,,,,,,,,,,,,,,,,,,,,,,,,,,,,,,
942,00000013 2faaebd0,     BSYNC B2 ,,11,9,25600,819200,,,,,,,0,0,0,0,0,0,0,0,0,0,11,0,0,0,0,0,0,0,0,0,0,0,0,0,0,0,0,9,0,0,0,0,0,0
943,00000013 2faaebe0,     BRA.DIV 0x132fab7580 ,,11,6,25600,819200,,,,,,,0,0,0,0,0,0,0,0,0,0,5,0,1,0,0,0,5,0,0,0,0,0,0,0,0,0,0,3,0,0,0,0,0,3
944,00000013 2faaebf0,"     SHFL.BFLY PT, R17, R14, 0x10, 0x1f ",,7,3,25600,819200,,,,,,,0,0,0,0,0,0,0,0,0,0,4,0,0,0,0,0,3,0,0,0,0,0,0,0,0,0,0,2,0,0,0,0,0,1
945,00000013 2faaec00,"     FMNMX.FTZ R17, R17, R14, !PT ",,24,12,25600,819200,,,,,,,0,0,0,0,0,0,1,0,0,0,11,1,0,10,0,0,1,0,0,0,0,0,0,1,0,0,0,7,0,0,4,0,0,0
946,00000013 2faaec10,"     SHFL.BFLY PT, R16, R17, 0x8, 0x1f ",,4,2,25600,819200,,,,,,,0,0,0,0,0,0,0,0,0,0,0,0,0,0,0,0,4,0,0,0,0,0,0,0,0,0,0,0,0,0,0,0,0,2
947,00000013 2faaec20,"     FMNMX.FTZ R16, R17, R16, !PT ",,10,1,25600,819200,,,,,,,0,0,0,0,0,0,1,0,0,0,0,3,0,6,0,0,0,0,0,0,0,0,0,0,0,0,0,0,0,0,1,0,0,0
948,00000013 2faaec30,"     SHFL.BFLY PT, R19, R16, 0x4, 0x1f ",,8,2,25600,819200,,,,,,,0,0,0,0,0,0,0,0,0,0,0,2,1,0,0,0,5,0,0,0,0,0,0,0,0,0,0,0,0,0,0,0,0,2
949,00000013 2faaec40,"     FMNMX.FTZ R19, R16, R19, !PT ",,21,10,25600,819200,,,,,,,0,0,0,0,0,0,0,0,0,0,0,0,0,20,0,0,1,0,0,0,0,0,0,0,0,0,0,0,0,0,10,0,0,0
950,00000013 2faaec50,"     SHFL.BFLY PT, R18, R19, 0x2, 0x1f ",,2,1,25600,819200,,,,,,,0,0,0,0,0,0,0,0,0,0,0,1,0,0,0,0,1,0,0,0,0,0,0,0,0,0,0,0,0,0,0,0,0,1
951,00000013 2faaec60,"     FMNMX.FTZ R18, R19, R18, !PT ",,15,4,25600,819200,,,,,,,0,0,0,0,0,0,0,0,0,0,0,0,1,12,0,0,2,0,0,0,0,0,0,0,0,0,0,0,0,0,3,0,0,1
952,00000013 2faaec70,"     SHFL.BFLY PT, R21, R18, 0x1, 0x1f ",,3,1,25600,819200,,,,,,,0,0,0,0,0,0,0,0,0,0,0,0,0,0,0,0,3,0,0,0,0,0,0,0,0,0,0,0,0,0,0,0,0,1
953,00000013 2faaec80,"     FSETP.GT.FTZ.AND P0, PT, R12, RZ, PT ",,26,16,25600,819200,,,,,,,0,0,0,0,0,0,2,0,0,0,6,0,1,17,0,0,0,0,0,0,0,0,0,2,0,0,0,4,0,0,10,0,0,0
954,00000013 2faaec90,"     BMOV.32.CLEAR RZ, B2 ",,0,0,25600,819200,,,,,,,,,,,,,,,,,,,,,,,,,,,,,,,,,,,,,,,,
955,00000013 2faaeca0,"     FMNMX.FTZ R21, R21, R18, !PT ",,0,0,25600,819200,,,,,,,,,,,,,,,,,,,,,,,,,,,,,,,,,,,,,,,,
956,00000013 2faaecb0,"     BSSY B2, 0x132faaed80 ",,0,0,25600,819200,,,,,,,,,,,,,,,,,,,,,,,,,,,,,,,,,,,,,,,,
957,00000013 2faaecc0,"     ISETP.GT.AND P2, PT, R51, R48, PT ",,0,0,25600,819200,,,,,,,,,,,,,,,,,,,,,,,,,,,,,,,,,,,,,,,,
958,00000013 2faaecd0,"     IMAD.MOV.U32 R19, RZ, RZ, RZ ",,0,0,25600,819200,,,,,,,,,,,,,,,,,,,,,,,,,,,,,,,,,,,,,,,,
959,00000013 2faaece0,"     FMNMX.FTZ R24, R20, R21, !PT ",,1,0,25600,819200,,,,,,,0,0,0,0,0,0,0,0,0,0,0,0,1,0,0,0,0,0,0,0,0,0,0,0,0,0,0,0,0,0,0,0,0,0
960,00000013 2faaecf0,@!P0 BRA 0x132faaed70 ,,1,0,25600,409600,,,,,,,0,0,0,0,0,0,0,0,0,0,0,1,0,0,0,0,0,0,0,0,0,0,0,0,0,0,0,0,0,0,0,0,0,0
961,00000013 2faaed00,"     FADD.FTZ R14, R20, -R24 ",,4,3,12800,409600,,,,,,,0,0,0,0,0,0,0,0,0,0,4,0,0,0,0,0,0,0,0,0,0,0,0,0,0,0,0,3,0,0,0,0,0,0
962,00000013 2faaed10,"     IMAD.MOV.U32 R19, RZ, RZ, RZ ",,1,0,12800,409600,,,,,,,0,0,0,0,0,0,0,0,0,0,0,0,1,0,0,0,0,0,0,0,0,0,0,0,0,0,0,0,0,0,0,0,0,0
963,00000013 2faaed20,"     FSETP.GT.FTZ.AND P1, PT, R14, -20, PT ",,2,0,12800,409600,,,,,,,0,0,0,0,0,0,1,0,0,0,0,0,0,0,0,0,1,0,0,0,0,0,0,0,0,0,0,0,0,0,0,0,0,0
964,00000013 2faaed30,"     FSETP.GEU.FTZ.AND P0, PT, R14, 20, PT ",,0,0,12800,409600,,,,,,,,,,,,,,,,,,,,,,,,,,,,,,,,,,,,,,,,
965,00000013 2faaed40,"     PLOP3.LUT P0, PT, P1, P0, PT, 0x8a, 0x0 ",,0,0,12800,409600,,,,,,,,,,,,,,,,,,,,,,,,,,,,,,,,,,,,,,,,
966,00000013 2faaed50,"@!P0 FMUL.FTZ R14, R14, 1.4426950216293334961 ",,2,1,12800,409600,,,,,,,0,0,0,0,0,0,0,0,0,0,0,0,0,0,0,0,2,0,0,0,0,0,0,0,0,0,0,0,0,0,0,0,0,1
967,00000013 2faaed60,"@!P0 MUFU.EX2 R19, R14 ",,5,2,12800,409600,,,,,,,0,0,0,0,0,0,0,0,0,0,0,0,0,0,0,0,5,0,0,0,0,0,0,0,0,0,0,0,0,0,0,0,0,2
968,00000013 2faaed70,     BSYNC B2 ,,13,8,25600,819200,,,,,,,0,0,0,0,0,0,0,0,0,0,12,0,0,0,0,0,1,0,0,0,0,0,0,0,0,0,0,7,0,0,0,0,0,1
969,00000013 2faaed80,"     BMOV.32.CLEAR RZ, B4 ",,13,8,25600,819200,,,,,,,0,0,0,0,0,0,0,0,0,0,11,0,0,0,0,0,2,0,0,0,0,0,0,0,0,0,0,6,0,0,0,0,0,2
970,00000013 2faaed90,"     BSSY B4, 0x132faaf3d0 ",,0,0,25600,819200,,,,,,,,,,,,,,,,,,,,,,,,,,,,,,,,,,,,,,,,
971,00000013 2faaeda0,"     IMAD.MOV.U32 R14, RZ, RZ, RZ ",,1,0,25600,819200,,,,,,,0,0,0,0,0,0,0,0,0,0,0,0,1,0,0,0,0,0,0,0,0,0,0,0,0,0,0,0,0,0,0,0,0,0
972,00000013 2faaedb0,@!P2 BRA 0x132faaf3c0 ,,1,0,25600,0,,,,,,,0,0,0,0,0,0,0,0,0,0,0,0,1,0,0,0,0,0,0,0,0,0,0,0,0,0,0,0,0,0,0,0,0,0
973,00000013 2faaedc0,"     ISETP.GT.AND P0, PT, R15, R48, PT ",,5,3,25600,819200,,,,,,,0,0,0,0,0,0,0,0,0,0,0,0,0,0,0,0,5,0,0,0,0,0,0,0,0,0,0,0,0,0,0,0,0,3
974,00000013 2faaedd0,"     BMOV.32.CLEAR RZ, B3 ",,1,0,25600,819200,,,,,,,0,0,0,0,0,0,0,0,0,0,0,0,1,0,0,0,0,0,0,0,0,0,0,0,0,0,0,0,0,0,0,0,0,0
975,00000013 2faaede0,"     BSSY B3, 0x132faaf280 ",,0,0,25600,819200,,,,,,,,,,,,,,,,,,,,,,,,,,,,,,,,,,,,,,,,
976,00000013 2faaedf0,"     IADD3 R23, R44, R13, R44 ",,1,0,25600,819200,,,,,,,0,0,0,0,0,0,0,0,0,0,0,0,1,0,0,0,0,0,0,0,0,0,0,0,0,0,0,0,0,0,0,0,0,0
977,00000013 2faaee00,"     IMAD.MOV.U32 R14, RZ, RZ, RZ ",,8,6,25600,819200,,,,,,,0,0,0,0,0,0,0,0,0,0,7,0,1,0,0,0,0,0,0,0,0,0,0,0,0,0,0,6,0,0,0,0,0,0
978,00000013 2faaee10,"     IMAD.MOV.U32 R16, RZ, RZ, R48 ",,0,0,25600,819200,,,,,,,,,,,,,,,,,,,,,,,,,,,,,,,,,,,,,,,,
979,00000013 2faaee20,@!P0 BRA 0x132faaf270 ,,10,3,25600,409600,,,,,,,0,0,0,0,0,0,0,0,1,0,0,2,2,0,0,0,5,0,0,0,0,0,0,0,0,0,0,0,0,0,0,0,0,3
980,00000013 2faaee30,"     BMOV.32.CLEAR RZ, B2 ",,3,0,12800,409600,,,,,,,0,0,0,0,0,0,0,0,0,0,0,0,2,0,0,0,1,0,0,0,0,0,0,0,0,0,0,0,0,0,0,0,0,0
981,00000013 2faaee40,"     BSSY B2, 0x132faaf240 ",,0,0,12800,409600,,,,,,,,,,,,,,,,,,,,,,,,,,,,,,,,,,,,,,,,
982,00000013 2faaee50,"@!PT SHFL.IDX PT, RZ, RZ, RZ, RZ ",,1,0,12800,0,,,,,,,0,0,0,0,0,0,0,0,0,0,0,0,1,0,0,0,0,0,0,0,0,0,0,0,0,0,0,0,0,0,0,0,0,0
983,00000013 2faaee60,"     IMAD.IADD R21, R16, 0x1, R49 ",,0,0,12800,409600,,,,,,,,,,,,,,,,,,,,,,,,,,,,,,,,,,,,,,,,
984,00000013 2faaee70,"     BMOV.32.CLEAR RZ, B5 ",,0,0,12800,409600,,,,,,,,,,,,,,,,,,,,,,,,,,,,,,,,,,,,,,,,
985,00000013 2faaee80,"     BSSY B5, 0x132faaefc0 ",,4,2,12800,409600,,,,,,,0,0,0,0,0,0,0,0,0,0,4,0,0,0,0,0,0,0,0,0,0,0,0,0,0,0,0,2,0,0,0,0,0,0
986,00000013 2faaee90,"     ISETP.GE.AND P0, PT, R21, c[0x0][0x18c], PT ",,3,1,12800,409600,,,,,,,0,0,0,0,0,0,0,0,0,0,0,1,0,0,0,0,2,0,0,0,0,0,0,0,0,0,0,0,0,0,0,0,0,1
987,00000013 2faaeea0,"     IADD3 R17, R21, 0x20, RZ ",,1,0,12800,409600,,,,,,,0,0,0,0,0,0,0,0,0,0,0,0,0,0,0,0,1,0,0,0,0,0,0,0,0,0,0,0,0,0,0,0,0,0
988,00000013 2faaeeb0,"     IADD3 R18, R21, 0x40, RZ ",,0,0,12800,409600,,,,,,,,,,,,,,,,,,,,,,,,,,,,,,,,,,,,,,,,
989,00000013 2faaeec0,"     ISETP.GE.AND P4, PT, R17, c[0x0][0x18c], PT ",,6,1,12800,409600,,,,,,,0,0,0,0,0,0,1,0,0,0,0,3,1,0,0,0,1,0,0,0,0,0,0,1,0,0,0,0,0,0,0,0,0,0
990,00000013 2faaeed0,"     IMAD R17, R23, c[0x0][0x198], R16 ",,0,0,12800,409600,,,,,,,,,,,,,,,,,,,,,,,,,,,,,,,,,,,,,,,,
991,00000013 2faaeee0,"     IADD3 R20, R21, 0x60, RZ ",,0,0,12800,409600,,,,,,,,,,,,,,,,,,,,,,,,,,,,,,,,,,,,,,,,
992,00000013 2faaeef0,"     ISETP.GE.AND P3, PT, R18, c[0x0][0x18c], PT ",,0,0,12800,409600,,,,,,,,,,,,,,,,,,,,,,,,,,,,,,,,,,,,,,,,
993,00000013 2faaef00,"     IMAD R18, R17, 0x4, R36 ",,9,4,12800,409600,,,,,,,0,0,0,0,0,0,0,0,0,0,7,0,2,0,0,0,0,0,0,0,0,0,0,0,0,0,0,4,0,0,0,0,0,0
994,00000013 2faaef10,"     ISETP.GE.AND P1, PT, R20, c[0x0][0x18c], PT ",,1,0,12800,409600,,,,,,,0,0,0,0,0,0,0,0,0,0,0,0,1,0,0,0,0,0,0,0,0,0,0,0,0,0,0,0,0,0,0,0,0,0
995,00000013 2faaef20,@P0  BRA 0x132faaefb0 ,,1,1,12800,0,,,,,,,0,0,0,0,0,0,0,0,1,0,0,0,0,0,0,0,0,0,0,0,0,0,0,0,0,1,0,0,0,0,0,0,0,0
996,00000013 2faaef30,"     LDS.U R17, [R18+0x300] ",,7,2,12800,409600,Shared,Load,32,,12800,,0,0,0,0,0,0,0,0,0,0,0,0,0,0,0,0,7,0,0,0,0,0,0,0,0,0,0,0,0,0,0,0,0,2
997,00000013 2faaef40,"     FADD.FTZ R17, -R24, R17 ",,10,4,12800,409600,,,,,,,0,0,0,0,0,0,0,0,0,0,0,1,0,9,0,0,0,0,0,0,0,0,0,0,0,0,0,0,0,0,4,0,0,0
998,00000013 2faaef50,"     FSETP.GT.FTZ.AND P2, PT, R17, -12, PT ",,1,0,12800,409600,,,,,,,0,0,0,0,0,0,1,0,0,0,0,0,0,0,0,0,0,0,0,0,0,0,0,0,0,0,0,0,0,0,0,0,0,0
999,00000013 2faaef60,"     FSETP.GEU.FTZ.AND P0, PT, R17, 20, PT ",,0,0,12800,409600,,,,,,,,,,,,,,,,,,,,,,,,,,,,,,,,,,,,,,,,
1000,00000013 2faaef70,"     PLOP3.LUT P0, PT, P2, P0, PT, 0x8a, 0x0 ",,2,0,12800,409600,,,,,,,0,0,0,0,0,0,0,0,0,0,0,0,1,0,0,0,1,0,0,0,0,0,0,0,0,0,0,0,0,0,0,0,0,0
1001,00000013 2faaef80,"@!P0 FMUL.FTZ R17, R17, 1.4426950216293334961 ",,3,1,12800,409600,,,,,,,0,0,0,0,0,0,0,0,0,0,0,0,1,0,0,0,2,0,0,0,0,0,0,0,0,0,0,0,0,0,0,0,0,1
1002,00000013 2faaef90,"@!P0 MUFU.EX2 R17, R17 ",,0,0,12800,409600,,,,,,,,,,,,,,,,,,,,,,,,,,,,,,,,,,,,,,,,
1003,00000013 2faaefa0,"@!P0 FADD.FTZ R14, R14, R17 ",,4,2,12800,409600,,,,,,,0,0,0,0,0,0,0,0,0,0,0,0,0,4,0,0,0,0,0,0,0,0,0,0,0,0,0,0,0,0,2,0,0,0
1004,00000013 2faaefb0,     BSYNC B5 ,,6,2,12800,409600,,,,,,,0,0,0,0,0,0,0,0,0,0,0,1,1,0,0,0,4,0,0,0,0,0,0,0,0,0,0,0,0,0,0,0,0,2
1005,00000013 2faaefc0,"     BMOV.32.CLEAR RZ, B5 ",,1,0,12800,409600,,,,,,,0,0,0,0,0,0,0,0,0,0,1,0,0,0,0,0,0,0,0,0,0,0,0,0,0,0,0,0,0,0,0,0,0,0
1006,00000013 2faaefd0,"     BSSY B5, 0x132faaf080 ",,0,0,12800,409600,,,,,,,,,,,,,,,,,,,,,,,,,,,,,,,,,,,,,,,,
1007,00000013 2faaefe0,@P4  BRA 0x132faaf070 ,,1,0,12800,0,,,,,,,0,0,0,0,0,0,0,0,0,0,0,0,1,0,0,0,0,0,0,0,0,0,0,0,0,0,0,0,0,0,0,0,0,0
1008,00000013 2faaeff0,"     LDS.U R17, [R18+0x380] ",,0,0,12800,409600,Shared,Load,32,,12800,,,,,,,,,,,,,,,,,,,,,,,,,,,,,,,,,,,
1009,00000013 2faaf000,"     FADD.FTZ R17, -R24, R17 ",,12,2,12800,409600,,,,,,,0,0,0,0,0,0,0,0,0,0,2,1,2,7,0,0,0,0,0,0,0,0,0,0,0,0,0,0,0,0,2,0,0,0
1010,00000013 2faaf010,"     FSETP.GT.FTZ.AND P2, PT, R17, -12, PT ",,0,0,12800,409600,,,,,,,,,,,,,,,,,,,,,,,,,,,,,,,,,,,,,,,,
1011,00000013 2faaf020,"     FSETP.GEU.FTZ.AND P0, PT, R17, 20, PT ",,0,0,12800,409600,,,,,,,,,,,,,,,,,,,,,,,,,,,,,,,,,,,,,,,,
1012,00000013 2faaf030,"     PLOP3.LUT P0, PT, P2, P0, PT, 0x8a, 0x0 ",,2,1,12800,409600,,,,,,,0,0,0,0,0,0,1,0,0,0,0,0,1,0,0,0,0,0,0,0,0,0,0,1,0,0,0,0,0,0,0,0,0,0
1013,00000013 2faaf040,"@!P0 FMUL.FTZ R17, R17, 1.4426950216293334961 ",,2,1,12800,409600,,,,,,,0,0,0,0,0,0,0,0,0,0,0,0,0,0,0,0,2,0,0,0,0,0,0,0,0,0,0,0,0,0,0,0,0,1
1014,00000013 2faaf050,"@!P0 MUFU.EX2 R17, R17 ",,5,2,12800,409600,,,,,,,0,0,0,0,0,0,0,0,0,0,0,1,1,0,0,0,3,0,0,0,0,0,0,0,0,0,0,0,0,0,0,0,0,2
1015,00000013 2faaf060,"@!P0 FADD.FTZ R14, R14, R17 ",,9,5,12800,409600,,,,,,,0,0,0,0,0,0,0,0,0,0,0,0,1,6,0,0,2,0,0,0,0,0,0,0,0,0,0,0,0,0,4,0,0,1
1016,00000013 2faaf070,     BSYNC B5 ,,6,3,12800,409600,,,,,,,0,0,0,0,0,0,0,0,0,0,0,1,1,0,0,0,4,0,0,0,0,0,0,0,0,0,0,0,0,0,0,0,0,3
1017,00000013 2faaf080,"     BMOV.32.CLEAR RZ, B5 ",,7,6,12800,409600,,,,,,,0,0,0,0,0,0,0,0,0,0,6,0,0,0,0,0,1,0,0,0,0,0,0,0,0,0,0,6,0,0,0,0,0,0
1018,00000013 2faaf090,"     BSSY B5, 0x132faaf140 ",,1,0,12800,409600,,,,,,,0,0,0,0,0,0,0,0,0,0,0,0,1,0,0,0,0,0,0,0,0,0,0,0,0,0,0,0,0,0,0,0,0,0
1019,00000013 2faaf0a0,@P3  BRA 0x132faaf130 ,,0,0,12800,0,,,,,,,,,,,,,,,,,,,,,,,,,,,,,,,,,,,,,,,,
1020,00000013 2faaf0b0,"     LDS.U R17, [R18+0x400] ",,1,0,12800,409600,Shared,Load,32,,12800,,0,0,0,0,0,0,0,0,0,0,0,0,0,0,0,0,1,0,0,0,0,0,0,0,0,0,0,0,0,0,0,0,0,0
1021,00000013 2faaf0c0,"     FADD.FTZ R17, -R24, R17 ",,3,2,12800,409600,,,,,,,0,0,0,0,0,0,0,0,0,0,0,0,0,3,0,0,0,0,0,0,0,0,0,0,0,0,0,0,0,0,2,0,0,0
1022,00000013 2faaf0d0,"     FSETP.GT.FTZ.AND P2, PT, R17, -12, PT ",,2,0,12800,409600,,,,,,,0,0,0,0,0,0,0,0,0,0,0,1,0,0,0,0,1,0,0,0,0,0,0,0,0,0,0,0,0,0,0,0,0,0
1023,00000013 2faaf0e0,"     FSETP.GEU.FTZ.AND P0, PT, R17, 20, PT ",,0,0,12800,409600,,,,,,,,,,,,,,,,,,,,,,,,,,,,,,,,,,,,,,,,
1024,00000013 2faaf0f0,"     PLOP3.LUT P0, PT, P2, P0, PT, 0x8a, 0x0 ",,4,1,12800,409600,,,,,,,0,0,0,0,0,0,0,0,0,0,0,1,0,0,0,0,3,0,0,0,0,0,0,0,0,0,0,0,0,0,0,0,0,1
1025,00000013 2faaf100,"@!P0 FMUL.FTZ R17, R17, 1.4426950216293334961 ",,14,12,12800,409600,,,,,,,0,0,0,0,0,0,0,0,0,0,11,0,0,0,0,0,3,0,0,0,0,0,0,0,0,0,0,11,0,0,0,0,0,1
1026,00000013 2faaf110,"@!P0 MUFU.EX2 R17, R17 ",,0,0,12800,409600,,,,,,,,,,,,,,,,,,,,,,,,,,,,,,,,,,,,,,,,
1027,00000013 2faaf120,"@!P0 FADD.FTZ R14, R14, R17 ",,5,1,12800,409600,,,,,,,0,0,0,0,0,0,0,0,0,0,0,1,0,4,0,0,0,0,0,0,0,0,0,0,0,0,0,0,0,0,1,0,0,0
1028,00000013 2faaf130,     BSYNC B5 ,,1,1,12800,409600,,,,,,,0,0,0,0,0,0,0,0,0,0,0,0,0,0,0,0,1,0,0,0,0,0,0,0,0,0,0,0,0,0,0,0,0,1
1029,00000013 2faaf140,"     BMOV.32.CLEAR RZ, B5 ",,2,1,12800,409600,,,,,,,0,0,0,0,0,0,0,0,0,0,1,1,0,0,0,0,0,0,0,0,0,0,0,0,0,0,0,1,0,0,0,0,0,0
1030,00000013 2faaf150,"     BSSY B5, 0x132faaf200 ",,0,0,12800,409600,,,,,,,,,,,,,,,,,,,,,,,,,,,,,,,,,,,,,,,,
1031,00000013 2faaf160,@P1  BRA 0x132faaf1f0 ,,0,0,12800,0,,,,,,,,,,,,,,,,,,,,,,,,,,,,,,,,,,,,,,,,
1032,00000013 2faaf170,"     LDS.U R17, [R18+0x480] ",,2,0,12800,409600,Shared,Load,32,,12800,,0,0,0,0,0,0,0,0,0,0,0,1,0,0,0,0,1,0,0,0,0,0,0,0,0,0,0,0,0,0,0,0,0,0
1033,00000013 2faaf180,"     FADD.FTZ R17, -R24, R17 ",,11,7,12800,409600,,,,,,,0,0,0,0,0,0,0,0,0,0,3,1,1,6,0,0,0,0,0,0,0,0,0,0,0,0,0,3,0,0,4,0,0,0
1034,00000013 2faaf190,"     FSETP.GT.FTZ.AND P1, PT, R17, -12, PT ",,3,0,12800,409600,,,,,,,0,0,0,0,0,0,0,0,0,0,0,1,1,0,0,0,1,0,0,0,0,0,0,0,0,0,0,0,0,0,0,0,0,0
1035,00000013 2faaf1a0,"     FSETP.GEU.FTZ.AND P0, PT, R17, 20, PT ",,0,0,12800,409600,,,,,,,,,,,,,,,,,,,,,,,,,,,,,,,,,,,,,,,,
1036,00000013 2faaf1b0,"     PLOP3.LUT P0, PT, P1, P0, PT, 0x8a, 0x0 ",,4,1,12800,409600,,,,,,,0,0,0,0,0,0,0,0,0,0,0,1,1,0,0,0,2,0,0,0,0,0,0,0,0,0,0,0,0,0,0,0,0,1
1037,00000013 2faaf1c0,"@!P0 FMUL.FTZ R17, R17, 1.4426950216293334961 ",,5,3,12800,409600,,,,,,,0,0,0,0,0,0,0,0,0,0,0,0,0,0,0,0,5,0,0,0,0,0,0,0,0,0,0,0,0,0,0,0,0,3
1038,00000013 2faaf1d0,"@!P0 MUFU.EX2 R17, R17 ",,6,3,12800,409600,,,,,,,0,0,0,0,0,0,0,0,0,0,0,1,2,0,0,0,3,0,0,0,0,0,0,0,0,0,0,0,0,0,0,0,0,3
1039,00000013 2faaf1e0,"@!P0 FADD.FTZ R14, R14, R17 ",,5,4,12800,409600,,,,,,,0,0,0,0,0,0,0,0,0,0,0,0,0,4,0,0,1,0,0,0,0,0,0,0,0,0,0,0,0,0,3,0,0,1
1040,00000013 2faaf1f0,     BSYNC B5 ,,3,2,12800,409600,,,,,,,0,0,0,0,0,0,0,0,0,0,0,0,0,0,0,0,3,0,0,0,0,0,0,0,0,0,0,0,0,0,0,0,0,2
1041,00000013 2faaf200,"     IADD3 R16, R16, 0x80, RZ ",,4,2,12800,409600,,,,,,,0,0,0,0,0,0,0,0,0,0,4,0,0,0,0,0,0,0,0,0,0,0,0,0,0,0,0,2,0,0,0,0,0,0
1042,00000013 2faaf210,"     ISETP.GE.AND P0, PT, R16, R15, PT ",,2,0,12800,409600,,,,,,,0,0,0,0,0,0,0,0,0,0,0,1,1,0,0,0,0,0,0,0,0,0,0,0,0,0,0,0,0,0,0,0,0,0
1043,00000013 2faaf220,@!P0 BRA 0x132faaee50 ,,3,1,12800,0,,,,,,,0,0,0,0,0,0,0,0,0,0,0,0,2,0,0,0,1,0,0,0,0,0,0,0,0,0,0,0,0,0,0,0,0,1
1044,00000013 2faaf230,     BSYNC B2 ,,3,1,12800,409600,,,,,,,0,0,0,0,0,0,0,0,0,0,0,1,0,0,0,0,2,0,0,0,0,0,0,0,0,0,0,0,0,0,0,0,0,1
1045,00000013 2faaf240,"     ISETP.GE.AND P0, PT, R16, R51, PT ",,5,3,12800,409600,,,,,,,0,0,0,0,0,0,1,0,0,0,1,0,0,0,0,0,3,0,0,0,0,0,0,1,0,0,0,1,0,0,0,0,0,1
1046,00000013 2faaf250,@P0  BREAK B3 ,,8,3,12800,409600,,,,,,,0,0,0,0,0,0,0,0,0,0,0,1,1,0,0,0,6,0,0,0,0,0,0,0,0,0,0,0,0,0,0,0,0,3
1047,00000013 2faaf260,@P0  BRA 0x132faaf3c0 ,,1,1,12800,409600,,,,,,,0,0,0,0,0,0,0,0,0,0,1,0,0,0,0,0,0,0,0,0,0,0,0,0,0,0,0,1,0,0,0,0,0,0
1048,00000013 2faaf270,     BSYNC B3 ,,22,13,12800,409600,,,,,,,0,0,0,0,0,0,0,0,0,0,21,0,1,0,0,0,0,0,0,0,0,0,0,0,0,0,0,13,0,0,0,0,0,0
1049,00000013 2faaf280,"@!PT SHFL.IDX PT, RZ, RZ, RZ, RZ ",,15,10,12800,0,,,,,,,0,0,0,0,0,0,0,0,0,0,15,0,0,0,0,0,0,0,0,0,0,0,0,0,0,0,0,10,0,0,0,0,0,0
1050,00000013 2faaf290,"     IMAD.IADD R17, R16, 0x1, R49 ",,0,0,12800,409600,,,,,,,,,,,,,,,,,,,,,,,,,,,,,,,,,,,,,,,,
1051,00000013 2faaf2a0,"     BMOV.32.CLEAR RZ, B2 ",,0,0,12800,409600,,,,,,,,,,,,,,,,,,,,,,,,,,,,,,,,,,,,,,,,
1052,00000013 2faaf2b0,"     BSSY B2, 0x132faaf390 ",,0,0,12800,409600,,,,,,,,,,,,,,,,,,,,,,,,,,,,,,,,,,,,,,,,
1053,00000013 2faaf2c0,"     ISETP.GE.AND P0, PT, R17, c[0x0][0x18c], PT ",,1,0,12800,409600,,,,,,,0,0,0,0,0,0,0,0,0,0,0,0,0,0,0,0,1,0,0,0,0,0,0,0,0,0,0,0,0,0,0,0,0,0
1054,00000013 2faaf2d0,@P0  BRA 0x132faaf380 ,,5,3,12800,0,,,,,,,0,0,0,0,0,0,0,0,0,0,0,0,0,0,0,0,5,0,0,0,0,0,0,0,0,0,0,0,0,0,0,0,0,3
1055,00000013 2faaf2e0,"     IMAD R17, R23, c[0x0][0x198], R16 ",,1,0,12800,409600,,,,,,,0,0,0,0,0,0,0,0,0,0,0,0,0,0,0,0,1,0,0,0,0,0,0,0,0,0,0,0,0,0,0,0,0,0
1056,00000013 2faaf2f0,"     IMAD R17, R17, 0x4, R36 ",,4,1,12800,409600,,,,,,,0,0,0,0,0,0,1,0,0,0,0,3,0,0,0,0,0,0,0,0,0,0,0,1,0,0,0,0,0,0,0,0,0,0
1057,00000013 2faaf300,"     LDS.U R17, [R17+0x300] ",,7,3,12800,409600,Shared,Load,32,,12800,,0,0,0,0,0,0,0,0,0,0,5,0,0,0,0,0,2,0,0,0,0,0,0,0,0,0,0,2,0,0,0,0,0,1
1058,00000013 2faaf310,"     FADD.FTZ R18, -R24, R17 ",,13,8,12800,409600,,,,,,,0,0,0,0,0,0,0,0,0,0,0,0,1,12,0,0,0,0,0,0,0,0,0,0,0,0,0,0,0,0,8,0,0,0
1059,00000013 2faaf320,"     FSETP.GT.FTZ.AND P1, PT, R18, -12, PT ",,2,0,12800,409600,,,,,,,0,1,0,0,0,0,0,0,0,0,0,0,1,0,0,0,0,0,0,0,0,0,0,0,0,0,0,0,0,0,0,0,0,0
1060,00000013 2faaf330,"     FSETP.GEU.FTZ.AND P0, PT, R18, 20, PT ",,2,1,12800,409600,,,,,,,0,0,0,0,0,0,1,0,0,0,0,0,0,0,0,0,1,0,0,0,0,0,0,0,0,0,0,0,0,0,0,0,0,1
1061,00000013 2faaf340,"     PLOP3.LUT P0, PT, P1, P0, PT, 0x8a, 0x0 ",,0,0,12800,409600,,,,,,,,,,,,,,,,,,,,,,,,,,,,,,,,,,,,,,,,
1062,00000013 2faaf350,"@!P0 FMUL.FTZ R18, R18, 1.4426950216293334961 ",,7,4,12800,409600,,,,,,,0,0,0,0,0,0,0,0,0,0,0,0,0,0,0,0,7,0,0,0,0,0,0,0,0,0,0,0,0,0,0,0,0,4
1063,00000013 2faaf360,"@!P0 MUFU.EX2 R21, R18 ",,4,2,12800,409600,,,,,,,0,0,0,0,0,0,0,0,0,0,0,1,0,0,0,0,3,0,0,0,0,0,0,0,0,0,0,0,0,0,0,0,0,2
1064,00000013 2faaf370,"@!P0 FADD.FTZ R14, R14, R21 ",,8,4,12800,409600,,,,,,,0,0,0,0,0,0,0,0,0,0,0,0,1,6,0,0,1,0,0,0,0,0,0,0,0,0,0,0,0,0,4,0,0,0
1065,00000013 2faaf380,     BSYNC B2 ,,4,3,12800,409600,,,,,,,0,0,0,0,0,0,0,0,0,0,2,0,0,0,0,0,2,0,0,0,0,0,0,0,0,0,0,2,0,0,0,0,0,1
1066,00000013 2faaf390,"     IADD3 R16, R16, 0x20, RZ ",,4,3,12800,409600,,,,,,,0,0,0,0,0,0,0,0,0,0,2,0,1,0,0,0,1,0,0,0,0,0,0,0,0,0,0,2,0,0,0,0,0,1
1067,00000013 2faaf3a0,"     ISETP.GE.AND P0, PT, R16, R51, PT ",,3,1,12800,409600,,,,,,,0,0,0,0,0,0,1,0,0,0,0,0,1,0,0,0,1,0,0,0,0,0,0,1,0,0,0,0,0,0,0,0,0,0
1068,00000013 2faaf3b0,@!P0 BRA 0x132faaf280 ,,2,0,12800,0,,,,,,,0,0,0,0,0,0,0,0,0,0,0,0,0,0,0,0,2,0,0,0,0,0,0,0,0,0,0,0,0,0,0,0,0,0
1069,00000013 2faaf3c0,     BSYNC B4 ,,6,3,25600,819200,,,,,,,0,0,0,0,0,0,0,0,0,0,5,0,0,0,0,0,1,0,0,0,0,0,0,0,0,0,0,3,0,0,0,0,0,0
1070,00000013 2faaf3d0,     BRA.DIV 0x132fab7770 ,,14,4,25600,819200,,,,,,,0,0,0,0,0,0,0,0,0,0,7,3,1,0,0,0,3,0,0,0,0,0,0,0,0,0,0,3,0,0,0,0,0,1
1071,00000013 2faaf3e0,"     SHFL.BFLY PT, R17, R14, 0x10, 0x1f ",,9,5,25600,819200,,,,,,,0,0,0,0,0,0,0,0,0,0,2,1,0,0,0,0,6,0,0,0,0,0,0,0,0,0,0,2,0,0,0,0,0,3
1072,00000013 2faaf3f0,"     FADD.FTZ R17, R17, R14 ",,16,10,25600,819200,,,,,,,0,0,0,0,0,0,1,0,0,0,0,0,2,12,0,0,1,0,0,0,0,0,0,1,0,0,0,0,0,0,9,0,0,0
1073,00000013 2faaf400,"     SHFL.BFLY PT, R16, R17, 0x8, 0x1f ",,11,8,25600,819200,,,,,,,0,0,0,0,0,0,0,0,0,0,4,0,0,0,0,0,7,0,0,0,0,0,0,0,0,0,0,4,0,0,0,0,0,4
1074,00000013 2faaf410,"     FADD.FTZ R16, R17, R16 ",,16,10,25600,819200,,,,,,,0,0,0,0,0,0,0,0,0,0,0,1,0,15,0,0,0,0,0,0,0,0,0,0,0,0,0,0,0,0,10,0,0,0
1075,00000013 2faaf420,"     SHFL.BFLY PT, R21, R16, 0x4, 0x1f ",,5,2,25600,819200,,,,,,,0,0,0,0,0,0,0,0,0,0,0,0,1,0,0,0,4,0,0,0,0,0,0,0,0,0,0,0,0,0,0,0,0,2
1076,00000013 2faaf430,"     FADD.FTZ R21, R16, R21 ",,14,7,25600,819200,,,,,,,0,0,0,0,0,0,0,0,0,0,0,0,2,11,0,0,1,0,0,0,0,0,0,0,0,0,0,0,0,0,7,0,0,0
1077,00000013 2faaf440,"     SHFL.BFLY PT, R18, R21, 0x2, 0x1f ",,5,1,25600,819200,,,,,,,0,1,0,0,0,0,0,0,0,0,0,1,0,0,0,0,3,0,0,0,0,0,0,0,0,0,0,0,0,0,0,0,0,1
1078,00000013 2faaf450,"     FADD.FTZ R18, R21, R18 ",,13,4,25600,819200,,,,,,,0,0,0,0,0,0,0,0,0,0,0,0,1,11,0,0,1,0,0,0,0,0,0,0,0,0,0,0,0,0,4,0,0,0
1079,00000013 2faaf460,"     SHFL.BFLY PT, R23, R18, 0x1, 0x1f ",,3,1,25600,819200,,,,,,,0,0,0,0,0,0,0,0,0,0,0,0,1,0,0,0,2,0,0,0,0,0,0,0,0,0,0,0,0,0,0,0,0,1
1080,00000013 2faaf470,"     ISETP.NE.AND P0, PT, R48, RZ, PT ",,3,1,25600,819200,,,,,,,0,0,0,0,0,0,0,0,0,0,0,0,2,0,0,0,1,0,0,0,0,0,0,0,0,0,0,0,0,0,0,0,0,1
1081,00000013 2faaf480,"     FADD.FTZ R23, R23, R18 ",,20,7,25600,819200,,,,,,,0,1,0,0,0,0,1,0,0,0,1,0,2,15,0,0,0,0,0,0,0,0,0,0,0,0,0,1,0,0,6,0,0,0
1082,00000013 2faaf490,"@!P0 IADD3 R14, R44, R13, R44 ",,9,3,25600,25600,,,,,,,0,0,0,0,0,0,0,0,0,0,0,0,2,0,0,0,7,0,0,0,0,0,0,0,0,0,0,0,0,0,0,0,0,3
1083,00000013 2faaf4a0,"@!P0 FFMA.FTZ R12, R12, R19, R23 ",,0,0,25600,25600,,,,,,,,,,,,,,,,,,,,,,,,,,,,,,,,,,,,,,,,
1084,00000013 2faaf4b0,"@!P0 IMAD.IADD R17, R37, 0x1, R14 ",,5,1,25600,25600,,,,,,,0,0,0,0,0,0,0,0,0,0,0,2,1,0,0,0,2,0,0,0,0,0,0,0,0,0,0,0,0,0,0,0,0,1
1085,00000013 2faaf4c0,"@!P0 IMAD R17, R17, 0x4, R36 ",,5,2,25600,25600,,,,,,,0,1,0,0,0,0,0,0,0,0,0,2,0,0,0,0,2,0,0,0,0,0,0,0,0,0,0,0,0,0,0,0,0,2
1086,00000013 2faaf4d0,"@!P0 STS [R17+0x300], R24 ",,3,1,25600,25600,Shared,Store,32,,25600,,0,0,0,0,0,0,0,0,0,0,0,0,1,0,0,0,2,0,0,0,0,0,0,0,0,0,0,0,0,0,0,0,0,1
1087,00000013 2faaf4e0,"@!P0 STS [R17+0x340], R12 ",,2,0,25600,25600,Shared,Store,32,,25600,,0,0,0,0,0,0,0,0,0,0,0,0,1,0,0,0,1,0,0,0,0,0,0,0,0,0,0,0,0,0,0,0,0,0
1088,00000013 2faaf4f0,     BSYNC B1 ,,2,0,25600,819200,,,,,,,0,0,0,0,0,0,0,0,1,0,0,0,0,0,0,0,1,0,0,0,0,0,0,0,0,0,0,0,0,0,0,0,0,0
1089,00000013 2faaf500,"     IADD3 R17, R44, R13, R44 ",,13,2,25600,819200,,,,,,,0,0,0,0,0,0,0,0,0,0,10,0,0,1,0,0,2,0,0,0,0,0,0,0,0,0,0,1,0,0,0,0,0,1
1090,00000013 2faaf510,"     IMAD.IADD R12, R44, 0x1, R17 ",,3,1,25600,819200,,,,,,,0,0,0,0,0,0,0,0,0,0,0,0,1,0,0,0,2,0,0,0,0,0,0,0,0,0,0,0,0,0,0,0,0,1
1091,00000013 2faaf520,"     ISETP.GT.AND P0, PT, R12, 0xf, PT ",,5,2,25600,819200,,,,,,,0,0,0,0,0,0,0,0,0,0,0,0,0,0,0,0,5,0,0,0,0,0,0,0,0,0,0,0,0,0,0,0,0,2
1092,00000013 2faaf530,@P0  BRA 0x132fab0220 ,,9,2,25600,0,,,,,,,0,0,0,0,0,0,0,0,0,0,0,0,2,0,0,0,7,0,0,0,0,0,0,0,0,0,0,0,0,0,0,0,0,2
1093,00000013 2faaf540,"     IMAD.IADD R14, R43, 0x1, R12 ",,2,0,25600,819200,,,,,,,0,0,0,0,0,0,0,0,0,0,0,0,1,0,0,0,1,0,0,0,0,0,0,0,0,0,0,0,0,0,0,0,0,0
1094,00000013 2faaf550,"     BMOV.32.CLEAR RZ, B1 ",,1,0,25600,819200,,,,,,,0,0,0,0,0,0,0,0,0,0,0,0,1,0,0,0,0,0,0,0,0,0,0,0,0,0,0,0,0,0,0,0,0,0
1095,00000013 2faaf560,"     BSSY B1, 0x132fab01f0 ",,1,0,25600,819200,,,,,,,0,0,0,0,0,0,0,0,0,0,0,0,1,0,0,0,0,0,0,0,0,0,0,0,0,0,0,0,0,0,0,0,0,0
1096,00000013 2faaf570,"     ISETP.GE.AND P0, PT, R14, c[0x0][0x18c], PT ",,0,0,25600,819200,,,,,,,,,,,,,,,,,,,,,,,,,,,,,,,,,,,,,,,,
1097,00000013 2faaf580,@P0  BRA 0x132fab01e0 ,,12,5,25600,0,,,,,,,0,0,0,0,0,0,0,0,0,0,2,0,3,0,0,0,7,0,0,0,0,0,0,0,0,0,0,2,0,0,0,0,0,3
1098,00000013 2faaf590,"     IMAD.IADD R17, R37, 0x1, R12 ",,6,4,25600,819200,,,,,,,0,0,0,0,0,0,0,0,0,0,0,0,1,0,0,0,5,0,0,0,0,0,0,0,0,0,0,0,0,0,0,0,0,4
1099,00000013 2faaf5a0,"     ISETP.GT.AND P0, PT, R51, R48, PT ",,1,0,25600,819200,,,,,,,0,0,0,0,0,0,0,0,0,0,0,0,1,0,0,0,0,0,0,0,0,0,0,0,0,0,0,0,0,0,0,0,0,0
1100,00000013 2faaf5b0,"     BMOV.32.CLEAR RZ, B2 ",,0,0,25600,819200,,,,,,,,,,,,,,,,,,,,,,,,,,,,,,,,,,,,,,,,
1101,00000013 2faaf5c0,"     BSSY B2, 0x132faaf8e0 ",,1,0,25600,819200,,,,,,,0,0,0,0,0,0,0,0,0,0,0,0,1,0,0,0,0,0,0,0,0,0,0,0,0,0,0,0,0,0,0,0,0,0
1102,00000013 2faaf5d0,"     IMAD R17, R17, 0x4, R36 ",,0,0,25600,819200,,,,,,,,,,,,,,,,,,,,,,,,,,,,,,,,,,,,,,,,
1103,00000013 2faaf5e0,"     IMAD.MOV.U32 R18, RZ, RZ, -0x1f528714 ",,0,0,25600,819200,,,,,,,,,,,,,,,,,,,,,,,,,,,,,,,,,,,,,,,,
1104,00000013 2faaf5f0,"     LDS.U R24, [R17+0x300] ",,5,1,25600,819200,Shared,Load,32,,25600,,0,0,0,0,0,0,0,0,0,0,0,1,1,0,0,0,3,0,0,0,0,0,0,0,0,0,0,0,0,0,0,0,0,1
1105,00000013 2faaf600,"     LDS.U R14, [R17+0x340] ",,11,8,25600,819200,Shared,Load,32,,25600,,0,0,0,0,0,0,0,0,1,0,7,0,1,0,0,0,2,0,0,0,0,0,0,0,0,1,0,6,0,0,0,0,0,1
1106,00000013 2faaf610,@!P0 BRA 0x132faaf8d0 ,,0,0,25600,0,,,,,,,,,,,,,,,,,,,,,,,,,,,,,,,,,,,,,,,,
1107,00000013 2faaf620,"     ISETP.GT.AND P0, PT, R15, R48, PT ",,5,2,25600,819200,,,,,,,0,0,0,0,0,0,0,0,0,0,0,0,1,0,0,0,4,0,0,0,0,0,0,0,0,0,0,0,0,0,0,0,0,2
1108,00000013 2faaf630,"     BMOV.32.CLEAR RZ, B3 ",,0,0,25600,819200,,,,,,,,,,,,,,,,,,,,,,,,,,,,,,,,,,,,,,,,
1109,00000013 2faaf640,"     BSSY B3, 0x132faaf840 ",,0,0,25600,819200,,,,,,,,,,,,,,,,,,,,,,,,,,,,,,,,,,,,,,,,
1110,00000013 2faaf650,"     IMAD.MOV.U32 R18, RZ, RZ, -0x1f528714 ",,0,0,25600,819200,,,,,,,,,,,,,,,,,,,,,,,,,,,,,,,,,,,,,,,,
1111,00000013 2faaf660,"     IMAD.MOV.U32 R16, RZ, RZ, R48 ",,2,1,25600,819200,,,,,,,0,0,0,0,0,0,2,0,0,0,0,0,0,0,0,0,0,0,0,0,0,0,0,1,0,0,0,0,0,0,0,0,0,0
1112,00000013 2faaf670,@!P0 BRA 0x132faaf830 ,,2,1,25600,409600,,,,,,,0,0,0,0,0,0,0,0,0,0,0,0,1,0,0,0,1,0,0,0,0,0,0,0,0,0,0,0,0,0,0,0,0,1
1113,00000013 2faaf680,"     BMOV.32.CLEAR RZ, B4 ",,6,4,12800,409600,,,,,,,0,0,0,0,0,0,0,0,0,0,0,0,0,0,0,0,6,0,0,0,0,0,0,0,0,0,0,0,0,0,0,0,0,4
1114,00000013 2faaf690,"     BSSY B4, 0x132faaf800 ",,0,0,12800,409600,,,,,,,,,,,,,,,,,,,,,,,,,,,,,,,,,,,,,,,,
1115,00000013 2faaf6a0,"     IMAD.IADD R19, R16, 0x1, R49 ",,1,0,12800,409600,,,,,,,0,0,0,0,0,0,0,0,0,0,0,0,0,0,0,0,1,0,0,0,0,0,0,0,0,0,0,0,0,0,0,0,0,0
1116,00000013 2faaf6b0,"     IADD3 R20, R16, 0x20, R49 ",,1,0,12800,409600,,,,,,,0,0,0,0,0,0,0,0,0,0,0,0,1,0,0,0,0,0,0,0,0,0,0,0,0,0,0,0,0,0,0,0,0,0
1117,00000013 2faaf6c0,"     IMAD R17, R12, c[0x0][0x198], R16 ",,0,0,12800,409600,,,,,,,,,,,,,,,,,,,,,,,,,,,,,,,,,,,,,,,,
1118,00000013 2faaf6d0,"     ISETP.GE.AND P0, PT, R19, c[0x0][0x18c], PT ",,3,1,12800,409600,,,,,,,0,0,0,0,0,0,1,0,0,0,0,0,2,0,0,0,0,0,0,0,0,0,0,1,0,0,0,0,0,0,0,0,0,0
1119,00000013 2faaf6e0,"     ISETP.GE.AND P1, PT, R20, c[0x0][0x18c], PT ",,1,0,12800,409600,,,,,,,0,0,0,0,0,0,0,0,0,0,0,0,1,0,0,0,0,0,0,0,0,0,0,0,0,0,0,0,0,0,0,0,0,0
1120,00000013 2faaf6f0,"     IMAD R20, R17, 0x4, R36 ",,0,0,12800,409600,,,,,,,,,,,,,,,,,,,,,,,,,,,,,,,,,,,,,,,,
1121,00000013 2faaf700,"     IADD3 R17, R16, 0x60, R49 ",,5,3,12800,409600,,,,,,,0,0,0,0,0,0,0,0,0,0,5,0,0,0,0,0,0,0,0,0,0,0,0,0,0,0,0,3,0,0,0,0,0,0
1122,00000013 2faaf710,"     IADD3 R19, R16, 0x40, R49 ",,1,0,12800,409600,,,,,,,0,0,0,0,0,0,0,0,0,0,0,0,1,0,0,0,0,0,0,0,0,0,0,0,0,0,0,0,0,0,0,0,0,0
1123,00000013 2faaf720,"     ISETP.GE.AND P3, PT, R17, c[0x0][0x18c], PT ",,0,0,12800,409600,,,,,,,,,,,,,,,,,,,,,,,,,,,,,,,,,,,,,,,,
1124,00000013 2faaf730,"     ISETP.GE.AND P2, PT, R19, c[0x0][0x18c], PT ",,0,0,12800,409600,,,,,,,,,,,,,,,,,,,,,,,,,,,,,,,,,,,,,,,,
1125,00000013 2faaf740,"@!P0 LDS.U R17, [R20+0x300] ",,0,0,12800,409600,Shared,Load,32,,12800,,,,,,,,,,,,,,,,,,,,,,,,,,,,,,,,,,,
1126,00000013 2faaf750,"     IADD3 R16, R16, 0x80, RZ ",,0,0,12800,409600,,,,,,,,,,,,,,,,,,,,,,,,,,,,,,,,,,,,,,,,
1127,00000013 2faaf760,"@!P1 LDS.U R19, [R20+0x380] ",,1,0,12800,409600,Shared,Load,32,,12800,,0,0,0,0,0,0,0,0,0,0,0,1,0,0,0,0,0,0,0,0,0,0,0,0,0,0,0,0,0,0,0,0,0,0
1128,00000013 2faaf770,"@!P3 LDS.U R23, [R20+0x480] ",,1,0,12800,409600,Shared,Load,32,,12800,,0,0,0,0,0,0,0,0,0,0,0,0,0,0,0,0,1,0,0,0,0,0,0,0,0,0,0,0,0,0,0,0,0,0
1129,00000013 2faaf780,"@!P2 LDS.U R21, [R20+0x400] ",,3,1,12800,409600,Shared,Load,32,,12800,,0,0,0,0,0,0,0,0,0,0,1,0,1,0,0,0,1,0,0,0,0,0,0,0,0,0,0,1,0,0,0,0,0,0
1130,00000013 2faaf790,"@!P0 FMNMX.FTZ R18, R18, R17, !PT ",,6,0,12800,409600,,,,,,,0,0,0,0,0,0,1,0,0,0,0,2,1,2,0,0,0,0,0,0,0,0,0,0,0,0,0,0,0,0,0,0,0,0
1131,00000013 2faaf7a0,"     ISETP.GE.AND P0, PT, R16, R15, PT ",,1,0,12800,409600,,,,,,,0,0,0,0,0,0,0,0,0,0,0,0,1,0,0,0,0,0,0,0,0,0,0,0,0,0,0,0,0,0,0,0,0,0
1132,00000013 2faaf7b0,"@!P1 FMNMX.FTZ R18, R18, R19, !PT ",,3,0,12800,409600,,,,,,,0,0,0,0,0,0,0,0,0,0,0,2,1,0,0,0,0,0,0,0,0,0,0,0,0,0,0,0,0,0,0,0,0,0
1133,00000013 2faaf7c0,"@!P2 FMNMX.FTZ R18, R18, R21, !PT ",,3,1,12800,409600,,,,,,,0,0,0,0,0,0,0,0,0,0,0,1,0,0,0,0,2,0,0,0,0,0,0,0,0,0,0,0,0,0,0,0,0,1
1134,00000013 2faaf7d0,"@!P3 FMNMX.FTZ R18, R18, R23, !PT ",,1,1,12800,409600,,,,,,,0,0,0,0,0,0,0,0,0,0,0,0,0,0,0,0,1,0,0,0,0,0,0,0,0,0,0,0,0,0,0,0,0,1
1135,00000013 2faaf7e0,@!P0 BRA 0x132faaf6a0 ,,1,1,12800,0,,,,,,,0,0,0,0,0,0,0,0,0,0,0,0,0,0,0,0,1,0,0,0,0,0,0,0,0,0,0,0,0,0,0,0,0,1
1136,00000013 2faaf7f0,     BSYNC B4 ,,2,1,12800,409600,,,,,,,0,0,0,0,0,0,0,0,0,0,0,0,1,0,0,0,1,0,0,0,0,0,0,0,0,0,0,0,0,0,0,0,0,1
1137,00000013 2faaf800,"     ISETP.GE.AND P0, PT, R16, R51, PT ",,9,5,12800,409600,,,,,,,0,0,0,0,0,0,0,0,0,0,6,1,1,0,0,0,1,0,0,0,0,0,0,0,0,0,0,4,0,0,0,0,0,1
1138,00000013 2faaf810,@P0  BREAK B3 ,,7,3,12800,409600,,,,,,,0,0,0,0,0,0,0,0,0,0,0,1,1,0,0,0,5,0,0,0,0,0,0,0,0,0,0,0,0,0,0,0,0,3
1139,00000013 2faaf820,@P0  BRA 0x132faaf8d0 ,,3,0,12800,409600,,,,,,,0,0,0,0,0,0,0,0,0,0,3,0,0,0,0,0,0,0,0,0,0,0,0,0,0,0,0,0,0,0,0,0,0,0
1140,00000013 2faaf830,     BSYNC B3 ,,16,8,12800,409600,,,,,,,0,0,0,0,0,0,0,0,0,1,13,0,0,0,0,0,2,0,0,0,0,0,0,0,0,0,0,7,0,0,0,0,0,1
1141,00000013 2faaf840,"     IMAD.IADD R17, R16, 0x1, R49 ",,4,3,12800,409600,,,,,,,0,0,0,0,0,0,0,0,0,0,3,0,0,0,0,0,1,0,0,0,0,0,0,0,0,0,0,2,0,0,0,0,0,1
1142,00000013 2faaf850,"     ISETP.GE.AND P0, PT, R17, c[0x0][0x18c], PT ",,0,0,12800,409600,,,,,,,,,,,,,,,,,,,,,,,,,,,,,,,,,,,,,,,,
1143,00000013 2faaf860,"@!P0 IMAD R17, R12, c[0x0][0x198], R16 ",,5,1,12800,409600,,,,,,,0,0,0,0,0,0,0,0,0,0,0,1,1,0,0,0,3,0,0,0,0,0,0,0,0,0,0,0,0,0,0,0,0,1
1144,00000013 2faaf870,"     IADD3 R16, R16, 0x20, RZ ",,1,0,12800,409600,,,,,,,0,0,0,0,0,0,0,0,0,0,0,0,1,0,0,0,0,0,0,0,0,0,0,0,0,0,0,0,0,0,0,0,0,0
1145,00000013 2faaf880,"@!P0 IMAD R17, R17, 0x4, R36 ",,7,1,12800,409600,,,,,,,0,0,0,0,0,0,0,0,0,0,6,1,0,0,0,0,0,0,0,0,0,0,0,0,0,0,0,1,0,0,0,0,0,0
1146,00000013 2faaf890,"     ISETP.GE.AND P1, PT, R16, R51, PT ",,0,0,12800,409600,,,,,,,,,,,,,,,,,,,,,,,,,,,,,,,,,,,,,,,,
1147,00000013 2faaf8a0,"@!P0 LDS.U R17, [R17+0x300] ",,2,0,12800,409600,Shared,Load,32,,12800,,0,0,0,0,0,0,0,0,0,0,0,0,0,0,0,0,2,0,0,0,0,0,0,0,0,0,0,0,0,0,0,0,0,0
1148,00000013 2faaf8b0,"@!P0 FMNMX.FTZ R18, R18, R17, !PT ",,4,1,12800,409600,,,,,,,0,0,0,0,0,0,0,0,0,0,0,0,0,4,0,0,0,0,0,0,0,0,0,0,0,0,0,0,0,0,1,0,0,0
1149,00000013 2faaf8c0,@!P1 BRA 0x132faaf840 ,,2,0,12800,0,,,,,,,0,0,0,0,0,0,0,0,0,0,0,1,0,0,0,0,1,0,0,0,0,0,0,0,0,0,0,0,0,0,0,0,0,0
1150,00000013 2faaf8d0,     BSYNC B2 ,,3,0,25600,819200,,,,,,,0,0,0,0,0,0,0,0,0,0,2,1,0,0,0,0,0,0,0,0,0,0,0,0,0,0,0,0,0,0,0,0,0,0
1151,00000013 2faaf8e0,     BRA.DIV 0x132fab7970 ,,5,2,25600,819200,,,,,,,0,0,0,0,0,0,0,0,0,0,2,1,0,0,0,0,2,0,0,0,0,0,0,0,0,0,0,1,0,0,0,0,0,1
1152,00000013 2faaf8f0,"     SHFL.BFLY PT, R17, R18, 0x10, 0x1f ",,1,0,25600,819200,,,,,,,0,0,0,0,0,0,0,0,0,0,0,0,0,0,0,0,1,0,0,0,0,0,0,0,0,0,0,0,0,0,0,0,0,0
1153,00000013 2faaf900,"     FMNMX.FTZ R17, R17, R18, !PT ",,25,11,25600,819200,,,,,,,0,0,0,0,0,0,1,0,0,0,6,0,2,14,0,0,2,0,0,0,0,0,0,0,0,0,0,3,0,0,6,0,0,2
1154,00000013 2faaf910,"     SHFL.BFLY PT, R16, R17, 0x8, 0x1f ",,5,1,25600,819200,,,,,,,0,0,0,0,0,0,0,0,0,0,0,0,1,0,0,0,4,0,0,0,0,0,0,0,0,0,0,0,0,0,0,0,0,1
1155,00000013 2faaf920,"     FMNMX.FTZ R16, R17, R16, !PT ",,16,10,25600,819200,,,,,,,0,1,0,0,0,0,0,0,0,0,0,0,0,14,0,0,1,0,0,0,0,0,0,0,0,0,0,0,0,0,10,0,0,0
1156,00000013 2faaf930,"     SHFL.BFLY PT, R19, R16, 0x4, 0x1f ",,4,0,25600,819200,,,,,,,0,0,0,0,0,0,0,0,0,0,0,0,0,0,0,0,4,0,0,0,0,0,0,0,0,0,0,0,0,0,0,0,0,0
1157,00000013 2faaf940,"     FMNMX.FTZ R19, R16, R19, !PT ",,14,3,25600,819200,,,,,,,0,0,0,0,0,0,0,0,0,1,0,0,1,12,0,0,0,0,0,0,0,0,0,0,0,0,0,0,0,0,3,0,0,0
1158,00000013 2faaf950,"     SHFL.BFLY PT, R20, R19, 0x2, 0x1f ",,3,1,25600,819200,,,,,,,0,0,0,0,0,0,0,0,0,0,0,0,1,0,0,0,2,0,0,0,0,0,0,0,0,0,0,0,0,0,0,0,0,1
1159,00000013 2faaf960,"     FMNMX.FTZ R20, R19, R20, !PT ",,18,6,25600,819200,,,,,,,0,0,0,0,0,0,0,0,0,0,0,1,0,17,0,0,0,0,0,0,0,0,0,0,0,0,0,0,0,0,6,0,0,0
1160,00000013 2faaf970,"     SHFL.BFLY PT, R21, R20, 0x1, 0x1f ",,5,1,25600,819200,,,,,,,0,0,0,0,0,0,0,0,0,0,0,0,2,0,0,0,3,0,0,0,0,0,0,0,0,0,0,0,0,0,0,0,0,1
1161,00000013 2faaf980,"     FSETP.GT.FTZ.AND P0, PT, R14, RZ, PT ",,14,7,25600,819200,,,,,,,0,0,0,0,0,0,0,0,0,0,1,0,1,11,0,0,1,0,0,0,0,0,0,0,0,0,0,1,0,0,5,0,0,1
1162,00000013 2faaf990,"     BMOV.32.CLEAR RZ, B2 ",,0,0,25600,819200,,,,,,,,,,,,,,,,,,,,,,,,,,,,,,,,,,,,,,,,
1163,00000013 2faaf9a0,"     FMNMX.FTZ R21, R21, R20, !PT ",,0,0,25600,819200,,,,,,,,,,,,,,,,,,,,,,,,,,,,,,,,,,,,,,,,
1164,00000013 2faaf9b0,"     BSSY B2, 0x132faafa80 ",,0,0,25600,819200,,,,,,,,,,,,,,,,,,,,,,,,,,,,,,,,,,,,,,,,
1165,00000013 2faaf9c0,"     ISETP.GT.AND P2, PT, R51, R48, PT ",,0,0,25600,819200,,,,,,,,,,,,,,,,,,,,,,,,,,,,,,,,,,,,,,,,
1166,00000013 2faaf9d0,"     IMAD.MOV.U32 R19, RZ, RZ, RZ ",,0,0,25600,819200,,,,,,,,,,,,,,,,,,,,,,,,,,,,,,,,,,,,,,,,
1167,00000013 2faaf9e0,"     FMNMX.FTZ R26, R24, R21, !PT ",,0,0,25600,819200,,,,,,,,,,,,,,,,,,,,,,,,,,,,,,,,,,,,,,,,
1168,00000013 2faaf9f0,@!P0 BRA 0x132faafa70 ,,6,0,25600,409600,,,,,,,0,1,0,0,0,0,0,0,0,0,0,0,2,0,0,0,3,0,0,0,0,0,0,0,0,0,0,0,0,0,0,0,0,0
1169,00000013 2faafa00,"     FADD.FTZ R16, R24, -R26 ",,9,4,12800,409600,,,,,,,0,0,0,0,0,0,0,0,0,0,7,0,0,0,0,0,2,0,0,0,0,0,0,0,0,0,0,4,0,0,0,0,0,0
1170,00000013 2faafa10,"     IMAD.MOV.U32 R19, RZ, RZ, RZ ",,1,0,12800,409600,,,,,,,0,0,0,0,0,0,0,0,0,0,0,0,1,0,0,0,0,0,0,0,0,0,0,0,0,0,0,0,0,0,0,0,0,0
1171,00000013 2faafa20,"     FSETP.GT.FTZ.AND P1, PT, R16, -20, PT ",,2,0,12800,409600,,,,,,,0,0,0,0,0,0,1,0,0,0,0,0,0,0,0,0,1,0,0,0,0,0,0,0,0,0,0,0,0,0,0,0,0,0
1172,00000013 2faafa30,"     FSETP.GEU.FTZ.AND P0, PT, R16, 20, PT ",,0,0,12800,409600,,,,,,,,,,,,,,,,,,,,,,,,,,,,,,,,,,,,,,,,
1173,00000013 2faafa40,"     PLOP3.LUT P0, PT, P1, P0, PT, 0x8a, 0x0 ",,1,0,12800,409600,,,,,,,0,0,0,0,0,0,0,0,0,0,0,1,0,0,0,0,0,0,0,0,0,0,0,0,0,0,0,0,0,0,0,0,0,0
1174,00000013 2faafa50,"@!P0 FMUL.FTZ R16, R16, 1.4426950216293334961 ",,2,1,12800,409600,,,,,,,0,0,0,0,0,0,1,0,0,0,0,1,0,0,0,0,0,0,0,0,0,0,0,1,0,0,0,0,0,0,0,0,0,0
1175,00000013 2faafa60,"@!P0 MUFU.EX2 R19, R16 ",,5,1,12800,409600,,,,,,,0,0,0,0,0,0,0,0,0,0,0,1,1,0,0,0,3,0,0,0,0,0,0,0,0,0,0,0,0,0,0,0,0,1
1176,00000013 2faafa70,     BSYNC B2 ,,5,3,25600,819200,,,,,,,0,0,0,0,0,0,0,0,0,0,5,0,0,0,0,0,0,0,0,0,0,0,0,0,0,0,0,3,0,0,0,0,0,0
1177,00000013 2faafa80,"     BMOV.32.CLEAR RZ, B4 ",,13,6,25600,819200,,,,,,,0,0,0,0,0,0,0,0,0,0,8,1,1,0,0,0,3,0,0,0,0,0,0,0,0,0,0,5,0,0,0,0,0,1
1178,00000013 2faafa90,"     BSSY B4, 0x132fab00c0 ",,0,0,25600,819200,,,,,,,,,,,,,,,,,,,,,,,,,,,,,,,,,,,,,,,,
1179,00000013 2faafaa0,"     IMAD.MOV.U32 R18, RZ, RZ, RZ ",,1,0,25600,819200,,,,,,,0,0,0,0,0,0,0,0,0,0,0,0,1,0,0,0,0,0,0,0,0,0,0,0,0,0,0,0,0,0,0,0,0,0
1180,00000013 2faafab0,@!P2 BRA 0x132fab00b0 ,,2,0,25600,0,,,,,,,0,0,0,0,0,0,0,0,0,0,0,0,2,0,0,0,0,0,0,0,0,0,0,0,0,0,0,0,0,0,0,0,0,0
1181,00000013 2faafac0,"     ISETP.GT.AND P0, PT, R15, R48, PT ",,2,1,25600,819200,,,,,,,0,0,0,0,0,0,0,0,0,0,0,0,1,0,0,0,1,0,0,0,0,0,0,0,0,0,0,0,0,0,0,0,0,1
1182,00000013 2faafad0,"     BMOV.32.CLEAR RZ, B3 ",,0,0,25600,819200,,,,,,,,,,,,,,,,,,,,,,,,,,,,,,,,,,,,,,,,
1183,00000013 2faafae0,"     BSSY B3, 0x132faaff70 ",,0,0,25600,819200,,,,,,,,,,,,,,,,,,,,,,,,,,,,,,,,,,,,,,,,
1184,00000013 2faafaf0,"     IMAD.MOV.U32 R18, RZ, RZ, RZ ",,0,0,25600,819200,,,,,,,,,,,,,,,,,,,,,,,,,,,,,,,,,,,,,,,,
1185,00000013 2faafb00,"     IMAD.MOV.U32 R16, RZ, RZ, R48 ",,4,1,25600,819200,,,,,,,0,0,0,0,0,0,0,0,0,0,2,0,0,0,0,0,2,0,0,0,0,0,0,0,0,0,0,1,0,0,0,0,0,0
1186,00000013 2faafb10,@!P0 BRA 0x132faaff60 ,,4,2,25600,409600,,,,,,,0,0,0,0,0,0,0,0,0,0,0,0,0,0,0,0,4,0,0,0,0,0,0,0,0,0,0,0,0,0,0,0,0,2
1187,00000013 2faafb20,"     BMOV.32.CLEAR RZ, B2 ",,2,1,12800,409600,,,,,,,0,0,0,0,0,0,0,0,0,0,0,0,1,0,0,0,1,0,0,0,0,0,0,0,0,0,0,0,0,0,0,0,0,1
1188,00000013 2faafb30,"     BSSY B2, 0x132faaff30 ",,0,0,12800,409600,,,,,,,,,,,,,,,,,,,,,,,,,,,,,,,,,,,,,,,,
1189,00000013 2faafb40,"@!PT SHFL.IDX PT, RZ, RZ, RZ, RZ ",,1,0,12800,0,,,,,,,0,0,0,0,0,0,0,0,0,0,0,0,0,0,0,0,1,0,0,0,0,0,0,0,0,0,0,0,0,0,0,0,0,0
1190,00000013 2faafb50,"     IMAD.IADD R22, R16, 0x1, R49 ",,2,0,12800,409600,,,,,,,0,0,0,0,0,0,0,0,0,0,0,0,2,0,0,0,0,0,0,0,0,0,0,0,0,0,0,0,0,0,0,0,0,0
1191,00000013 2faafb60,"     BMOV.32.CLEAR RZ, B5 ",,0,0,12800,409600,,,,,,,,,,,,,,,,,,,,,,,,,,,,,,,,,,,,,,,,
1192,00000013 2faafb70,"     BSSY B5, 0x132faafcb0 ",,0,0,12800,409600,,,,,,,,,,,,,,,,,,,,,,,,,,,,,,,,,,,,,,,,
1193,00000013 2faafb80,"     ISETP.GE.AND P0, PT, R22, c[0x0][0x18c], PT ",,6,2,12800,409600,,,,,,,0,0,0,0,0,0,1,0,0,0,4,0,0,0,0,0,1,0,0,0,0,0,0,0,0,0,0,2,0,0,0,0,0,0
1194,00000013 2faafb90,"     IADD3 R17, R22, 0x20, RZ ",,1,1,12800,409600,,,,,,,0,0,0,0,0,0,0,0,0,0,0,0,0,0,0,0,1,0,0,0,0,0,0,0,0,0,0,0,0,0,0,0,0,1
1195,00000013 2faafba0,"     IADD3 R20, R22, 0x40, RZ ",,0,0,12800,409600,,,,,,,,,,,,,,,,,,,,,,,,,,,,,,,,,,,,,,,,
1196,00000013 2faafbb0,"     ISETP.GE.AND P4, PT, R17, c[0x0][0x18c], PT ",,1,0,12800,409600,,,,,,,0,0,0,0,0,0,0,0,0,0,0,1,0,0,0,0,0,0,0,0,0,0,0,0,0,0,0,0,0,0,0,0,0,0
1197,00000013 2faafbc0,"     IMAD R17, R12, c[0x0][0x198], R16 ",,0,0,12800,409600,,,,,,,,,,,,,,,,,,,,,,,,,,,,,,,,,,,,,,,,
1198,00000013 2faafbd0,"     IADD3 R21, R22, 0x60, RZ ",,0,0,12800,409600,,,,,,,,,,,,,,,,,,,,,,,,,,,,,,,,,,,,,,,,
1199,00000013 2faafbe0,"     ISETP.GE.AND P3, PT, R20, c[0x0][0x18c], PT ",,1,1,12800,409600,,,,,,,0,0,0,0,0,0,0,0,0,0,0,0,0,0,0,0,1,0,0,0,0,0,0,0,0,0,0,0,0,0,0,0,0,1
1200,00000013 2faafbf0,"     IMAD R20, R17, 0x4, R36 ",,0,0,12800,409600,,,,,,,,,,,,,,,,,,,,,,,,,,,,,,,,,,,,,,,,
1201,00000013 2faafc00,"     ISETP.GE.AND P1, PT, R21, c[0x0][0x18c], PT ",,1,1,12800,409600,,,,,,,0,0,0,0,0,0,0,0,0,0,1,0,0,0,0,0,0,0,0,0,0,0,0,0,0,0,0,1,0,0,0,0,0,0
1202,00000013 2faafc10,@P0  BRA 0x132faafca0 ,,1,0,12800,0,,,,,,,0,0,0,0,0,0,0,0,0,0,0,0,1,0,0,0,0,0,0,0,0,0,0,0,0,0,0,0,0,0,0,0,0,0
1203,00000013 2faafc20,"     LDS.U R17, [R20+0x300] ",,4,2,12800,409600,Shared,Load,32,,12800,,0,0,0,0,0,0,0,0,0,0,0,0,0,0,0,0,4,0,0,0,0,0,0,0,0,0,0,0,0,0,0,0,0,2
1204,00000013 2faafc30,"     FADD.FTZ R17, -R26, R17 ",,3,1,12800,409600,,,,,,,0,0,0,0,0,0,0,0,0,0,0,0,0,2,0,0,1,0,0,0,0,0,0,0,0,0,0,0,0,0,1,0,0,0
1205,00000013 2faafc40,"     FSETP.GT.FTZ.AND P2, PT, R17, -12, PT ",,2,0,12800,409600,,,,,,,0,0,0,0,0,0,0,0,0,0,0,0,0,0,0,0,2,0,0,0,0,0,0,0,0,0,0,0,0,0,0,0,0,0
1206,00000013 2faafc50,"     FSETP.GEU.FTZ.AND P0, PT, R17, 20, PT ",,1,0,12800,409600,,,,,,,0,0,0,0,0,0,0,0,0,0,0,1,0,0,0,0,0,0,0,0,0,0,0,0,0,0,0,0,0,0,0,0,0,0
1207,00000013 2faafc60,"     PLOP3.LUT P0, PT, P2, P0, PT, 0x8a, 0x0 ",,4,1,12800,409600,,,,,,,0,0,0,0,0,0,0,0,0,0,0,0,0,0,0,0,4,0,0,0,0,0,0,0,0,0,0,0,0,0,0,0,0,1
1208,00000013 2faafc70,"@!P0 FMUL.FTZ R17, R17, 1.4426950216293334961 ",,2,1,12800,409600,,,,,,,0,0,0,0,0,0,1,0,0,0,0,1,0,0,0,0,0,0,0,0,0,0,0,1,0,0,0,0,0,0,0,0,0,0
1209,00000013 2faafc80,"@!P0 MUFU.EX2 R17, R17 ",,4,2,12800,409600,,,,,,,0,0,0,0,0,0,0,0,0,0,1,0,1,0,0,0,2,0,0,0,0,0,0,0,0,0,0,1,0,0,0,0,0,1
1210,00000013 2faafc90,"@!P0 FADD.FTZ R18, R18, R17 ",,5,2,12800,409600,,,,,,,0,0,0,0,0,0,0,0,0,0,0,0,1,3,0,0,1,0,0,0,0,0,0,0,0,0,0,0,0,0,1,0,0,1
1211,00000013 2faafca0,     BSYNC B5 ,,2,0,12800,409600,,,,,,,0,0,0,0,0,0,0,0,0,0,0,1,0,0,0,0,1,0,0,0,0,0,0,0,0,0,0,0,0,0,0,0,0,0
1212,00000013 2faafcb0,"     BMOV.32.CLEAR RZ, B5 ",,2,2,12800,409600,,,,,,,0,0,0,0,0,0,0,0,0,0,2,0,0,0,0,0,0,0,0,0,0,0,0,0,0,0,0,2,0,0,0,0,0,0
1213,00000013 2faafcc0,"     BSSY B5, 0x132faafd70 ",,0,0,12800,409600,,,,,,,,,,,,,,,,,,,,,,,,,,,,,,,,,,,,,,,,
1214,00000013 2faafcd0,@P4  BRA 0x132faafd60 ,,1,0,12800,0,,,,,,,0,0,0,0,0,0,0,0,0,0,0,0,1,0,0,0,0,0,0,0,0,0,0,0,0,0,0,0,0,0,0,0,0,0
1215,00000013 2faafce0,"     LDS.U R17, [R20+0x380] ",,1,0,12800,409600,Shared,Load,32,,12800,,0,0,0,0,0,0,0,0,0,0,0,0,0,0,0,0,1,0,0,0,0,0,0,0,0,0,0,0,0,0,0,0,0,0
1216,00000013 2faafcf0,"     FADD.FTZ R17, -R26, R17 ",,7,2,12800,409600,,,,,,,0,0,0,0,0,0,0,0,0,0,0,0,0,7,0,0,0,0,0,0,0,0,0,0,0,0,0,0,0,0,2,0,0,0
1217,00000013 2faafd00,"     FSETP.GT.FTZ.AND P2, PT, R17, -12, PT ",,1,1,12800,409600,,,,,,,0,0,0,0,0,0,0,0,0,0,1,0,0,0,0,0,0,0,0,0,0,0,0,0,0,0,0,1,0,0,0,0,0,0
1218,00000013 2faafd10,"     FSETP.GEU.FTZ.AND P0, PT, R17, 20, PT ",,0,0,12800,409600,,,,,,,,,,,,,,,,,,,,,,,,,,,,,,,,,,,,,,,,
1219,00000013 2faafd20,"     PLOP3.LUT P0, PT, P2, P0, PT, 0x8a, 0x0 ",,1,0,12800,409600,,,,,,,0,0,0,0,0,0,0,0,0,0,0,1,0,0,0,0,0,0,0,0,0,0,0,0,0,0,0,0,0,0,0,0,0,0
1220,00000013 2faafd30,"@!P0 FMUL.FTZ R17, R17, 1.4426950216293334961 ",,2,1,12800,409600,,,,,,,0,0,0,0,0,0,0,0,0,0,0,0,0,0,0,0,2,0,0,0,0,0,0,0,0,0,0,0,0,0,0,0,0,1
1221,00000013 2faafd40,"@!P0 MUFU.EX2 R17, R17 ",,4,0,12800,409600,,,,,,,0,0,0,0,0,0,0,0,0,0,0,1,0,0,0,0,3,0,0,0,0,0,0,0,0,0,0,0,0,0,0,0,0,0
1222,00000013 2faafd50,"@!P0 FADD.FTZ R18, R18, R17 ",,3,1,12800,409600,,,,,,,0,0,0,0,0,0,0,0,0,0,0,0,0,3,0,0,0,0,0,0,0,0,0,0,0,0,0,0,0,0,1,0,0,0
1223,00000013 2faafd60,     BSYNC B5 ,,4,2,12800,409600,,,,,,,0,0,0,0,0,0,0,0,0,0,0,0,0,0,0,0,4,0,0,0,0,0,0,0,0,0,0,0,0,0,0,0,0,2
1224,00000013 2faafd70,"     BMOV.32.CLEAR RZ, B5 ",,5,0,12800,409600,,,,,,,0,0,0,0,0,0,0,0,0,0,2,0,0,0,0,0,3,0,0,0,0,0,0,0,0,0,0,0,0,0,0,0,0,0
1225,00000013 2faafd80,"     BSSY B5, 0x132faafe30 ",,2,2,12800,409600,,,,,,,0,0,0,0,0,0,0,0,0,0,2,0,0,0,0,0,0,0,0,0,0,0,0,0,0,0,0,2,0,0,0,0,0,0
1226,00000013 2faafd90,@P3  BRA 0x132faafe20 ,,0,0,12800,0,,,,,,,,,,,,,,,,,,,,,,,,,,,,,,,,,,,,,,,,
1227,00000013 2faafda0,"     LDS.U R17, [R20+0x400] ",,1,1,12800,409600,Shared,Load,32,,12800,,0,0,0,0,0,0,0,0,0,0,0,0,0,0,0,0,1,0,0,0,0,0,0,0,0,0,0,0,0,0,0,0,0,1
1228,00000013 2faafdb0,"     FADD.FTZ R17, -R26, R17 ",,7,3,12800,409600,,,,,,,0,0,0,0,0,0,0,0,0,0,0,0,0,7,0,0,0,0,0,0,0,0,0,0,0,0,0,0,0,0,3,0,0,0
1229,00000013 2faafdc0,"     FSETP.GT.FTZ.AND P2, PT, R17, -12, PT ",,5,1,12800,409600,,,,,,,0,0,0,0,0,0,2,0,0,0,0,2,0,0,0,0,1,0,0,0,0,0,0,1,0,0,0,0,0,0,0,0,0,0
1230,00000013 2faafdd0,"     FSETP.GEU.FTZ.AND P0, PT, R17, 20, PT ",,0,0,12800,409600,,,,,,,,,,,,,,,,,,,,,,,,,,,,,,,,,,,,,,,,
1231,00000013 2faafde0,"     PLOP3.LUT P0, PT, P2, P0, PT, 0x8a, 0x0 ",,0,0,12800,409600,,,,,,,,,,,,,,,,,,,,,,,,,,,,,,,,,,,,,,,,
1232,00000013 2faafdf0,"@!P0 FMUL.FTZ R17, R17, 1.4426950216293334961 ",,2,1,12800,409600,,,,,,,0,0,0,0,0,0,0,0,0,0,0,1,0,0,0,0,1,0,0,0,0,0,0,0,0,0,0,0,0,0,0,0,0,1
1233,00000013 2faafe00,"@!P0 MUFU.EX2 R17, R17 ",,1,0,12800,409600,,,,,,,0,0,0,0,0,0,0,0,0,0,0,0,1,0,0,0,0,0,0,0,0,0,0,0,0,0,0,0,0,0,0,0,0,0
1234,00000013 2faafe10,"@!P0 FADD.FTZ R18, R18, R17 ",,6,6,12800,409600,,,,,,,0,0,0,0,0,0,1,0,0,0,0,0,0,5,0,0,0,0,0,0,0,0,0,1,0,0,0,0,0,0,5,0,0,0
1235,00000013 2faafe20,     BSYNC B5 ,,2,1,12800,409600,,,,,,,0,0,0,0,0,0,0,0,0,0,0,0,0,0,0,0,2,0,0,0,0,0,0,0,0,0,0,0,0,0,0,0,0,1
1236,00000013 2faafe30,"     BMOV.32.CLEAR RZ, B5 ",,3,1,12800,409600,,,,,,,0,0,0,0,0,0,0,0,0,0,3,0,0,0,0,0,0,0,0,0,0,0,0,0,0,0,0,1,0,0,0,0,0,0
1237,00000013 2faafe40,"     BSSY B5, 0x132faafef0 ",,1,0,12800,409600,,,,,,,0,0,0,0,0,0,0,0,0,0,0,0,1,0,0,0,0,0,0,0,0,0,0,0,0,0,0,0,0,0,0,0,0,0
1238,00000013 2faafe50,@P1  BRA 0x132faafee0 ,,0,0,12800,0,,,,,,,,,,,,,,,,,,,,,,,,,,,,,,,,,,,,,,,,
1239,00000013 2faafe60,"     LDS.U R17, [R20+0x480] ",,2,0,12800,409600,Shared,Load,32,,12800,,0,0,0,0,0,0,0,0,0,0,0,0,1,0,0,0,1,0,0,0,0,0,0,0,0,0,0,0,0,0,0,0,0,0
1240,00000013 2faafe70,"     FADD.FTZ R17, -R26, R17 ",,12,3,12800,409600,,,,,,,0,0,0,0,0,0,0,0,0,0,0,0,1,11,0,0,0,0,0,0,0,0,0,0,0,0,0,0,0,0,3,0,0,0
1241,00000013 2faafe80,"     FSETP.GT.FTZ.AND P1, PT, R17, -12, PT ",,1,0,12800,409600,,,,,,,0,0,0,0,0,0,0,0,0,0,0,1,0,0,0,0,0,0,0,0,0,0,0,0,0,0,0,0,0,0,0,0,0,0
1242,00000013 2faafe90,"     FSETP.GEU.FTZ.AND P0, PT, R17, 20, PT ",,0,0,12800,409600,,,,,,,,,,,,,,,,,,,,,,,,,,,,,,,,,,,,,,,,
1243,00000013 2faafea0,"     PLOP3.LUT P0, PT, P1, P0, PT, 0x8a, 0x0 ",,1,1,12800,409600,,,,,,,0,0,0,0,0,0,1,0,0,0,0,0,0,0,0,0,0,0,0,0,0,0,0,1,0,0,0,0,0,0,0,0,0,0
1244,00000013 2faafeb0,"@!P0 FMUL.FTZ R17, R17, 1.4426950216293334961 ",,3,0,12800,409600,,,,,,,0,0,0,0,0,0,0,0,0,0,0,1,1,0,0,0,1,0,0,0,0,0,0,0,0,0,0,0,0,0,0,0,0,0
1245,00000013 2faafec0,"@!P0 MUFU.EX2 R17, R17 ",,2,1,12800,409600,,,,,,,0,0,0,0,0,0,0,0,0,0,0,0,0,0,0,0,2,0,0,0,0,0,0,0,0,0,0,0,0,0,0,0,0,1
1246,00000013 2faafed0,"@!P0 FADD.FTZ R18, R18, R17 ",,4,2,12800,409600,,,,,,,0,0,0,0,0,0,0,0,0,0,0,0,0,4,0,0,0,0,0,0,0,0,0,0,0,0,0,0,0,0,2,0,0,0
1247,00000013 2faafee0,     BSYNC B5 ,,5,1,12800,409600,,,,,,,0,0,0,0,0,0,0,0,0,0,0,1,0,0,0,0,4,0,0,0,0,0,0,0,0,0,0,0,0,0,0,0,0,1
1248,00000013 2faafef0,"     IADD3 R16, R16, 0x80, RZ ",,4,1,12800,409600,,,,,,,0,0,0,0,0,0,1,0,0,0,3,0,0,0,0,0,0,0,0,0,0,0,0,0,0,0,0,1,0,0,0,0,0,0
1249,00000013 2faaff00,"     ISETP.GE.AND P0, PT, R16, R15, PT ",,2,2,12800,409600,,,,,,,0,0,0,0,0,0,0,0,0,0,1,0,0,0,0,0,1,0,0,0,0,0,0,0,0,0,0,1,0,0,0,0,0,1
1250,00000013 2faaff10,@!P0 BRA 0x132faafb40 ,,3,2,12800,0,,,,,,,0,0,0,0,0,0,0,0,0,0,0,1,0,0,0,0,2,0,0,0,0,0,0,0,0,0,0,0,0,0,0,0,0,2
1251,00000013 2faaff20,     BSYNC B2 ,,1,1,12800,409600,,,,,,,0,0,0,0,0,0,0,0,0,0,0,0,0,0,0,0,1,0,0,0,0,0,0,0,0,0,0,0,0,0,0,0,0,1
1252,00000013 2faaff30,"     ISETP.GE.AND P0, PT, R16, R51, PT ",,5,3,12800,409600,,,,,,,0,0,0,0,0,0,0,0,0,0,2,0,0,0,0,0,3,0,0,0,0,0,0,0,0,0,0,2,0,0,0,0,0,1
1253,00000013 2faaff40,@P0  BREAK B3 ,,3,1,12800,409600,,,,,,,0,0,0,0,0,0,0,0,0,0,0,0,0,0,0,0,3,0,0,0,0,0,0,0,0,0,0,0,0,0,0,0,0,1
1254,00000013 2faaff50,@P0  BRA 0x132fab00b0 ,,3,2,12800,409600,,,,,,,0,0,0,0,0,0,0,0,0,0,3,0,0,0,0,0,0,0,0,0,0,0,0,0,0,0,0,2,0,0,0,0,0,0
1255,00000013 2faaff60,     BSYNC B3 ,,25,15,12800,409600,,,,,,,0,0,0,0,0,0,0,0,0,0,22,0,2,0,0,0,1,0,0,0,0,0,0,0,0,0,0,15,0,0,0,0,0,0
1256,00000013 2faaff70,"@!PT SHFL.IDX PT, RZ, RZ, RZ, RZ ",,1,1,12800,0,,,,,,,0,0,0,0,0,0,0,0,0,0,1,0,0,0,0,0,0,0,0,0,0,0,0,0,0,0,0,1,0,0,0,0,0,0
1257,00000013 2faaff80,"     IMAD.IADD R17, R16, 0x1, R49 ",,3,0,12800,409600,,,,,,,0,0,0,0,0,0,0,0,0,0,2,0,1,0,0,0,0,0,0,0,0,0,0,0,0,0,0,0,0,0,0,0,0,0
1258,00000013 2faaff90,"     BMOV.32.CLEAR RZ, B2 ",,1,0,12800,409600,,,,,,,0,0,0,0,0,0,0,0,0,0,0,0,1,0,0,0,0,0,0,0,0,0,0,0,0,0,0,0,0,0,0,0,0,0
1259,00000013 2faaffa0,"     BSSY B2, 0x132fab0080 ",,1,0,12800,409600,,,,,,,0,0,0,0,0,0,0,0,0,0,0,0,1,0,0,0,0,0,0,0,0,0,0,0,0,0,0,0,0,0,0,0,0,0
1260,00000013 2faaffb0,"     ISETP.GE.AND P0, PT, R17, c[0x0][0x18c], PT ",,1,0,12800,409600,,,,,,,0,0,0,0,0,0,0,0,0,0,0,0,1,0,0,0,0,0,0,0,0,0,0,0,0,0,0,0,0,0,0,0,0,0
1261,00000013 2faaffc0,@P0  BRA 0x132fab0070 ,,2,0,12800,0,,,,,,,0,0,0,0,0,0,0,0,0,0,0,0,0,0,0,0,2,0,0,0,0,0,0,0,0,0,0,0,0,0,0,0,0,0
1262,00000013 2faaffd0,"     IMAD R17, R12, c[0x0][0x198], R16 ",,4,1,12800,409600,,,,,,,0,0,0,0,0,0,0,0,0,0,0,0,3,0,0,0,1,0,0,0,0,0,0,0,0,0,0,0,0,0,0,0,0,1
1263,00000013 2faaffe0,"     IMAD R17, R17, 0x4, R36 ",,1,1,12800,409600,,,,,,,0,0,0,0,0,0,0,0,0,0,0,0,0,0,0,0,1,0,0,0,0,0,0,0,0,0,0,0,0,0,0,0,0,1
1264,00000013 2faafff0,"     LDS.U R17, [R17+0x300] ",,2,1,12800,409600,Shared,Load,32,,12800,,0,0,0,0,0,0,0,0,0,0,0,0,1,0,0,0,1,0,0,0,0,0,0,0,0,0,0,0,0,0,0,0,0,1
1265,00000013 2fab0000,"     FADD.FTZ R20, -R26, R17 ",,11,4,12800,409600,,,,,,,0,1,0,0,0,0,0,0,0,0,2,1,1,6,0,0,0,0,0,0,0,0,0,0,0,0,0,2,0,0,2,0,0,0
1266,00000013 2fab0010,"     FSETP.GT.FTZ.AND P1, PT, R20, -12, PT ",,1,1,12800,409600,,,,,,,0,0,0,0,0,0,0,0,0,0,0,0,0,0,0,0,1,0,0,0,0,0,0,0,0,0,0,0,0,0,0,0,0,1
1267,00000013 2fab0020,"     FSETP.GEU.FTZ.AND P0, PT, R20, 20, PT ",,0,0,12800,409600,,,,,,,,,,,,,,,,,,,,,,,,,,,,,,,,,,,,,,,,
1268,00000013 2fab0030,"     PLOP3.LUT P0, PT, P1, P0, PT, 0x8a, 0x0 ",,0,0,12800,409600,,,,,,,,,,,,,,,,,,,,,,,,,,,,,,,,,,,,,,,,
1269,00000013 2fab0040,"@!P0 FMUL.FTZ R20, R20, 1.4426950216293334961 ",,6,4,12800,409600,,,,,,,0,0,0,0,0,0,0,0,0,0,0,1,0,0,0,0,5,0,0,0,0,0,0,0,0,0,0,0,0,0,0,0,0,4
1270,00000013 2fab0050,"@!P0 MUFU.EX2 R21, R20 ",,0,0,12800,409600,,,,,,,,,,,,,,,,,,,,,,,,,,,,,,,,,,,,,,,,
1271,00000013 2fab0060,"@!P0 FADD.FTZ R18, R18, R21 ",,2,1,12800,409600,,,,,,,0,0,0,0,0,0,0,0,0,0,0,0,0,2,0,0,0,0,0,0,0,0,0,0,0,0,0,0,0,0,1,0,0,0
1272,00000013 2fab0070,     BSYNC B2 ,,6,1,12800,409600,,,,,,,0,0,0,0,0,0,0,0,0,0,0,0,1,0,0,0,5,0,0,0,0,0,0,0,0,0,0,0,0,0,0,0,0,1
1273,00000013 2fab0080,"     IADD3 R16, R16, 0x20, RZ ",,0,0,12800,409600,,,,,,,,,,,,,,,,,,,,,,,,,,,,,,,,,,,,,,,,
1274,00000013 2fab0090,"     ISETP.GE.AND P0, PT, R16, R51, PT ",,0,0,12800,409600,,,,,,,,,,,,,,,,,,,,,,,,,,,,,,,,,,,,,,,,
1275,00000013 2fab00a0,@!P0 BRA 0x132faaff70 ,,3,0,12800,0,,,,,,,0,0,0,0,0,0,0,0,0,0,0,1,1,0,0,0,1,0,0,0,0,0,0,0,0,0,0,0,0,0,0,0,0,0
1276,00000013 2fab00b0,     BSYNC B4 ,,9,5,25600,819200,,,,,,,0,0,0,0,0,0,0,0,0,0,6,1,0,0,0,0,2,0,0,0,0,0,0,0,0,0,0,4,0,0,0,0,0,1
1277,00000013 2fab00c0,     BRA.DIV 0x132fab7b60 ,,5,1,25600,819200,,,,,,,0,0,0,0,0,0,0,0,0,0,2,1,1,0,0,0,1,0,0,0,0,0,0,0,0,0,0,0,0,0,0,0,0,1
1278,00000013 2fab00d0,"     SHFL.BFLY PT, R17, R18, 0x10, 0x1f ",,1,0,25600,819200,,,,,,,0,0,0,0,0,0,0,0,0,0,0,0,0,0,0,0,1,0,0,0,0,0,0,0,0,0,0,0,0,0,0,0,0,0
1279,00000013 2fab00e0,"     FADD.FTZ R17, R17, R18 ",,17,8,25600,819200,,,,,,,0,0,0,0,0,0,1,0,0,0,0,0,2,13,0,0,1,0,0,0,0,0,0,0,0,0,0,0,0,0,7,0,0,1
1280,00000013 2fab00f0,"     SHFL.BFLY PT, R16, R17, 0x8, 0x1f ",,9,4,25600,819200,,,,,,,0,0,0,0,0,0,0,0,0,0,0,0,3,0,0,0,6,0,0,0,0,0,0,0,0,0,0,0,0,0,0,0,0,4
1281,00000013 2fab0100,"     FADD.FTZ R16, R17, R16 ",,7,6,25600,819200,,,,,,,0,0,0,0,0,0,0,0,0,0,2,0,0,3,0,0,2,0,0,0,0,0,0,0,0,0,0,2,0,0,2,0,0,2
1282,00000013 2fab0110,"     SHFL.BFLY PT, R21, R16, 0x4, 0x1f ",,3,1,25600,819200,,,,,,,0,0,0,0,0,0,0,0,0,0,0,0,1,0,0,0,2,0,0,0,0,0,0,0,0,0,0,0,0,0,0,0,0,1
1283,00000013 2fab0120,"     FADD.FTZ R21, R16, R21 ",,16,11,25600,819200,,,,,,,0,0,0,0,0,0,0,0,0,0,0,1,0,15,0,0,0,0,0,0,0,0,0,0,0,0,0,0,0,0,11,0,0,0
1284,00000013 2fab0130,"     SHFL.BFLY PT, R20, R21, 0x2, 0x1f ",,8,3,25600,819200,,,,,,,0,0,0,0,0,0,0,0,0,0,0,0,0,0,0,0,8,0,0,0,0,0,0,0,0,0,0,0,0,0,0,0,0,3
1285,00000013 2fab0140,"     FADD.FTZ R20, R21, R20 ",,8,3,25600,819200,,,,,,,0,0,0,0,0,0,0,0,0,0,0,0,0,8,0,0,0,0,0,0,0,0,0,0,0,0,0,0,0,0,3,0,0,0
1286,00000013 2fab0150,"     SHFL.BFLY PT, R23, R20, 0x1, 0x1f ",,7,0,25600,819200,,,,,,,0,0,0,0,0,0,0,0,0,0,0,2,1,0,0,0,4,0,0,0,0,0,0,0,0,0,0,0,0,0,0,0,0,0
1287,00000013 2fab0160,"     ISETP.NE.AND P0, PT, R48, RZ, PT ",,1,0,25600,819200,,,,,,,0,0,0,0,0,0,1,0,0,0,0,0,0,0,0,0,0,0,0,0,0,0,0,0,0,0,0,0,0,0,0,0,0,0
1288,00000013 2fab0170,"     FADD.FTZ R23, R23, R20 ",,20,8,25600,819200,,,,,,,0,0,0,0,0,0,1,0,0,0,0,2,0,17,0,0,0,0,0,0,0,0,0,1,0,0,0,0,0,0,7,0,0,0
1289,00000013 2fab0180,"@!P0 IADD3 R13, R44, R13, R44 ",,7,4,25600,25600,,,,,,,0,0,0,0,0,0,0,0,0,0,1,1,0,0,0,0,5,0,0,0,0,0,0,0,0,0,0,0,0,0,0,0,0,4
1290,00000013 2fab0190,"@!P0 FFMA.FTZ R14, R14, R19, R23 ",,0,0,25600,25600,,,,,,,,,,,,,,,,,,,,,,,,,,,,,,,,,,,,,,,,
1291,00000013 2fab01a0,"@!P0 IADD3 R13, R37, R13, R44 ",,2,0,25600,25600,,,,,,,0,0,0,0,0,0,1,0,0,0,0,0,0,0,0,0,1,0,0,0,0,0,0,0,0,0,0,0,0,0,0,0,0,0
1292,00000013 2fab01b0,"@!P0 IMAD R13, R13, 0x4, R36 ",,2,1,25600,25600,,,,,,,0,0,0,0,0,0,0,0,0,0,0,0,0,0,0,0,2,0,0,0,0,0,0,0,0,0,0,0,0,0,0,0,0,1
1293,00000013 2fab01c0,"@!P0 STS [R13+0x300], R26 ",,5,2,25600,25600,Shared,Store,32,,25600,,0,0,0,0,0,0,0,0,0,0,0,1,0,0,0,0,4,0,0,0,0,0,0,0,0,0,0,0,0,0,0,0,0,2
1294,00000013 2fab01d0,"@!P0 STS [R13+0x340], R14 ",,4,1,25600,25600,Shared,Store,32,,25600,,0,0,0,0,0,0,0,0,0,0,0,0,3,0,0,0,1,0,0,0,0,0,0,0,0,0,0,0,0,0,0,0,0,1
1295,00000013 2fab01e0,     BSYNC B1 ,,0,0,25600,819200,,,,,,,,,,,,,,,,,,,,,,,,,,,,,,,,,,,,,,,,
1296,00000013 2fab01f0,"     IMAD.IADD R13, R44, 0x1, R12 ",,13,6,25600,819200,,,,,,,0,0,0,0,0,0,0,0,0,0,8,0,1,0,0,0,4,0,0,0,0,0,0,0,0,0,0,3,0,0,0,0,0,3
1297,00000013 2fab0200,"     ISETP.GE.AND P0, PT, R13, 0x10, PT ",,6,1,25600,819200,,,,,,,0,1,0,0,0,0,0,0,0,0,2,2,0,0,0,0,1,0,0,0,0,0,0,0,0,0,0,1,0,0,0,0,0,0
1298,00000013 2fab0210,@!P0 BRA 0x132faace60 ,,4,1,25600,0,,,,,,,0,0,0,0,0,0,0,0,0,0,0,0,0,0,0,0,4,0,0,0,0,0,0,0,0,0,0,0,0,0,0,0,0,1
1299,00000013 2fab0220,     BSYNC B0 ,,0,0,25600,819200,,,,,,,,,,,,,,,,,,,,,,,,,,,,,,,,,,,,,,,,
1300,00000013 2fab0230,"     IADD3 R49, R49, c[0x0][0x198], RZ ",,17,7,25600,819200,,,,,,,0,0,0,0,0,0,1,0,0,0,7,0,2,0,0,0,7,0,0,0,0,0,0,1,0,0,0,4,0,0,0,0,0,2
1301,00000013 2fab0240,     WARPSYNC 0xffffffff ,,0,0,25600,819200,,,,,,,,,,,,,,,,,,,,,,,,,,,,,,,,,,,,,,,,
1302,00000013 2fab0250,     NOP ,,6,5,25600,819200,,,,,,,0,0,0,0,0,0,0,0,0,0,2,0,0,0,0,0,4,0,0,0,0,0,0,0,0,0,0,2,0,0,0,0,0,3
1303,00000013 2fab0260,     BAR.SYNC 0x0 ,,1,0,25600,819200,,,,,,,0,0,0,0,0,0,0,0,0,0,0,0,1,0,0,0,0,0,0,0,0,0,0,0,0,0,0,0,0,0,0,0,0,0
1304,00000013 2fab0270,"     ISETP.GE.AND P0, PT, R49, c[0x0][0x18c], PT ",,44,22,25600,819200,,,,,,,39,0,0,0,0,0,0,0,0,0,0,1,0,0,0,0,4,18,0,0,0,0,0,0,0,0,0,0,0,0,0,0,0,4
1305,00000013 2fab0280,@!P0 BRA 0x132faaba20 ,,6,2,25600,409600,,,,,,,0,0,0,0,0,0,0,0,0,0,2,0,0,0,0,0,4,0,0,0,0,0,0,0,0,0,0,0,0,0,0,0,0,2
1306,00000013 2fab0290,"     IMAD.MOV.U32 R4, RZ, RZ, 0x1 ",,2,1,12800,409600,,,,,,,0,0,0,0,0,0,0,0,0,0,0,0,1,0,0,0,1,0,0,0,0,0,0,0,0,0,0,0,0,0,0,0,0,1
1307,00000013 2fab02a0,"     ISETP.LE.AND P0, PT, R4, c[0x0][0x18c], PT ",,1,0,12800,409600,,,,,,,0,0,0,0,0,0,1,0,0,0,0,0,0,0,0,0,0,0,0,0,0,0,0,0,0,0,0,0,0,0,0,0,0,0
1308,00000013 2fab02b0,@!P0 BRA 0x132fab6910 ,,1,0,12800,0,,,,,,,0,0,0,0,0,0,0,0,0,0,0,0,0,0,0,0,1,0,0,0,0,0,0,0,0,0,0,0,0,0,0,0,0,0
1309,00000013 2fab02c0,"     S2R R54, SR_TID.X ",,0,0,12800,409600,,,,,,,,,,,,,,,,,,,,,,,,,,,,,,,,,,,,,,,,
1310,00000013 2fab02d0,"     IMAD.MOV.U32 R5, RZ, RZ, c[0x0][0x18c] ",,0,0,12800,409600,,,,,,,,,,,,,,,,,,,,,,,,,,,,,,,,,,,,,,,,
1311,00000013 2fab02e0,"     IMAD.MOV.U32 R8, RZ, RZ, c[0x0][0x198] ",,0,0,12800,409600,,,,,,,,,,,,,,,,,,,,,,,,,,,,,,,,,,,,,,,,
1312,00000013 2fab02f0,"     IMAD.MOV.U32 R12, RZ, RZ, c[0x0][0x198] ",,0,0,12800,409600,,,,,,,,,,,,,,,,,,,,,,,,,,,,,,,,,,,,,,,,
1313,00000013 2fab0300,"     SHF.R.S32.HI R6, RZ, 0x1f, R5 ",,3,1,12800,409600,,,,,,,0,0,0,0,0,0,0,0,0,0,3,0,0,0,0,0,0,0,0,0,0,0,0,0,0,0,0,1,0,0,0,0,0,0
1314,00000013 2fab0310,"     IMAD R45, R45, c[0x0][0x18c], RZ ",,0,0,12800,409600,,,,,,,,,,,,,,,,,,,,,,,,,,,,,,,,,,,,,,,,
1315,00000013 2fab0320,"     IMAD R4, R44, 0x300, RZ ",,0,0,12800,409600,,,,,,,,,,,,,,,,,,,,,,,,,,,,,,,,,,,,,,,,
1316,00000013 2fab0330,"     IMAD.SHL.U32 R8, R8, 0x4, RZ ",,1,0,12800,409600,,,,,,,0,0,0,0,0,0,0,0,0,0,0,0,1,0,0,0,0,0,0,0,0,0,0,0,0,0,0,0,0,0,0,0,0,0
1317,00000013 2fab0340,"     IMAD.SHL.U32 R12, R12, 0x4, RZ ",,2,0,12800,409600,,,,,,,0,0,0,0,0,0,1,0,0,0,0,1,0,0,0,0,0,0,0,0,0,0,0,0,0,0,0,0,0,0,0,0,0,0
1318,00000013 2fab0350,"     IMAD R45, R6, R46, R45 ",,1,0,12800,409600,,,,,,,0,0,0,0,0,0,0,0,0,0,0,1,0,0,0,0,0,0,0,0,0,0,0,0,0,0,0,0,0,0,0,0,0,0
1319,00000013 2fab0360,"     IMAD.WIDE.U32 R24, R46, c[0x0][0x18c], RZ ",,0,0,12800,409600,,,,,,,,,,,,,,,,,,,,,,,,,,,,,,,,,,,,,,,,
1320,00000013 2fab0370,"     IMAD R50, R41, 0x200, R4 ",,0,0,12800,409600,,,,,,,,,,,,,,,,,,,,,,,,,,,,,,,,,,,,,,,,
1321,00000013 2fab0380,"     IMAD.IADD R49, R25, 0x1, R45 ",,7,4,12800,409600,,,,,,,0,0,0,0,0,0,0,0,0,0,6,0,1,0,0,0,0,0,0,0,0,0,0,0,0,0,0,4,0,0,0,0,0,0
1322,00000013 2fab0390,"     SHF.R.U32.HI R11, RZ, 0x5, R54 ",,2,0,12800,409600,,,,,,,0,0,0,0,0,0,0,0,0,0,0,0,1,1,0,0,0,0,0,0,0,0,0,0,0,0,0,0,0,0,0,0,0,0
1323,00000013 2fab03a0,"     IMAD.MOV.U32 R52, RZ, RZ, c[0x0][0x198] ",,1,0,12800,409600,,,,,,,0,0,0,0,0,0,0,0,0,0,0,0,1,0,0,0,0,0,0,0,0,0,0,0,0,0,0,0,0,0,0,0,0,0
1324,00000013 2fab03b0,"     LOP3.LUT R54, R54, 0x1f, RZ, 0xc0, !PT ",,0,0,12800,409600,,,,,,,,,,,,,,,,,,,,,,,,,,,,,,,,,,,,,,,,
1325,00000013 2fab03c0,"     IMAD R51, R44, c[0x0][0x198], RZ ",,1,0,12800,409600,,,,,,,0,0,0,0,0,0,0,0,0,0,0,0,1,0,0,0,0,0,0,0,0,0,0,0,0,0,0,0,0,0,0,0,0,0
1326,00000013 2fab03d0,"     LEA R22, P0, R24, c[0x0][0x180], 0x1 ",,0,0,12800,409600,,,,,,,,,,,,,,,,,,,,,,,,,,,,,,,,,,,,,,,,
1327,00000013 2fab03e0,"     IMAD R7, R44, 0x2, R11 ",,0,0,12800,409600,,,,,,,,,,,,,,,,,,,,,,,,,,,,,,,,,,,,,,,,
1328,00000013 2fab03f0,"     IADD3 R50, R50, 0x400, RZ ",,1,0,12800,409600,,,,,,,0,0,0,0,0,0,0,0,0,0,0,0,1,0,0,0,0,0,0,0,0,0,0,0,0,0,0,0,0,0,0,0,0,0
1329,00000013 2fab0400,"     IMAD.IADD R5, R44, 0x1, R11 ",,10,7,12800,409600,,,,,,,0,0,0,0,0,0,0,0,0,0,9,1,0,0,0,0,0,0,0,0,0,0,0,0,0,0,0,7,0,0,0,0,0,0
1330,00000013 2fab0410,"     LEA.HI.X R23, R24, c[0x0][0x184], R49, 0x1, P0 ",,0,0,12800,409600,,,,,,,,,,,,,,,,,,,,,,,,,,,,,,,,,,,,,,,,
1331,00000013 2fab0420,"     IMAD R9, R44, 0x3, R11 ",,0,0,12800,409600,,,,,,,,,,,,,,,,,,,,,,,,,,,,,,,,,,,,,,,,
1332,00000013 2fab0430,"     IMAD R6, R11, R8, R4 ",,2,0,12800,409600,,,,,,,0,0,0,0,0,0,0,0,0,0,0,1,0,0,0,0,1,0,0,0,0,0,0,0,0,0,0,0,0,0,0,0,0,0
1333,00000013 2fab0440,"     IMAD R10, R7, R12, R4 ",,1,0,12800,409600,,,,,,,0,0,0,0,0,0,0,0,0,0,0,0,1,0,0,0,0,0,0,0,0,0,0,0,0,0,0,0,0,0,0,0,0,0
1334,00000013 2fab0450,"     IMAD R8, R5, R8, R4 ",,1,0,12800,409600,,,,,,,0,0,0,0,0,0,0,0,0,0,0,0,0,0,0,0,1,0,0,0,0,0,0,0,0,0,0,0,0,0,0,0,0,0
1335,00000013 2fab0460,"     IMAD R12, R9, R12, R4 ",,0,0,12800,409600,,,,,,,,,,,,,,,,,,,,,,,,,,,,,,,,,,,,,,,,
1336,00000013 2fab0470,"     IMAD R5, R41, 0x200, R6 ",,0,0,12800,409600,,,,,,,,,,,,,,,,,,,,,,,,,,,,,,,,,,,,,,,,
1337,00000013 2fab0480,"     IMAD R7, R41, 0x200, R8 ",,7,3,12800,409600,,,,,,,0,0,0,0,0,0,0,0,0,0,6,1,0,0,0,0,0,0,0,0,0,0,0,0,0,0,0,3,0,0,0,0,0,0
1338,00000013 2fab0490,"     IMAD R9, R41, 0x200, R10 ",,2,0,12800,409600,,,,,,,0,0,0,0,0,0,0,0,0,0,0,0,2,0,0,0,0,0,0,0,0,0,0,0,0,0,0,0,0,0,0,0,0,0
1339,00000013 2fab04a0,"     IMAD R11, R41, 0x200, R12 ",,2,1,12800,409600,,,,,,,0,0,0,0,0,0,0,0,0,0,0,0,1,0,0,0,1,0,0,0,0,0,0,0,0,0,0,0,0,0,0,0,0,1
1340,00000013 2fab04b0,"     IMAD R5, R54, 0x4, R5 ",,0,0,12800,409600,,,,,,,,,,,,,,,,,,,,,,,,,,,,,,,,,,,,,,,,
1341,00000013 2fab04c0,"     IMAD R7, R54, 0x4, R7 ",,1,1,12800,409600,,,,,,,0,0,0,0,0,0,0,0,0,0,0,0,0,0,0,0,1,0,0,0,0,0,0,0,0,0,0,0,0,0,0,0,0,1
1342,00000013 2fab04d0,"     IMAD R9, R54, 0x4, R9 ",,0,0,12800,409600,,,,,,,,,,,,,,,,,,,,,,,,,,,,,,,,,,,,,,,,
1343,00000013 2fab04e0,"     IADD3 R48, R5, 0x400, RZ ",,0,0,12800,409600,,,,,,,,,,,,,,,,,,,,,,,,,,,,,,,,,,,,,,,,
1344,00000013 2fab04f0,"     IMAD R11, R54, 0x4, R11 ",,0,0,12800,409600,,,,,,,,,,,,,,,,,,,,,,,,,,,,,,,,,,,,,,,,
1345,00000013 2fab0500,"     IADD3 R47, R7, 0x400, RZ ",,10,6,12800,409600,,,,,,,0,0,0,0,0,0,0,0,0,0,10,0,0,0,0,0,0,0,0,0,0,0,0,0,0,0,0,6,0,0,0,0,0,0
1346,00000013 2fab0510,"     IMAD.MOV.U32 R53, RZ, RZ, RZ ",,2,0,12800,409600,,,,,,,0,0,0,0,0,0,0,0,0,0,0,0,2,0,0,0,0,0,0,0,0,0,0,0,0,0,0,0,0,0,0,0,0,0
1347,00000013 2fab0520,"     IADD3 R46, R9, 0x400, RZ ",,0,0,12800,409600,,,,,,,,,,,,,,,,,,,,,,,,,,,,,,,,,,,,,,,,
1348,00000013 2fab0530,"     IMAD.SHL.U32 R52, R52, 0x4, RZ ",,0,0,12800,409600,,,,,,,,,,,,,,,,,,,,,,,,,,,,,,,,,,,,,,,,
1349,00000013 2fab0540,"     IADD3 R45, R11, 0x400, RZ ",,1,0,12800,409600,,,,,,,0,0,0,0,0,0,0,0,0,0,0,0,1,0,0,0,0,0,0,0,0,0,0,0,0,0,0,0,0,0,0,0,0,0
1350,00000013 2fab0550,"     IMAD.SHL.U32 R51, R51, 0x10, RZ ",,0,0,12800,409600,,,,,,,,,,,,,,,,,,,,,,,,,,,,,,,,,,,,,,,,
1351,00000013 2fab0560,"@!PT SHFL.IDX PT, RZ, RZ, RZ, RZ ",,15,5,25600,0,,,,,,,0,0,0,0,0,0,0,0,0,0,12,1,1,0,0,0,1,0,0,0,0,0,0,0,0,0,0,5,0,0,0,0,0,0
1352,00000013 2fab0570,"     IADD3 R27, -R53, c[0x0][0x18c], RZ ",,1,0,25600,819200,,,,,,,0,0,0,0,0,0,0,0,0,0,0,0,1,0,0,0,0,0,0,0,0,0,0,0,0,0,0,0,0,0,0,0,0,0
1353,00000013 2fab0580,"     ISETP.LT.AND P0, PT, R27, c[0x0][0x198], PT ",,4,2,25600,819200,,,,,,,0,0,0,0,0,0,1,0,0,0,1,0,0,0,0,0,2,0,0,0,0,0,0,0,0,0,0,1,0,0,0,0,0,1
1354,00000013 2fab0590,"     SEL R27, R27, c[0x0][0x198], P0 ",,1,1,25600,819200,,,,,,,0,0,0,0,0,0,0,0,0,0,0,0,0,0,0,0,1,0,0,0,0,0,0,0,0,0,0,0,0,0,0,0,0,1
1355,00000013 2fab05a0,"     ISETP.GE.AND P1, PT, R27, 0x1, PT ",,2,1,25600,819200,,,,,,,0,0,0,0,0,0,0,0,0,0,0,0,1,0,0,0,1,0,0,0,0,0,0,0,0,0,0,0,0,0,0,0,0,1
1356,00000013 2fab05b0,@!P1 BRA 0x132fab6910 ,,6,1,25600,0,,,,,,,0,0,0,0,0,0,0,0,0,0,0,1,1,0,0,0,4,0,0,0,0,0,0,0,0,0,0,0,0,0,0,0,0,1
1357,00000013 2fab05c0,"     S2R R26, SR_TID.X ",,4,1,25600,819200,,,,,,,0,0,0,0,0,0,0,0,0,0,0,0,2,0,0,0,2,0,0,0,0,0,0,0,0,0,0,0,0,0,0,0,0,1
1358,00000013 2fab05d0,"     BMOV.32.CLEAR RZ, B0 ",,0,0,25600,819200,,,,,,,,,,,,,,,,,,,,,,,,,,,,,,,,,,,,,,,,
1359,00000013 2fab05e0,"     BSSY B0, 0x132fab5330 ",,1,0,25600,819200,,,,,,,0,0,0,0,0,0,0,0,0,0,0,0,1,0,0,0,0,0,0,0,0,0,0,0,0,0,0,0,0,0,0,0,0,0
1360,00000013 2fab05f0,"     ISETP.GT.U32.AND P0, PT, R26, 0x1ff, PT ",,17,3,25600,819200,,,,,,,0,0,0,0,0,0,0,0,0,0,0,1,1,15,0,0,0,0,0,0,0,0,0,0,0,0,0,0,0,0,3,0,0,0
1361,00000013 2fab0600,@P0  BRA 0x132fab5320 ,,12,3,25600,0,,,,,,,0,0,0,0,0,0,0,0,0,0,1,3,1,0,0,0,7,0,0,0,0,0,0,0,0,0,0,0,0,0,0,0,0,3
1362,00000013 2fab0610,"     IMAD.IADD R4, R27, 0x1, -R54 ",,2,1,25600,819200,,,,,,,0,0,0,0,0,0,0,0,0,0,0,0,0,0,0,0,2,0,0,0,0,0,0,0,0,0,0,0,0,0,0,0,0,1
1363,00000013 2fab0620,"     SHF.R.U32.HI R11, RZ, 0x5, R26 ",,1,0,25600,819200,,,,,,,0,0,0,0,0,0,0,0,0,0,0,0,1,0,0,0,0,0,0,0,0,0,0,0,0,0,0,0,0,0,0,0,0,0
1364,00000013 2fab0630,"     IMAD.IADD R7, R54, 0x1, R53 ",,1,0,25600,819200,,,,,,,0,0,0,0,0,0,0,0,0,0,0,0,1,0,0,0,0,0,0,0,0,0,0,0,0,0,0,0,0,0,0,0,0,0
1365,00000013 2fab0640,"     IMAD.MOV.U32 R6, RZ, RZ, RZ ",,3,1,25600,819200,,,,,,,0,0,0,0,0,0,0,0,0,0,0,0,0,0,0,0,3,0,0,0,0,0,0,0,0,0,0,0,0,0,0,0,0,1
1366,00000013 2fab0650,"     SHF.R.S32.HI R5, RZ, 0x1f, R4 ",,0,0,25600,819200,,,,,,,,,,,,,,,,,,,,,,,,,,,,,,,,,,,,,,,,
1367,00000013 2fab0660,"     LOP3.LUT P0, RZ, R4, 0x1f, RZ, 0xc0, !PT ",,2,1,25600,819200,,,,,,,0,0,0,0,0,0,1,0,0,0,0,0,1,0,0,0,0,0,0,0,0,0,0,1,0,0,0,0,0,0,0,0,0,0
1368,00000013 2fab0670,"     LEA.HI R5, R5, R4, RZ, 0x5 ",,2,1,25600,819200,,,,,,,0,0,0,0,0,0,0,0,0,0,0,0,1,0,0,0,1,0,0,0,0,0,0,0,0,0,0,0,0,0,0,0,0,1
1369,00000013 2fab0680,"     SEL R4, RZ, 0x1, !P0 ",,10,6,25600,819200,,,,,,,0,0,0,0,0,0,0,0,0,0,8,1,1,0,0,0,0,0,0,0,0,0,0,0,0,0,0,6,0,0,0,0,0,0
1370,00000013 2fab0690,"     IADD3 R8, P0, R7, R24, RZ ",,7,1,25600,819200,,,,,,,0,0,0,0,0,0,2,0,0,0,0,3,0,0,0,0,2,0,0,0,0,0,0,0,0,0,0,0,0,0,0,0,0,1
1371,00000013 2fab06a0,"     LEA.HI.SX32 R4, R5, R4, 0x1b ",,1,0,25600,819200,,,,,,,0,0,0,0,0,0,0,0,0,0,0,1,0,0,0,0,0,0,0,0,0,0,0,0,0,0,0,0,0,0,0,0,0,0
1372,00000013 2fab06b0,"     LEA.HI.X.SX32 R9, R7, R49, 0x1, P0 ",,2,1,25600,819200,,,,,,,0,0,0,0,0,0,1,0,0,0,0,0,1,0,0,0,0,0,0,0,0,0,0,1,0,0,0,0,0,0,0,0,0,0
1373,00000013 2fab06c0,"     SHF.R.S32.HI R5, RZ, 0x1f, R4 ",,1,0,25600,819200,,,,,,,0,0,0,0,0,0,0,0,0,0,0,0,0,0,0,0,1,0,0,0,0,0,0,0,0,0,0,0,0,0,0,0,0,0
1374,00000013 2fab06d0,"     LEA.HI R5, R5, R4, RZ, 0x2 ",,4,1,25600,819200,,,,,,,0,0,0,0,0,0,1,0,0,0,0,1,0,0,0,0,2,0,0,0,0,0,0,0,0,0,0,0,0,0,0,0,0,1
1375,00000013 2fab06e0,"     IMAD.SHL.U32 R5, R5, 0x20, RZ ",,5,0,25600,819200,,,,,,,0,0,0,0,0,0,1,0,0,0,0,1,0,0,0,0,3,0,0,0,0,0,0,0,0,0,0,0,0,0,0,0,0,0
1376,00000013 2fab06f0,"     LOP3.LUT R13, R5, 0xffffff80, RZ, 0xc0, !PT ",,5,1,25600,819200,,,,,,,0,1,0,0,0,0,0,0,0,0,0,1,1,0,0,0,2,0,0,0,0,0,0,0,0,0,0,0,0,0,0,0,0,1
1377,00000013 2fab0700,"     IMAD.WIDE R4, R7, 0x2, R22 ",,3,1,25600,819200,,,,,,,0,0,0,0,0,0,0,0,0,0,3,0,0,0,0,0,0,0,0,0,0,0,0,0,0,0,0,1,0,0,0,0,0,0
1378,00000013 2fab0710,"     IMAD.IADD R13, R54, 0x1, R13 ",,2,0,25600,819200,,,,,,,0,0,0,0,0,0,0,0,0,0,0,1,1,0,0,0,0,0,0,0,0,0,0,0,0,0,0,0,0,0,0,0,0,0
1379,00000013 2fab0720,"@!PT SHFL.IDX PT, RZ, RZ, RZ, RZ ",,10,4,25600,0,,,,,,,0,0,0,0,0,0,0,0,0,0,0,1,1,0,0,0,8,0,0,0,0,0,0,0,0,0,0,0,0,0,0,0,0,4
1380,00000013 2fab0730,"     IMAD.IADD R15, R43, 0x1, R11 ",,0,0,25600,819200,,,,,,,,,,,,,,,,,,,,,,,,,,,,,,,,,,,,,,,,
1381,00000013 2fab0740,"     BMOV.32.CLEAR RZ, B1 ",,1,0,25600,819200,,,,,,,0,0,0,0,0,0,0,0,0,0,0,0,1,0,0,0,0,0,0,0,0,0,0,0,0,0,0,0,0,0,0,0,0,0
1382,00000013 2fab0750,"     BSSY B1, 0x132fab19e0 ",,2,0,25600,819200,,,,,,,0,0,0,0,0,0,0,0,0,0,0,0,2,0,0,0,0,0,0,0,0,0,0,0,0,0,0,0,0,0,0,0,0,0
1383,00000013 2fab0760,"     IMAD R10, R51, R6, RZ ",,1,0,25600,819200,,,,,,,0,0,0,0,0,0,0,0,0,0,0,0,1,0,0,0,0,0,0,0,0,0,0,0,0,0,0,0,0,0,0,0,0,0
1384,00000013 2fab0770,"     ISETP.GE.AND P0, PT, R15, c[0x0][0x18c], PT ",,1,0,25600,819200,,,,,,,0,0,0,0,0,0,1,0,0,0,0,0,0,0,0,0,0,0,0,0,0,0,0,0,0,0,0,0,0,0,0,0,0,0
1385,00000013 2fab0780,@P0  BRA 0x132fab19d0 ,,15,10,25600,0,,,,,,,0,0,0,0,0,0,0,0,0,0,8,0,1,0,0,0,6,0,0,0,0,0,0,0,0,0,0,7,0,0,0,0,0,3
1386,00000013 2fab0790,"     IMAD.IADD R17, R37, 0x1, R11 ",,3,1,25600,819200,,,,,,,0,0,0,0,0,0,0,0,0,0,0,0,0,0,0,0,3,0,0,0,0,0,0,0,0,0,0,0,0,0,0,0,0,1
1387,00000013 2fab07a0,"     IMAD.MOV.U32 R12, RZ, RZ, RZ ",,2,1,25600,819200,,,,,,,0,1,0,0,0,0,0,0,0,0,0,1,0,0,0,0,0,0,1,0,0,0,0,0,0,0,0,0,0,0,0,0,0,0
1388,00000013 2fab07b0,"     IMAD R17, R17, 0x4, R36 ",,2,0,25600,819200,,,,,,,0,0,0,0,0,0,0,0,0,0,0,0,1,0,0,0,1,0,0,0,0,0,0,0,0,0,0,0,0,0,0,0,0,0
1389,00000013 2fab07c0,"     LDS.U R14, [R17+0x340] ",,11,4,25600,819200,Shared,Load,32,,25600,,0,0,0,0,0,0,0,0,0,0,0,3,1,0,0,0,7,0,0,0,0,0,0,0,0,0,0,0,0,0,0,0,0,4
1390,00000013 2fab07d0,"     FSETP.GT.FTZ.AND P0, PT, R14, 1.00000001335143196e-10, PT ",,10,3,25600,819200,,,,,,,0,0,0,0,0,0,0,0,0,0,0,1,0,8,0,0,1,0,0,0,0,0,0,0,0,0,0,0,0,0,3,0,0,0
1391,00000013 2fab07e0,"@P0  MUFU.RCP R12, R14 ",,14,5,25600,819200,,,,,,,0,0,0,0,0,0,0,0,0,0,0,0,1,0,0,0,13,0,0,0,0,0,0,0,0,0,0,0,0,0,0,0,0,5
1392,00000013 2fab07f0,"     ISETP.GT.AND P0, PT, R27, R54, PT ",,1,0,25600,819200,,,,,,,0,0,0,0,0,0,0,0,0,0,0,0,1,0,0,0,0,0,0,0,0,0,0,0,0,0,0,0,0,0,0,0,0,0
1393,00000013 2fab0800,@!P0 BRA 0x132fab19d0 ,,11,7,25600,0,,,,,,,0,0,0,0,0,0,0,0,0,0,1,1,2,0,0,0,7,0,0,0,0,0,0,0,0,0,0,1,0,0,0,0,0,6
1394,00000013 2fab0810,"     LDS.U R14, [R17+0x300] ",,5,2,25600,819200,Shared,Load,32,,25600,,0,0,0,0,0,0,0,0,0,0,0,1,1,0,0,0,3,0,0,0,0,0,0,0,0,0,0,0,0,0,0,0,0,2
1395,00000013 2fab0820,"     ISETP.NE.U32.AND P0, PT, RZ, c[0x0][0x180], PT ",,2,0,25600,819200,,,,,,,0,0,0,0,0,0,0,0,0,0,0,0,2,0,0,0,0,0,0,0,0,0,0,0,0,0,0,0,0,0,0,0,0,0
1396,00000013 2fab0830,"     IMAD.IADD R18, R48, 0x1, R10 ",,0,0,25600,819200,,,,,,,,,,,,,,,,,,,,,,,,,,,,,,,,,,,,,,,,
1397,00000013 2fab0840,"     ISETP.NE.AND.EX P0, PT, RZ, c[0x0][0x184], PT, P0 ",,3,1,25600,819200,,,,,,,0,0,0,0,0,0,0,0,0,0,0,1,1,0,0,0,1,0,0,0,0,0,0,0,0,0,0,0,0,0,0,0,0,1
1398,00000013 2fab0850,@!P0 BRA 0x132fab12c0 ,,3,1,25600,0,,,,,,,0,0,0,0,0,0,0,0,0,0,0,0,0,0,0,0,3,0,0,0,0,0,0,0,0,0,0,0,0,0,0,0,0,1
1399,00000013 2fab0860,"     ISETP.GT.AND P0, PT, R13, R54, PT ",,5,3,25600,819200,,,,,,,0,0,0,0,0,0,0,0,0,0,0,2,0,0,0,0,3,0,0,0,0,0,0,0,0,0,0,0,0,0,0,0,0,3
1400,00000013 2fab0870,"     BMOV.32.CLEAR RZ, B4 ",,1,0,25600,819200,,,,,,,0,0,0,0,0,0,0,0,0,0,0,0,1,0,0,0,0,0,0,0,0,0,0,0,0,0,0,0,0,0,0,0,0,0
1401,00000013 2fab0880,"     BSSY B4, 0x132fab12b0 ",,5,1,25600,819200,,,,,,,0,0,0,0,0,0,0,0,0,0,2,0,3,0,0,0,0,0,0,0,0,0,0,0,0,0,0,1,0,0,0,0,0,0
1402,00000013 2fab0890,"     BMOV.32.CLEAR RZ, B3 ",,0,0,25600,819200,,,,,,,,,,,,,,,,,,,,,,,,,,,,,,,,,,,,,,,,
1403,00000013 2fab08a0,"     BSSY B3, 0x132fab0fd0 ",,0,0,25600,819200,,,,,,,,,,,,,,,,,,,,,,,,,,,,,,,,,,,,,,,,
1404,00000013 2fab08b0,"     IMAD.MOV.U32 R20, RZ, RZ, R54 ",,0,0,25600,819200,,,,,,,,,,,,,,,,,,,,,,,,,,,,,,,,,,,,,,,,
1405,00000013 2fab08c0,@!P0 BRA 0x132fab0fc0 ,,5,1,25600,409600,,,,,,,0,0,0,0,0,0,0,0,0,0,0,1,1,0,0,0,3,0,0,0,0,0,0,0,0,0,0,0,0,0,0,0,0,1
1406,00000013 2fab08d0,"     IMAD R19, R15, c[0x0][0x18c], RZ ",,4,2,12800,409600,,,,,,,0,0,0,0,0,0,0,0,0,0,0,0,1,0,0,0,3,0,0,0,0,0,0,0,0,0,0,0,0,0,0,0,0,2
1407,00000013 2fab08e0,"     BMOV.32.CLEAR RZ, B2 ",,0,0,12800,409600,,,,,,,,,,,,,,,,,,,,,,,,,,,,,,,,,,,,,,,,
1408,00000013 2fab08f0,"     BSSY B2, 0x132fab0f90 ",,0,0,12800,409600,,,,,,,,,,,,,,,,,,,,,,,,,,,,,,,,,,,,,,,,
1409,00000013 2fab0900,"     IMAD.MOV.U32 R21, RZ, RZ, R7 ",,5,2,12800,409600,,,,,,,0,0,0,0,0,0,0,0,0,0,4,0,1,0,0,0,0,0,0,0,0,0,0,0,0,0,0,2,0,0,0,0,0,0
1410,00000013 2fab0910,"     IADD3 R59, P0, R19, R8, RZ ",,1,0,12800,409600,,,,,,,0,0,0,0,0,0,0,0,0,0,0,0,0,0,0,0,1,0,0,0,0,0,0,0,0,0,0,0,0,0,0,0,0,0
1411,00000013 2fab0920,"     IMAD.WIDE R16, R19, 0x2, R4 ",,1,0,12800,409600,,,,,,,0,0,0,0,0,0,0,0,0,0,0,0,1,0,0,0,0,0,0,0,0,0,0,0,0,0,0,0,0,0,0,0,0,0
1412,00000013 2fab0930,"     LEA.HI.X.SX32 R61, R19, R9, 0x1, P0 ",,1,0,12800,409600,,,,,,,0,0,0,0,0,0,0,0,0,0,0,0,0,0,0,0,1,0,0,0,0,0,0,0,0,0,0,0,0,0,0,0,0,0
1413,00000013 2fab0940,"     IMAD.MOV.U32 R20, RZ, RZ, R54 ",,0,0,12800,409600,,,,,,,,,,,,,,,,,,,,,,,,,,,,,,,,,,,,,,,,
1414,00000013 2fab0950,"@!PT SHFL.IDX PT, RZ, RZ, RZ, RZ ",,6,2,12800,0,,,,,,,0,0,0,0,0,0,0,0,0,0,0,0,0,0,0,0,6,0,0,0,0,0,0,0,0,0,0,0,0,0,0,0,0,2
1415,00000013 2fab0960,"     ISETP.GE.AND P0, PT, R21, c[0x0][0x18c], PT ",,1,0,12800,409600,,,,,,,0,0,0,0,0,0,0,0,0,0,0,0,1,0,0,0,0,0,0,0,0,0,0,0,0,0,0,0,0,0,0,0,0,0
1416,00000013 2fab0970,"     BMOV.32.CLEAR RZ, B5 ",,1,0,12800,409600,,,,,,,0,0,0,0,0,0,0,0,0,0,0,0,1,0,0,0,0,0,0,0,0,0,0,0,0,0,0,0,0,0,0,0,0,0
1417,00000013 2fab0980,"     IADD3 R19, R21, 0x20, RZ ",,7,3,12800,409600,,,,,,,0,0,0,0,0,0,0,0,0,0,6,0,1,0,0,0,0,0,0,0,0,0,0,0,0,0,0,3,0,0,0,0,0,0
1418,00000013 2fab0990,"     BSSY B5, 0x132fab0ae0 ",,0,0,12800,409600,,,,,,,,,,,,,,,,,,,,,,,,,,,,,,,,,,,,,,,,
1419,00000013 2fab09a0,"     ISETP.GE.AND P5, PT, R19, c[0x0][0x18c], PT ",,1,0,12800,409600,,,,,,,0,0,0,0,0,0,0,0,0,0,0,1,0,0,0,0,0,0,0,0,0,0,0,0,0,0,0,0,0,0,0,0,0,0
1420,00000013 2fab09b0,"     IADD3 R19, R21, 0x40, RZ ",,0,0,12800,409600,,,,,,,,,,,,,,,,,,,,,,,,,,,,,,,,,,,,,,,,
1421,00000013 2fab09c0,"     ISETP.GE.AND P4, PT, R19, c[0x0][0x18c], PT ",,1,0,12800,409600,,,,,,,0,0,0,0,0,0,0,0,0,0,0,0,0,0,0,0,1,0,0,0,0,0,0,0,0,0,0,0,0,0,0,0,0,0
1422,00000013 2fab09d0,@P0  BRA 0x132fab0ad0 ,,0,0,12800,0,,,,,,,,,,,,,,,,,,,,,,,,,,,,,,,,,,,,,,,,
1423,00000013 2fab09e0,"     LDS.U R19, [R18] ",,2,1,12800,409600,Shared,Load,32,,12800,,0,0,0,0,0,0,0,0,0,0,0,0,1,0,0,0,1,0,0,0,0,0,0,0,0,0,0,0,0,0,0,0,0,1
1424,00000013 2fab09f0,"     FSETP.GEU.FTZ.AND P2, PT, |R12|, +INF , PT ",,0,0,12800,409600,,,,,,,,,,,,,,,,,,,,,,,,,,,,,,,,,,,,,,,,
1425,00000013 2fab0a00,"     FADD.FTZ R19, -R14, R19 ",,15,10,12800,409600,,,,,,,0,0,0,0,0,0,0,0,0,0,7,0,0,8,0,0,0,0,0,0,0,0,0,0,0,0,0,4,0,0,6,0,0,0
1426,00000013 2fab0a10,"     FSETP.GT.FTZ.AND P3, PT, R19, -12, PT ",,3,0,12800,409600,,,,,,,0,0,0,0,0,0,0,0,0,0,0,1,1,0,0,0,1,0,0,0,0,0,0,0,0,0,0,0,0,0,0,0,0,0
1427,00000013 2fab0a20,"     FSETP.GEU.FTZ.AND P0, PT, R19, 20, PT ",,0,0,12800,409600,,,,,,,,,,,,,,,,,,,,,,,,,,,,,,,,,,,,,,,,
1428,00000013 2fab0a30,"     PLOP3.LUT P2, PT, P2, P3, P0, 0xfb, 0x0 ",,1,1,12800,409600,,,,,,,0,0,0,0,0,0,1,0,0,0,0,0,0,0,0,0,0,0,0,0,0,0,0,1,0,0,0,0,0,0,0,0,0,0
1429,00000013 2fab0a40,"     ISETP.GE.U32.AND P0, PT, R59, R2, PT ",,1,0,12800,409600,,,,,,,0,0,0,0,0,0,0,0,0,0,0,0,1,0,0,0,0,0,0,0,0,0,0,0,0,0,0,0,0,0,0,0,0,0
1430,00000013 2fab0a50,"     ISETP.GE.U32.AND.EX P0, PT, R61, R0, PT, P0 ",,3,2,12800,409600,,,,,,,0,0,0,0,0,0,1,0,0,0,0,0,0,0,0,0,2,0,0,0,0,0,0,1,0,0,0,0,0,0,0,0,0,1
1431,00000013 2fab0a60,"@!P2 FMUL.FTZ R55, R19, 1.4426950216293334961 ",,4,2,12800,409600,,,,,,,0,0,0,0,0,0,0,0,0,0,0,1,1,0,0,0,2,0,0,0,0,0,0,0,0,0,0,0,0,0,0,0,0,2
1432,00000013 2fab0a70,"     IMAD.MOV.U32 R19, RZ, RZ, RZ ",,1,0,12800,409600,,,,,,,0,0,0,0,0,0,0,0,0,0,0,0,0,0,0,0,1,0,0,0,0,0,0,0,0,0,0,0,0,0,0,0,0,0
1433,00000013 2fab0a80,"@!P2 MUFU.EX2 R55, R55 ",,4,2,12800,409600,,,,,,,0,0,0,0,0,0,0,0,0,0,3,0,0,0,0,0,1,0,0,0,0,0,0,0,0,0,0,2,0,0,0,0,0,0
1434,00000013 2fab0a90,"@!P2 FFMA.FTZ.SAT R19, R55, R12, RZ ",,6,1,12800,409600,,,,,,,0,0,0,0,0,0,0,0,0,0,0,0,0,6,0,0,0,0,0,0,0,0,0,0,0,0,0,0,0,0,1,0,0,0
1435,00000013 2fab0aa0,"@!P0 F2F.F16.F32 R57, R19 ",,3,1,12800,409600,,,,,,,0,0,0,0,0,0,0,0,0,0,0,1,0,0,0,0,2,0,0,0,0,0,0,0,0,0,0,0,0,0,0,0,0,1
1436,00000013 2fab0ab0,"     STS [R18], R19 ",,0,0,12800,409600,Shared,Store,32,,12800,,,,,,,,,,,,,,,,,,,,,,,,,,,,,,,,,,,
1437,00000013 2fab0ac0,"@!P0 STG.E.U16.SYS [R16], R57 ",,2,0,12800,409600,Global,Store,16,12800,,25600,0,0,0,0,0,0,0,0,0,0,0,0,0,2,0,0,0,0,0,0,0,0,0,0,0,0,0,0,0,0,0,0,0,0
1438,00000013 2fab0ad0,     BSYNC B5 ,,2,0,12800,409600,,,,,,,0,0,0,0,0,0,0,0,0,0,0,1,1,0,0,0,0,0,0,0,0,0,0,0,0,0,0,0,0,0,0,0,0,0
1439,00000013 2fab0ae0,"     IADD3 R19, R21, 0x60, RZ ",,4,1,12800,409600,,,,,,,0,0,0,0,0,1,1,0,0,0,1,0,0,0,0,0,1,0,0,0,0,0,0,1,0,0,0,0,0,0,0,0,0,0
1440,00000013 2fab0af0,"     BMOV.32.CLEAR RZ, B5 ",,1,0,12800,409600,,,,,,,0,0,0,0,0,0,0,0,0,0,0,0,1,0,0,0,0,0,0,0,0,0,0,0,0,0,0,0,0,0,0,0,0,0
1441,00000013 2fab0b00,"     BSSY B5, 0x132fab0c50 ",,2,2,12800,409600,,,,,,,0,0,0,0,0,0,0,0,0,0,2,0,0,0,0,0,0,0,0,0,0,0,0,0,0,0,0,2,0,0,0,0,0,0
1442,00000013 2fab0b10,"     ISETP.GE.AND P3, PT, R19, c[0x0][0x18c], PT ",,0,0,12800,409600,,,,,,,,,,,,,,,,,,,,,,,,,,,,,,,,,,,,,,,,
1443,00000013 2fab0b20,@P5  BRA 0x132fab0c40 ,,0,0,12800,0,,,,,,,,,,,,,,,,,,,,,,,,,,,,,,,,,,,,,,,,
1444,00000013 2fab0b30,"     LDS.U R19, [R18+0x80] ",,2,1,12800,409600,Shared,Load,32,,12800,,0,0,0,0,0,0,0,0,0,0,0,0,0,0,0,0,2,0,0,0,0,0,0,0,0,0,0,0,0,0,0,0,0,1
1445,00000013 2fab0b40,"     FSETP.GEU.FTZ.AND P5, PT, |R12|, +INF , PT ",,0,0,12800,409600,,,,,,,,,,,,,,,,,,,,,,,,,,,,,,,,,,,,,,,,
1446,00000013 2fab0b50,"     FADD.FTZ R19, -R14, R19 ",,6,3,12800,409600,,,,,,,0,0,0,0,0,0,0,0,0,0,0,0,1,5,0,0,0,0,0,0,0,0,0,0,0,0,0,0,0,0,3,0,0,0
1447,00000013 2fab0b60,"     FSETP.GT.FTZ.AND P2, PT, R19, -12, PT ",,2,2,12800,409600,,,,,,,0,0,0,0,0,0,2,0,0,0,0,0,0,0,0,0,0,0,0,0,0,0,0,2,0,0,0,0,0,0,0,0,0,0
1448,00000013 2fab0b70,"     FSETP.GEU.FTZ.AND P0, PT, R19, 20, PT ",,0,0,12800,409600,,,,,,,,,,,,,,,,,,,,,,,,,,,,,,,,,,,,,,,,
1449,00000013 2fab0b80,"     PLOP3.LUT P2, PT, P5, P2, P0, 0xfb, 0x0 ",,4,1,12800,409600,,,,,,,0,0,0,0,0,0,0,0,0,0,3,0,1,0,0,0,0,0,0,0,0,0,0,0,0,0,0,1,0,0,0,0,0,0
1450,00000013 2fab0b90,"@!P2 FMUL.FTZ R55, R19, 1.4426950216293334961 ",,1,1,12800,409600,,,,,,,0,0,0,0,0,0,0,0,0,0,0,0,0,0,0,0,1,0,0,0,0,0,0,0,0,0,0,0,0,0,0,0,0,1
1451,00000013 2fab0ba0,"     IADD3 R19, P5, R59, 0x20, RZ ",,0,0,12800,409600,,,,,,,,,,,,,,,,,,,,,,,,,,,,,,,,,,,,,,,,
1452,00000013 2fab0bb0,"     ISETP.GE.U32.AND P0, PT, R19, R2, PT ",,1,0,12800,409600,,,,,,,0,0,0,0,0,0,0,0,0,0,0,1,0,0,0,0,0,0,0,0,0,0,0,0,0,0,0,0,0,0,0,0,0,0
1453,00000013 2fab0bc0,"@!P2 MUFU.EX2 R55, R55 ",,0,0,12800,409600,,,,,,,,,,,,,,,,,,,,,,,,,,,,,,,,,,,,,,,,
1454,00000013 2fab0bd0,"     IMAD.X R19, RZ, RZ, R61, P5 ",,2,0,12800,409600,,,,,,,0,0,0,0,0,0,0,0,0,0,0,0,2,0,0,0,0,0,0,0,0,0,0,0,0,0,0,0,0,0,0,0,0,0
1455,00000013 2fab0be0,"     ISETP.GE.U32.AND.EX P0, PT, R19, R0, PT, P0 ",,3,0,12800,409600,,,,,,,0,0,0,0,0,0,0,0,0,0,0,0,1,0,0,0,2,0,0,0,0,0,0,0,0,0,0,0,0,0,0,0,0,0
1456,00000013 2fab0bf0,"     IMAD.MOV.U32 R19, RZ, RZ, RZ ",,1,0,12800,409600,,,,,,,0,0,0,0,0,0,0,0,0,0,0,0,1,0,0,0,0,0,0,0,0,0,0,0,0,0,0,0,0,0,0,0,0,0
1457,00000013 2fab0c00,"@!P2 FFMA.FTZ.SAT R19, R55, R12, RZ ",,9,5,12800,409600,,,,,,,0,0,0,0,0,0,0,0,0,0,6,1,0,1,0,0,1,0,0,0,0,0,0,0,0,0,0,4,0,0,0,0,0,1
1458,00000013 2fab0c10,"@!P0 F2F.F16.F32 R57, R19 ",,2,1,12800,409600,,,,,,,0,0,0,0,0,0,0,0,0,0,0,0,0,0,0,0,2,0,0,0,0,0,0,0,0,0,0,0,0,0,0,0,0,1
1459,00000013 2fab0c20,"     STS [R18+0x80], R19 ",,0,0,12800,409600,Shared,Store,32,,12800,,,,,,,,,,,,,,,,,,,,,,,,,,,,,,,,,,,
1460,00000013 2fab0c30,"@!P0 STG.E.U16.SYS [R16+0x40], R57 ",,4,3,12800,409600,Global,Store,16,12800,,25600,0,0,0,0,0,0,0,0,0,0,0,0,0,2,0,0,2,0,0,0,0,0,0,0,0,0,0,0,0,0,2,0,0,1
1461,00000013 2fab0c40,     BSYNC B5 ,,1,0,12800,409600,,,,,,,0,0,0,0,0,0,0,0,0,0,0,0,1,0,0,0,0,0,0,0,0,0,0,0,0,0,0,0,0,0,0,0,0,0
1462,00000013 2fab0c50,"     BMOV.32.CLEAR RZ, B5 ",,3,0,12800,409600,,,,,,,0,0,0,0,0,0,0,0,0,0,1,1,1,0,0,0,0,0,0,0,0,0,0,0,0,0,0,0,0,0,0,0,0,0
1463,00000013 2fab0c60,"     BSSY B5, 0x132fab0da0 ",,1,0,12800,409600,,,,,,,0,0,0,0,0,0,0,0,0,0,0,0,1,0,0,0,0,0,0,0,0,0,0,0,0,0,0,0,0,0,0,0,0,0
1464,00000013 2fab0c70,@P4  BRA 0x132fab0d90 ,,2,0,12800,0,,,,,,,0,0,0,0,0,0,0,0,0,0,0,0,2,0,0,0,0,0,0,0,0,0,0,0,0,0,0,0,0,0,0,0,0,0
1465,00000013 2fab0c80,"     LDS.U R19, [R18+0x100] ",,6,2,12800,409600,Shared,Load,32,,12800,,0,0,0,0,0,0,0,0,0,0,3,0,1,0,0,0,2,0,0,0,0,0,0,0,0,0,0,2,0,0,0,0,0,0
1466,00000013 2fab0c90,"     FSETP.GEU.FTZ.AND P4, PT, |R12|, +INF , PT ",,0,0,12800,409600,,,,,,,,,,,,,,,,,,,,,,,,,,,,,,,,,,,,,,,,
1467,00000013 2fab0ca0,"     FADD.FTZ R19, -R14, R19 ",,7,4,12800,409600,,,,,,,0,0,0,0,0,0,0,0,0,0,0,0,0,7,0,0,0,0,0,0,0,0,0,0,0,0,0,0,0,0,4,0,0,0
1468,00000013 2fab0cb0,"     FSETP.GT.FTZ.AND P2, PT, R19, -12, PT ",,5,3,12800,409600,,,,,,,0,0,0,0,0,0,0,0,0,0,0,0,1,0,0,0,4,0,0,0,0,0,0,0,0,0,0,0,0,0,0,0,0,3
1469,00000013 2fab0cc0,"     FSETP.GEU.FTZ.AND P0, PT, R19, 20, PT ",,0,0,12800,409600,,,,,,,,,,,,,,,,,,,,,,,,,,,,,,,,,,,,,,,,
1470,00000013 2fab0cd0,"     PLOP3.LUT P2, PT, P4, P2, P0, 0xfb, 0x0 ",,0,0,12800,409600,,,,,,,,,,,,,,,,,,,,,,,,,,,,,,,,,,,,,,,,
1471,00000013 2fab0ce0,"@!P2 FMUL.FTZ R55, R19, 1.4426950216293334961 ",,4,0,12800,409600,,,,,,,0,0,0,0,0,0,0,0,0,0,0,2,0,0,0,0,2,0,0,0,0,0,0,0,0,0,0,0,0,0,0,0,0,0
1472,00000013 2fab0cf0,"     IADD3 R19, P4, R59, 0x40, RZ ",,0,0,12800,409600,,,,,,,,,,,,,,,,,,,,,,,,,,,,,,,,,,,,,,,,
1473,00000013 2fab0d00,"     ISETP.GE.U32.AND P0, PT, R19, R2, PT ",,4,2,12800,409600,,,,,,,0,0,0,0,0,0,0,0,0,0,2,1,1,0,0,0,0,0,0,0,0,0,0,0,0,0,0,2,0,0,0,0,0,0
1474,00000013 2fab0d10,"@!P2 MUFU.EX2 R55, R55 ",,0,0,12800,409600,,,,,,,,,,,,,,,,,,,,,,,,,,,,,,,,,,,,,,,,
1475,00000013 2fab0d20,"     IMAD.X R19, RZ, RZ, R61, P4 ",,3,0,12800,409600,,,,,,,0,0,0,0,0,0,0,0,0,0,0,0,3,0,0,0,0,0,0,0,0,0,0,0,0,0,0,0,0,0,0,0,0,0
1476,00000013 2fab0d30,"     ISETP.GE.U32.AND.EX P0, PT, R19, R0, PT, P0 ",,2,1,12800,409600,,,,,,,0,0,0,0,0,0,0,0,0,0,0,0,1,0,0,0,1,0,0,0,0,0,0,0,0,0,0,0,0,0,0,0,0,1
1477,00000013 2fab0d40,"     IMAD.MOV.U32 R19, RZ, RZ, RZ ",,0,0,12800,409600,,,,,,,,,,,,,,,,,,,,,,,,,,,,,,,,,,,,,,,,
1478,00000013 2fab0d50,"@!P2 FFMA.FTZ.SAT R19, R55, R12, RZ ",,1,0,12800,409600,,,,,,,0,0,0,0,0,0,0,0,0,0,0,1,0,0,0,0,0,0,0,0,0,0,0,0,0,0,0,0,0,0,0,0,0,0
1479,00000013 2fab0d60,"@!P0 F2F.F16.F32 R57, R19 ",,2,1,12800,409600,,,,,,,0,0,0,0,0,0,0,0,0,0,0,0,1,0,0,0,1,0,0,0,0,0,0,0,0,0,0,0,0,0,0,0,0,1
1480,00000013 2fab0d70,"     STS [R18+0x100], R19 ",,0,0,12800,409600,Shared,Store,32,,12800,,,,,,,,,,,,,,,,,,,,,,,,,,,,,,,,,,,
1481,00000013 2fab0d80,"@!P0 STG.E.U16.SYS [R16+0x80], R57 ",,5,4,12800,409600,Global,Store,16,12800,,25600,0,0,0,0,0,0,0,0,0,0,3,0,0,1,0,0,1,0,0,0,0,0,0,0,0,0,0,2,0,0,1,0,0,1
1482,00000013 2fab0d90,     BSYNC B5 ,,0,0,12800,409600,,,,,,,,,,,,,,,,,,,,,,,,,,,,,,,,,,,,,,,,
1483,00000013 2fab0da0,"     BMOV.32.CLEAR RZ, B5 ",,5,3,12800,409600,,,,,,,0,0,0,0,0,0,0,0,0,0,2,1,0,0,0,0,2,0,0,0,0,0,0,0,0,0,0,1,0,0,0,0,0,2
1484,00000013 2fab0db0,"     BSSY B5, 0x132fab0ef0 ",,0,0,12800,409600,,,,,,,,,,,,,,,,,,,,,,,,,,,,,,,,,,,,,,,,
1485,00000013 2fab0dc0,@P3  BRA 0x132fab0ee0 ,,2,0,12800,0,,,,,,,0,0,0,0,0,0,0,0,0,0,0,0,2,0,0,0,0,0,0,0,0,0,0,0,0,0,0,0,0,0,0,0,0,0
1486,00000013 2fab0dd0,"     LDS.U R19, [R18+0x180] ",,3,0,12800,409600,Shared,Load,32,,12800,,0,0,0,0,0,0,0,0,0,0,0,0,1,0,0,0,2,0,0,0,0,0,0,0,0,0,0,0,0,0,0,0,0,0
1487,00000013 2fab0de0,"     FSETP.GEU.FTZ.AND P3, PT, |R12|, +INF , PT ",,0,0,12800,409600,,,,,,,,,,,,,,,,,,,,,,,,,,,,,,,,,,,,,,,,
1488,00000013 2fab0df0,"     FADD.FTZ R19, -R14, R19 ",,5,3,12800,409600,,,,,,,0,0,0,0,0,0,0,0,0,0,0,0,0,5,0,0,0,0,0,0,0,0,0,0,0,0,0,0,0,0,3,0,0,0
1489,00000013 2fab0e00,"     FSETP.GT.FTZ.AND P2, PT, R19, -12, PT ",,8,3,12800,409600,,,,,,,0,0,0,0,0,0,1,0,0,0,6,0,0,0,0,0,1,0,0,0,0,0,0,0,0,0,0,3,0,0,0,0,0,0
1490,00000013 2fab0e10,"     FSETP.GEU.FTZ.AND P0, PT, R19, 20, PT ",,0,0,12800,409600,,,,,,,,,,,,,,,,,,,,,,,,,,,,,,,,,,,,,,,,
1491,00000013 2fab0e20,"     PLOP3.LUT P2, PT, P3, P2, P0, 0xfb, 0x0 ",,0,0,12800,409600,,,,,,,,,,,,,,,,,,,,,,,,,,,,,,,,,,,,,,,,
1492,00000013 2fab0e30,"@!P2 FMUL.FTZ R55, R19, 1.4426950216293334961 ",,4,2,12800,409600,,,,,,,0,0,0,0,0,0,0,0,0,0,0,1,0,0,0,0,3,0,0,0,0,0,0,0,0,0,0,0,0,0,0,0,0,2
1493,00000013 2fab0e40,"     IADD3 R19, P3, R59, 0x60, RZ ",,1,0,12800,409600,,,,,,,0,0,0,0,0,0,0,0,0,0,0,0,1,0,0,0,0,0,0,0,0,0,0,0,0,0,0,0,0,0,0,0,0,0
1494,00000013 2fab0e50,"     ISETP.GE.U32.AND P0, PT, R19, R2, PT ",,1,1,12800,409600,,,,,,,0,0,0,0,0,0,0,0,0,0,0,0,0,0,0,0,1,0,0,0,0,0,0,0,0,0,0,0,0,0,0,0,0,1
1495,00000013 2fab0e60,"@!P2 MUFU.EX2 R55, R55 ",,2,0,12800,409600,,,,,,,0,0,0,0,0,0,0,0,0,0,0,0,2,0,0,0,0,0,0,0,0,0,0,0,0,0,0,0,0,0,0,0,0,0
1496,00000013 2fab0e70,"     IMAD.X R19, RZ, RZ, R61, P3 ",,0,0,12800,409600,,,,,,,,,,,,,,,,,,,,,,,,,,,,,,,,,,,,,,,,
1497,00000013 2fab0e80,"     ISETP.GE.U32.AND.EX P0, PT, R19, R0, PT, P0 ",,6,4,12800,409600,,,,,,,0,0,0,0,0,0,0,0,0,0,6,0,0,0,0,0,0,0,0,0,0,0,0,0,0,0,0,4,0,0,0,0,0,0
1498,00000013 2fab0e90,"     IMAD.MOV.U32 R19, RZ, RZ, RZ ",,0,0,12800,409600,,,,,,,,,,,,,,,,,,,,,,,,,,,,,,,,,,,,,,,,
1499,00000013 2fab0ea0,"@!P2 FFMA.FTZ.SAT R19, R55, R12, RZ ",,3,1,12800,409600,,,,,,,0,0,0,0,0,0,0,0,0,0,0,0,0,2,0,0,1,0,0,0,0,0,0,0,0,0,0,0,0,0,1,0,0,0
1500,00000013 2fab0eb0,"@!P0 F2F.F16.F32 R57, R19 ",,3,2,12800,409600,,,,,,,0,0,0,0,0,0,0,0,0,0,0,0,1,0,0,0,2,0,0,0,0,0,0,0,0,0,0,0,0,0,0,0,0,2
1501,00000013 2fab0ec0,"     STS [R18+0x180], R19 ",,0,0,12800,409600,Shared,Store,32,,12800,,,,,,,,,,,,,,,,,,,,,,,,,,,,,,,,,,,
1502,00000013 2fab0ed0,"@!P0 STG.E.U16.SYS [R16+0xc0], R57 ",,6,3,12800,409600,Global,Store,16,12800,,25600,0,0,0,0,0,0,0,0,0,0,0,0,0,3,0,0,3,0,0,0,0,0,0,0,0,0,0,0,0,0,2,0,0,1
1503,00000013 2fab0ee0,     BSYNC B5 ,,1,1,12800,409600,,,,,,,0,0,0,0,0,0,0,0,0,0,0,0,0,0,0,0,1,0,0,0,0,0,0,0,0,0,0,0,0,0,0,0,0,1
1504,00000013 2fab0ef0,"     IADD3 R16, P0, R16, 0x100, RZ ",,5,2,12800,409600,,,,,,,0,0,0,0,0,0,0,0,0,0,4,0,0,0,0,0,1,0,0,0,0,0,0,0,0,0,0,2,0,0,0,0,0,0
1505,00000013 2fab0f00,"     IADD3 R20, R20, 0x80, RZ ",,0,0,12800,409600,,,,,,,,,,,,,,,,,,,,,,,,,,,,,,,,,,,,,,,,
1506,00000013 2fab0f10,"     IADD3 R59, P2, R59, 0x80, RZ ",,0,0,12800,409600,,,,,,,,,,,,,,,,,,,,,,,,,,,,,,,,,,,,,,,,
1507,00000013 2fab0f20,"     IMAD.X R17, RZ, RZ, R17, P0 ",,0,0,12800,409600,,,,,,,,,,,,,,,,,,,,,,,,,,,,,,,,,,,,,,,,
1508,00000013 2fab0f30,"     ISETP.GE.AND P0, PT, R20, R13, PT ",,0,0,12800,409600,,,,,,,,,,,,,,,,,,,,,,,,,,,,,,,,,,,,,,,,
1509,00000013 2fab0f40,"     IADD3 R21, R21, 0x80, RZ ",,0,0,12800,409600,,,,,,,,,,,,,,,,,,,,,,,,,,,,,,,,,,,,,,,,
1510,00000013 2fab0f50,"     IMAD.X R61, RZ, RZ, R61, P2 ",,0,0,12800,409600,,,,,,,,,,,,,,,,,,,,,,,,,,,,,,,,,,,,,,,,
1511,00000013 2fab0f60,"     IADD3 R18, R18, 0x200, RZ ",,1,0,12800,409600,,,,,,,0,0,0,0,0,0,0,0,0,0,0,0,1,0,0,0,0,0,0,0,0,0,0,0,0,0,0,0,0,0,0,0,0,0
1512,00000013 2fab0f70,@!P0 BRA 0x132fab0950 ,,1,1,12800,0,,,,,,,0,0,0,0,0,0,0,0,0,0,0,0,0,0,0,0,1,0,0,0,0,0,0,0,0,0,0,0,0,0,0,0,0,1
1513,00000013 2fab0f80,     BSYNC B2 ,,8,5,12800,409600,,,,,,,0,0,0,0,0,0,0,0,0,0,7,0,0,0,0,0,1,0,0,0,0,0,0,0,0,0,0,5,0,0,0,0,0,0
1514,00000013 2fab0f90,"     ISETP.GE.AND P0, PT, R20, R27, PT ",,2,2,12800,409600,,,,,,,0,0,0,0,0,0,0,0,0,0,2,0,0,0,0,0,0,0,0,0,0,0,0,0,0,0,0,2,0,0,0,0,0,0
1515,00000013 2fab0fa0,@P0  BREAK B3 ,,3,3,12800,409600,,,,,,,0,0,0,0,0,0,0,0,0,0,0,0,0,0,0,0,3,0,0,0,0,0,0,0,0,0,0,0,0,0,0,0,0,3
1516,00000013 2fab0fb0,@P0  BRA 0x132fab12a0 ,,2,1,12800,409600,,,,,,,0,0,0,0,0,0,0,0,0,0,1,1,0,0,0,0,0,0,0,0,0,0,0,0,0,0,0,1,0,0,0,0,0,0
1517,00000013 2fab0fc0,     BSYNC B3 ,,18,7,12800,409600,,,,,,,0,0,0,0,0,0,0,0,0,0,14,0,0,0,0,0,4,0,0,0,0,0,0,0,0,0,0,6,0,0,0,0,0,1
1518,00000013 2fab0fd0,"     IMAD.IADD R16, R43, 0x1, R11 ",,5,3,12800,409600,,,,,,,0,0,0,0,0,0,0,0,0,0,5,0,0,0,0,0,0,0,0,0,0,0,0,0,0,0,0,3,0,0,0,0,0,0
1519,00000013 2fab0fe0,"     IMAD.IADD R19, R20, 0x1, R53 ",,1,0,12800,409600,,,,,,,0,0,0,0,0,0,0,0,0,0,0,0,1,0,0,0,0,0,0,0,0,0,0,0,0,0,0,0,0,0,0,0,0,0
1520,00000013 2fab0ff0,"     IMAD R21, R16, c[0x0][0x18c], RZ ",,0,0,12800,409600,,,,,,,,,,,,,,,,,,,,,,,,,,,,,,,,,,,,,,,,
1521,00000013 2fab1000,"     IMAD.SHL.U32 R16, R20, 0x4, RZ ",,1,0,12800,409600,,,,,,,0,0,0,0,0,0,1,0,0,0,0,0,0,0,0,0,0,0,0,0,0,0,0,0,0,0,0,0,0,0,0,0,0,0
1522,00000013 2fab1010,"     SHF.R.S32.HI R18, RZ, 0x1f, R19 ",,0,0,12800,409600,,,,,,,,,,,,,,,,,,,,,,,,,,,,,,,,,,,,,,,,
1523,00000013 2fab1020,"     IADD3 R59, P0, R21, R19, RZ ",,0,0,12800,409600,,,,,,,,,,,,,,,,,,,,,,,,,,,,,,,,,,,,,,,,
1524,00000013 2fab1030,"     IMAD R17, R52, R11, R16 ",,0,0,12800,409600,,,,,,,,,,,,,,,,,,,,,,,,,,,,,,,,,,,,,,,,
1525,00000013 2fab1040,"     LEA.HI.X.SX32 R16, R21, R18, 0x1, P0 ",,1,0,12800,409600,,,,,,,0,0,0,0,0,0,0,0,0,0,0,1,0,0,0,0,0,0,0,0,0,0,0,0,0,0,0,0,0,0,0,0,0,0
1526,00000013 2fab1050,"     IMAD.IADD R18, R50, 0x1, R17 ",,0,0,12800,409600,,,,,,,,,,,,,,,,,,,,,,,,,,,,,,,,,,,,,,,,
1527,00000013 2fab1060,"     IADD3 R55, P2, R59, R24, RZ ",,1,0,12800,409600,,,,,,,0,1,0,0,0,0,0,0,0,0,0,0,0,0,0,0,0,0,0,0,0,0,0,0,0,0,0,0,0,0,0,0,0,0
1528,00000013 2fab1070,"     LEA R56, P0, R59, R22, 0x1 ",,0,0,12800,409600,,,,,,,,,,,,,,,,,,,,,,,,,,,,,,,,,,,,,,,,
1529,00000013 2fab1080,"     IMAD.X R57, R16, 0x1, R49, P2 ",,0,0,12800,409600,,,,,,,,,,,,,,,,,,,,,,,,,,,,,,,,,,,,,,,,
1530,00000013 2fab1090,"     LEA.HI.X R59, R59, R23, R16, 0x1, P0 ",,0,0,12800,409600,,,,,,,,,,,,,,,,,,,,,,,,,,,,,,,,,,,,,,,,
1531,00000013 2fab10a0,"@!PT SHFL.IDX PT, RZ, RZ, RZ, RZ ",,6,3,12800,0,,,,,,,0,0,0,0,0,0,0,0,0,0,0,0,1,0,0,0,5,0,0,0,0,0,0,0,0,0,0,0,0,0,0,0,0,3
1532,00000013 2fab10b0,"     ISETP.GE.AND P0, PT, R19, c[0x0][0x18c], PT ",,0,0,12800,409600,,,,,,,,,,,,,,,,,,,,,,,,,,,,,,,,,,,,,,,,
1533,00000013 2fab10c0,"     BMOV.32.CLEAR RZ, B2 ",,0,0,12800,409600,,,,,,,,,,,,,,,,,,,,,,,,,,,,,,,,,,,,,,,,
1534,00000013 2fab10d0,"     IADD3 R20, R20, 0x20, RZ ",,1,0,12800,409600,,,,,,,0,0,0,0,0,0,0,0,0,0,0,0,1,0,0,0,0,0,0,0,0,0,0,0,0,0,0,0,0,0,0,0,0,0
1535,00000013 2fab10e0,"     BSSY B2, 0x132fab1230 ",,0,0,12800,409600,,,,,,,,,,,,,,,,,,,,,,,,,,,,,,,,,,,,,,,,
1536,00000013 2fab10f0,"     ISETP.GE.AND P3, PT, R20, R27, PT ",,0,0,12800,409600,,,,,,,,,,,,,,,,,,,,,,,,,,,,,,,,,,,,,,,,
1537,00000013 2fab1100,@P0  BRA 0x132fab1220 ,,1,0,12800,0,,,,,,,0,0,0,0,0,0,0,0,0,0,0,1,0,0,0,0,0,0,0,0,0,0,0,0,0,0,0,0,0,0,0,0,0,0
1538,00000013 2fab1110,"     LDS.U R17, [R18] ",,0,0,12800,409600,Shared,Load,32,,12800,,,,,,,,,,,,,,,,,,,,,,,,,,,,,,,,,,,
1539,00000013 2fab1120,"     FSETP.GEU.FTZ.AND P4, PT, |R12|, +INF , PT ",,0,0,12800,409600,,,,,,,,,,,,,,,,,,,,,,,,,,,,,,,,,,,,,,,,
1540,00000013 2fab1130,"     FADD.FTZ R17, -R14, R17 ",,12,8,12800,409600,,,,,,,0,0,0,0,0,0,0,0,0,1,0,0,0,11,0,0,0,0,0,0,0,0,0,0,0,0,0,0,0,0,8,0,0,0
1541,00000013 2fab1140,"     FSETP.GT.FTZ.AND P2, PT, R17, -12, PT ",,2,1,12800,409600,,,,,,,0,0,0,0,0,0,0,0,0,0,0,0,0,0,0,0,2,0,0,0,0,0,0,0,0,0,0,0,0,0,0,0,0,1
1542,00000013 2fab1150,"     FSETP.GEU.FTZ.AND P0, PT, R17, 20, PT ",,0,0,12800,409600,,,,,,,,,,,,,,,,,,,,,,,,,,,,,,,,,,,,,,,,
1543,00000013 2fab1160,"     PLOP3.LUT P2, PT, P4, P2, P0, 0xfb, 0x0 ",,2,0,12800,409600,,,,,,,0,0,0,0,0,0,0,0,0,0,0,0,1,0,0,0,1,0,0,0,0,0,0,0,0,0,0,0,0,0,0,0,0,0
1544,00000013 2fab1170,"     ISETP.GE.U32.AND P0, PT, R55, R2, PT ",,0,0,12800,409600,,,,,,,,,,,,,,,,,,,,,,,,,,,,,,,,,,,,,,,,
1545,00000013 2fab1180,"     ISETP.GE.U32.AND.EX P0, PT, R57, R0, PT, P0 ",,2,0,12800,409600,,,,,,,0,0,0,0,0,0,0,0,0,0,0,0,2,0,0,0,0,0,0,0,0,0,0,0,0,0,0,0,0,0,0,0,0,0
1546,00000013 2fab1190,"@!P2 FMUL.FTZ R16, R17, 1.4426950216293334961 ",,6,3,12800,409600,,,,,,,0,0,0,0,0,0,1,0,0,0,0,0,0,0,0,0,5,0,0,0,0,0,0,0,0,0,0,0,0,0,0,0,0,3
1547,00000013 2fab11a0,"     IMAD.MOV.U32 R17, RZ, RZ, RZ ",,1,0,12800,409600,,,,,,,0,0,0,0,0,0,0,0,0,0,0,0,0,0,0,0,1,0,0,0,0,0,0,0,0,0,0,0,0,0,0,0,0,0
1548,00000013 2fab11b0,"@!P2 MUFU.EX2 R21, R16 ",,2,0,12800,409600,,,,,,,0,0,0,0,0,0,0,0,0,0,0,0,1,0,0,0,1,0,0,0,0,0,0,0,0,0,0,0,0,0,0,0,0,0
1549,00000013 2fab11c0,"@!P0 IMAD.MOV.U32 R16, RZ, RZ, R56 ",,4,1,12800,409600,,,,,,,0,0,0,0,0,0,0,0,0,0,0,0,1,3,0,0,0,0,0,0,0,0,0,0,0,0,0,0,0,0,1,0,0,0
1550,00000013 2fab11d0,"@!P2 FFMA.FTZ.SAT R17, R21, R12, RZ ",,1,1,12800,409600,,,,,,,0,0,0,0,0,0,0,0,0,0,0,0,0,1,0,0,0,0,0,0,0,0,0,0,0,0,0,0,0,0,1,0,0,0
1551,00000013 2fab11e0,"@!P0 F2F.F16.F32 R21, R17 ",,2,2,12800,409600,,,,,,,0,0,0,0,0,0,0,0,0,0,0,0,0,0,0,0,2,0,0,0,0,0,0,0,0,0,0,0,0,0,0,0,0,2
1552,00000013 2fab11f0,"     STS [R18], R17 ",,0,0,12800,409600,Shared,Store,32,,12800,,,,,,,,,,,,,,,,,,,,,,,,,,,,,,,,,,,
1553,00000013 2fab1200,"@!P0 IMAD.MOV.U32 R17, RZ, RZ, R59 ",,3,1,12800,409600,,,,,,,0,0,0,0,0,0,0,0,0,0,0,0,0,3,0,0,0,0,0,0,0,0,0,0,0,0,0,0,0,0,1,0,0,0
1554,00000013 2fab1210,"@!P0 STG.E.U16.SYS [R16], R21 ",,4,2,12800,409600,Global,Store,16,12800,,25600,0,1,0,0,0,0,0,0,0,0,0,0,0,0,0,0,3,0,0,0,0,0,0,0,0,0,0,0,0,0,0,0,0,2
1555,00000013 2fab1220,     BSYNC B2 ,,1,0,12800,409600,,,,,,,0,0,0,0,0,0,0,0,0,0,0,0,0,0,0,0,1,0,0,0,0,0,0,0,0,0,0,0,0,0,0,0,0,0
1556,00000013 2fab1230,"     IADD3 R56, P0, R56, 0x40, RZ ",,3,3,12800,409600,,,,,,,0,0,0,0,0,0,0,0,0,0,3,0,0,0,0,0,0,0,0,0,0,0,0,0,0,0,0,3,0,0,0,0,0,0
1557,00000013 2fab1240,"     IADD3 R55, P2, R55, 0x20, RZ ",,0,0,12800,409600,,,,,,,,,,,,,,,,,,,,,,,,,,,,,,,,,,,,,,,,
1558,00000013 2fab1250,"     IADD3 R19, R19, 0x20, RZ ",,0,0,12800,409600,,,,,,,,,,,,,,,,,,,,,,,,,,,,,,,,,,,,,,,,
1559,00000013 2fab1260,"     IMAD.X R59, RZ, RZ, R59, P0 ",,0,0,12800,409600,,,,,,,,,,,,,,,,,,,,,,,,,,,,,,,,,,,,,,,,
1560,00000013 2fab1270,"     IADD3 R18, R18, 0x80, RZ ",,0,0,12800,409600,,,,,,,,,,,,,,,,,,,,,,,,,,,,,,,,,,,,,,,,
1561,00000013 2fab1280,"     IMAD.X R57, RZ, RZ, R57, P2 ",,0,0,12800,409600,,,,,,,,,,,,,,,,,,,,,,,,,,,,,,,,,,,,,,,,
1562,00000013 2fab1290,@!P3 BRA 0x132fab10a0 ,,2,0,12800,0,,,,,,,0,0,0,0,0,0,0,0,0,0,0,0,2,0,0,0,0,0,0,0,0,0,0,0,0,0,0,0,0,0,0,0,0,0
1563,00000013 2fab12a0,     BSYNC B4 ,,24,12,25600,819200,,,,,,,0,0,0,0,0,0,0,0,0,0,18,0,0,0,0,0,6,0,0,0,0,0,0,0,0,0,0,10,0,0,0,0,0,2
1564,00000013 2fab12b0,     BRA 0x132fab19d0 ,,7,5,25600,819200,,,,,,,0,0,0,0,0,0,0,0,0,0,5,0,0,0,0,0,2,0,0,0,0,0,0,0,0,0,0,3,0,0,0,0,0,2
1565,00000013 2fab12c0,"     ISETP.GT.AND P0, PT, R13, R54, PT ",,3,0,0,0,,,,,,,0,0,0,0,0,0,0,0,0,0,0,0,0,0,0,0,3,0,0,0,0,0,0,0,0,0,0,0,0,0,0,0,0,0
1566,00000013 2fab12d0,"     BMOV.32.CLEAR RZ, B3 ",,0,0,0,0,,,,,,,,,,,,,,,,,,,,,,,,,,,,,,,,,,,,,,,,
1567,00000013 2fab12e0,"     BSSY B3, 0x132fab1830 ",,0,0,0,0,,,,,,,,,,,,,,,,,,,,,,,,,,,,,,,,,,,,,,,,
1568,00000013 2fab12f0,"     IMAD.MOV.U32 R16, RZ, RZ, R54 ",,0,0,0,0,,,,,,,,,,,,,,,,,,,,,,,,,,,,,,,,,,,,,,,,
1569,00000013 2fab1300,@!P0 BRA 0x132fab1820 ,,0,0,0,0,,,,,,,,,,,,,,,,,,,,,,,,,,,,,,,,,,,,,,,,
1570,00000013 2fab1310,"     BMOV.32.CLEAR RZ, B2 ",,0,0,0,0,,,,,,,,,,,,,,,,,,,,,,,,,,,,,,,,,,,,,,,,
1571,00000013 2fab1320,"     BSSY B2, 0x132fab17f0 ",,0,0,0,0,,,,,,,,,,,,,,,,,,,,,,,,,,,,,,,,,,,,,,,,
1572,00000013 2fab1330,"     IMAD.MOV.U32 R17, RZ, RZ, R7 ",,0,0,0,0,,,,,,,,,,,,,,,,,,,,,,,,,,,,,,,,,,,,,,,,
1573,00000013 2fab1340,"     IMAD.MOV.U32 R16, RZ, RZ, R54 ",,0,0,0,0,,,,,,,,,,,,,,,,,,,,,,,,,,,,,,,,,,,,,,,,
1574,00000013 2fab1350,"@!PT SHFL.IDX PT, RZ, RZ, RZ, RZ ",,0,0,0,0,,,,,,,,,,,,,,,,,,,,,,,,,,,,,,,,,,,,,,,,
1575,00000013 2fab1360,"     ISETP.GE.AND P0, PT, R17, c[0x0][0x18c], PT ",,0,0,0,0,,,,,,,,,,,,,,,,,,,,,,,,,,,,,,,,,,,,,,,,
1576,00000013 2fab1370,"     BMOV.32.CLEAR RZ, B4 ",,0,0,0,0,,,,,,,,,,,,,,,,,,,,,,,,,,,,,,,,,,,,,,,,
1577,00000013 2fab1380,"     IADD3 R19, R17, 0x20, RZ ",,0,0,0,0,,,,,,,,,,,,,,,,,,,,,,,,,,,,,,,,,,,,,,,,
1578,00000013 2fab1390,"     BSSY B4, 0x132fab14c0 ",,0,0,0,0,,,,,,,,,,,,,,,,,,,,,,,,,,,,,,,,,,,,,,,,
1579,00000013 2fab13a0,"     IADD3 R20, R17, 0x40, RZ ",,0,0,0,0,,,,,,,,,,,,,,,,,,,,,,,,,,,,,,,,,,,,,,,,
1580,00000013 2fab13b0,"     IADD3 R21, R17, 0x60, RZ ",,0,0,0,0,,,,,,,,,,,,,,,,,,,,,,,,,,,,,,,,,,,,,,,,
1581,00000013 2fab13c0,"     ISETP.GE.AND P5, PT, R19, c[0x0][0x18c], PT ",,0,0,0,0,,,,,,,,,,,,,,,,,,,,,,,,,,,,,,,,,,,,,,,,
1582,00000013 2fab13d0,"     ISETP.GE.AND P4, PT, R20, c[0x0][0x18c], PT ",,0,0,0,0,,,,,,,,,,,,,,,,,,,,,,,,,,,,,,,,,,,,,,,,
1583,00000013 2fab13e0,"     ISETP.GE.AND P3, PT, R21, c[0x0][0x18c], PT ",,0,0,0,0,,,,,,,,,,,,,,,,,,,,,,,,,,,,,,,,,,,,,,,,
1584,00000013 2fab13f0,@P0  BRA 0x132fab14b0 ,,0,0,0,0,,,,,,,,,,,,,,,,,,,,,,,,,,,,,,,,,,,,,,,,
1585,00000013 2fab1400,"     LDS.U R19, [R18] ",,0,0,0,0,,,,,0,,,,,,,,,,,,,,,,,,,,,,,,,,,,,,,,,,,
1586,00000013 2fab1410,"     FSETP.GEU.FTZ.AND P6, PT, |R12|, +INF , PT ",,0,0,0,0,,,,,,,,,,,,,,,,,,,,,,,,,,,,,,,,,,,,,,,,
1587,00000013 2fab1420,"     FADD.FTZ R19, -R14, R19 ",,0,0,0,0,,,,,,,,,,,,,,,,,,,,,,,,,,,,,,,,,,,,,,,,
1588,00000013 2fab1430,"     FSETP.GT.FTZ.AND P2, PT, R19, -12, PT ",,0,0,0,0,,,,,,,,,,,,,,,,,,,,,,,,,,,,,,,,,,,,,,,,
1589,00000013 2fab1440,"     FSETP.GEU.FTZ.AND P0, PT, R19, 20, PT ",,0,0,0,0,,,,,,,,,,,,,,,,,,,,,,,,,,,,,,,,,,,,,,,,
1590,00000013 2fab1450,"     PLOP3.LUT P0, PT, P6, P2, P0, 0xfb, 0x0 ",,0,0,0,0,,,,,,,,,,,,,,,,,,,,,,,,,,,,,,,,,,,,,,,,
1591,00000013 2fab1460,"@!P0 FMUL.FTZ R20, R19, 1.4426950216293334961 ",,0,0,0,0,,,,,,,,,,,,,,,,,,,,,,,,,,,,,,,,,,,,,,,,
1592,00000013 2fab1470,"     IMAD.MOV.U32 R19, RZ, RZ, RZ ",,0,0,0,0,,,,,,,,,,,,,,,,,,,,,,,,,,,,,,,,,,,,,,,,
1593,00000013 2fab1480,"@!P0 MUFU.EX2 R21, R20 ",,0,0,0,0,,,,,,,,,,,,,,,,,,,,,,,,,,,,,,,,,,,,,,,,
1594,00000013 2fab1490,"@!P0 FFMA.FTZ.SAT R19, R21, R12, RZ ",,0,0,0,0,,,,,,,,,,,,,,,,,,,,,,,,,,,,,,,,,,,,,,,,
1595,00000013 2fab14a0,"     STS [R18], R19 ",,0,0,0,0,,,,,0,,,,,,,,,,,,,,,,,,,,,,,,,,,,,,,,,,,
1596,00000013 2fab14b0,     BSYNC B4 ,,0,0,0,0,,,,,,,,,,,,,,,,,,,,,,,,,,,,,,,,,,,,,,,,
1597,00000013 2fab14c0,"     BMOV.32.CLEAR RZ, B4 ",,0,0,0,0,,,,,,,,,,,,,,,,,,,,,,,,,,,,,,,,,,,,,,,,
1598,00000013 2fab14d0,"     BSSY B4, 0x132fab15b0 ",,0,0,0,0,,,,,,,,,,,,,,,,,,,,,,,,,,,,,,,,,,,,,,,,
1599,00000013 2fab14e0,@P5  BRA 0x132fab15a0 ,,0,0,0,0,,,,,,,,,,,,,,,,,,,,,,,,,,,,,,,,,,,,,,,,
1600,00000013 2fab14f0,"     LDS.U R19, [R18+0x80] ",,0,0,0,0,,,,,0,,,,,,,,,,,,,,,,,,,,,,,,,,,,,,,,,,,
1601,00000013 2fab1500,"     FSETP.GEU.FTZ.AND P5, PT, |R12|, +INF , PT ",,0,0,0,0,,,,,,,,,,,,,,,,,,,,,,,,,,,,,,,,,,,,,,,,
1602,00000013 2fab1510,"     FADD.FTZ R19, -R14, R19 ",,0,0,0,0,,,,,,,,,,,,,,,,,,,,,,,,,,,,,,,,,,,,,,,,
1603,00000013 2fab1520,"     FSETP.GT.FTZ.AND P2, PT, R19, -12, PT ",,0,0,0,0,,,,,,,,,,,,,,,,,,,,,,,,,,,,,,,,,,,,,,,,
1604,00000013 2fab1530,"     FSETP.GEU.FTZ.AND P0, PT, R19, 20, PT ",,0,0,0,0,,,,,,,,,,,,,,,,,,,,,,,,,,,,,,,,,,,,,,,,
1605,00000013 2fab1540,"     PLOP3.LUT P0, PT, P5, P2, P0, 0xfb, 0x0 ",,0,0,0,0,,,,,,,,,,,,,,,,,,,,,,,,,,,,,,,,,,,,,,,,
1606,00000013 2fab1550,"@!P0 FMUL.FTZ R20, R19, 1.4426950216293334961 ",,0,0,0,0,,,,,,,,,,,,,,,,,,,,,,,,,,,,,,,,,,,,,,,,
1607,00000013 2fab1560,"     IMAD.MOV.U32 R19, RZ, RZ, RZ ",,0,0,0,0,,,,,,,,,,,,,,,,,,,,,,,,,,,,,,,,,,,,,,,,
1608,00000013 2fab1570,"@!P0 MUFU.EX2 R21, R20 ",,0,0,0,0,,,,,,,,,,,,,,,,,,,,,,,,,,,,,,,,,,,,,,,,
1609,00000013 2fab1580,"@!P0 FFMA.FTZ.SAT R19, R21, R12, RZ ",,0,0,0,0,,,,,,,,,,,,,,,,,,,,,,,,,,,,,,,,,,,,,,,,
1610,00000013 2fab1590,"     STS [R18+0x80], R19 ",,0,0,0,0,,,,,0,,,,,,,,,,,,,,,,,,,,,,,,,,,,,,,,,,,
1611,00000013 2fab15a0,     BSYNC B4 ,,0,0,0,0,,,,,,,,,,,,,,,,,,,,,,,,,,,,,,,,,,,,,,,,
1612,00000013 2fab15b0,"     BMOV.32.CLEAR RZ, B4 ",,0,0,0,0,,,,,,,,,,,,,,,,,,,,,,,,,,,,,,,,,,,,,,,,
1613,00000013 2fab15c0,"     BSSY B4, 0x132fab16a0 ",,0,0,0,0,,,,,,,,,,,,,,,,,,,,,,,,,,,,,,,,,,,,,,,,
1614,00000013 2fab15d0,@P4  BRA 0x132fab1690 ,,0,0,0,0,,,,,,,,,,,,,,,,,,,,,,,,,,,,,,,,,,,,,,,,
1615,00000013 2fab15e0,"     LDS.U R19, [R18+0x100] ",,0,0,0,0,,,,,0,,,,,,,,,,,,,,,,,,,,,,,,,,,,,,,,,,,
1616,00000013 2fab15f0,"     FSETP.GEU.FTZ.AND P4, PT, |R12|, +INF , PT ",,0,0,0,0,,,,,,,,,,,,,,,,,,,,,,,,,,,,,,,,,,,,,,,,
1617,00000013 2fab1600,"     FADD.FTZ R19, -R14, R19 ",,0,0,0,0,,,,,,,,,,,,,,,,,,,,,,,,,,,,,,,,,,,,,,,,
1618,00000013 2fab1610,"     FSETP.GT.FTZ.AND P2, PT, R19, -12, PT ",,0,0,0,0,,,,,,,,,,,,,,,,,,,,,,,,,,,,,,,,,,,,,,,,
1619,00000013 2fab1620,"     FSETP.GEU.FTZ.AND P0, PT, R19, 20, PT ",,0,0,0,0,,,,,,,,,,,,,,,,,,,,,,,,,,,,,,,,,,,,,,,,
1620,00000013 2fab1630,"     PLOP3.LUT P0, PT, P4, P2, P0, 0xfb, 0x0 ",,0,0,0,0,,,,,,,,,,,,,,,,,,,,,,,,,,,,,,,,,,,,,,,,
1621,00000013 2fab1640,"@!P0 FMUL.FTZ R20, R19, 1.4426950216293334961 ",,0,0,0,0,,,,,,,,,,,,,,,,,,,,,,,,,,,,,,,,,,,,,,,,
1622,00000013 2fab1650,"     IMAD.MOV.U32 R19, RZ, RZ, RZ ",,0,0,0,0,,,,,,,,,,,,,,,,,,,,,,,,,,,,,,,,,,,,,,,,
1623,00000013 2fab1660,"@!P0 MUFU.EX2 R21, R20 ",,0,0,0,0,,,,,,,,,,,,,,,,,,,,,,,,,,,,,,,,,,,,,,,,
1624,00000013 2fab1670,"@!P0 FFMA.FTZ.SAT R19, R21, R12, RZ ",,0,0,0,0,,,,,,,,,,,,,,,,,,,,,,,,,,,,,,,,,,,,,,,,
1625,00000013 2fab1680,"     STS [R18+0x100], R19 ",,0,0,0,0,,,,,0,,,,,,,,,,,,,,,,,,,,,,,,,,,,,,,,,,,
1626,00000013 2fab1690,     BSYNC B4 ,,0,0,0,0,,,,,,,,,,,,,,,,,,,,,,,,,,,,,,,,,,,,,,,,
1627,00000013 2fab16a0,"     BMOV.32.CLEAR RZ, B4 ",,0,0,0,0,,,,,,,,,,,,,,,,,,,,,,,,,,,,,,,,,,,,,,,,
1628,00000013 2fab16b0,"     BSSY B4, 0x132fab1790 ",,0,0,0,0,,,,,,,,,,,,,,,,,,,,,,,,,,,,,,,,,,,,,,,,
1629,00000013 2fab16c0,@P3  BRA 0x132fab1780 ,,0,0,0,0,,,,,,,,,,,,,,,,,,,,,,,,,,,,,,,,,,,,,,,,
1630,00000013 2fab16d0,"     LDS.U R19, [R18+0x180] ",,0,0,0,0,,,,,0,,,,,,,,,,,,,,,,,,,,,,,,,,,,,,,,,,,
1631,00000013 2fab16e0,"     FSETP.GEU.FTZ.AND P3, PT, |R12|, +INF , PT ",,0,0,0,0,,,,,,,,,,,,,,,,,,,,,,,,,,,,,,,,,,,,,,,,
1632,00000013 2fab16f0,"     FADD.FTZ R19, -R14, R19 ",,0,0,0,0,,,,,,,,,,,,,,,,,,,,,,,,,,,,,,,,,,,,,,,,
1633,00000013 2fab1700,"     FSETP.GT.FTZ.AND P2, PT, R19, -12, PT ",,0,0,0,0,,,,,,,,,,,,,,,,,,,,,,,,,,,,,,,,,,,,,,,,
1634,00000013 2fab1710,"     FSETP.GEU.FTZ.AND P0, PT, R19, 20, PT ",,0,0,0,0,,,,,,,,,,,,,,,,,,,,,,,,,,,,,,,,,,,,,,,,
1635,00000013 2fab1720,"     PLOP3.LUT P0, PT, P3, P2, P0, 0xfb, 0x0 ",,0,0,0,0,,,,,,,,,,,,,,,,,,,,,,,,,,,,,,,,,,,,,,,,
1636,00000013 2fab1730,"@!P0 FMUL.FTZ R20, R19, 1.4426950216293334961 ",,0,0,0,0,,,,,,,,,,,,,,,,,,,,,,,,,,,,,,,,,,,,,,,,
1637,00000013 2fab1740,"     IMAD.MOV.U32 R19, RZ, RZ, RZ ",,0,0,0,0,,,,,,,,,,,,,,,,,,,,,,,,,,,,,,,,,,,,,,,,
1638,00000013 2fab1750,"@!P0 MUFU.EX2 R21, R20 ",,0,0,0,0,,,,,,,,,,,,,,,,,,,,,,,,,,,,,,,,,,,,,,,,
1639,00000013 2fab1760,"@!P0 FFMA.FTZ.SAT R19, R21, R12, RZ ",,0,0,0,0,,,,,,,,,,,,,,,,,,,,,,,,,,,,,,,,,,,,,,,,
1640,00000013 2fab1770,"     STS [R18+0x180], R19 ",,0,0,0,0,,,,,0,,,,,,,,,,,,,,,,,,,,,,,,,,,,,,,,,,,
1641,00000013 2fab1780,     BSYNC B4 ,,0,0,0,0,,,,,,,,,,,,,,,,,,,,,,,,,,,,,,,,,,,,,,,,
1642,00000013 2fab1790,"     IADD3 R16, R16, 0x80, RZ ",,0,0,0,0,,,,,,,,,,,,,,,,,,,,,,,,,,,,,,,,,,,,,,,,
1643,00000013 2fab17a0,"     IADD3 R17, R17, 0x80, RZ ",,0,0,0,0,,,,,,,,,,,,,,,,,,,,,,,,,,,,,,,,,,,,,,,,
1644,00000013 2fab17b0,"     ISETP.GE.AND P0, PT, R16, R13, PT ",,0,0,0,0,,,,,,,,,,,,,,,,,,,,,,,,,,,,,,,,,,,,,,,,
1645,00000013 2fab17c0,"     IADD3 R18, R18, 0x200, RZ ",,0,0,0,0,,,,,,,,,,,,,,,,,,,,,,,,,,,,,,,,,,,,,,,,
1646,00000013 2fab17d0,@!P0 BRA 0x132fab1350 ,,0,0,0,0,,,,,,,,,,,,,,,,,,,,,,,,,,,,,,,,,,,,,,,,
1647,00000013 2fab17e0,     BSYNC B2 ,,0,0,0,0,,,,,,,,,,,,,,,,,,,,,,,,,,,,,,,,,,,,,,,,
1648,00000013 2fab17f0,"     ISETP.GE.AND P0, PT, R16, R27, PT ",,0,0,0,0,,,,,,,,,,,,,,,,,,,,,,,,,,,,,,,,,,,,,,,,
1649,00000013 2fab1800,@P0  BREAK B3 ,,0,0,0,0,,,,,,,,,,,,,,,,,,,,,,,,,,,,,,,,,,,,,,,,
1650,00000013 2fab1810,@P0  BRA 0x132fab19d0 ,,0,0,0,0,,,,,,,,,,,,,,,,,,,,,,,,,,,,,,,,,,,,,,,,
1651,00000013 2fab1820,     BSYNC B3 ,,0,0,0,0,,,,,,,,,,,,,,,,,,,,,,,,,,,,,,,,,,,,,,,,
1652,00000013 2fab1830,"     IMAD.SHL.U32 R17, R16, 0x4, RZ ",,0,0,0,0,,,,,,,,,,,,,,,,,,,,,,,,,,,,,,,,,,,,,,,,
1653,00000013 2fab1840,"     IMAD.IADD R20, R16, 0x1, R53 ",,0,0,0,0,,,,,,,,,,,,,,,,,,,,,,,,,,,,,,,,,,,,,,,,
1654,00000013 2fab1850,"     IMAD R17, R52, R11, R17 ",,0,0,0,0,,,,,,,,,,,,,,,,,,,,,,,,,,,,,,,,,,,,,,,,
1655,00000013 2fab1860,"     IMAD.IADD R17, R50, 0x1, R17 ",,0,0,0,0,,,,,,,,,,,,,,,,,,,,,,,,,,,,,,,,,,,,,,,,
1656,00000013 2fab1870,"@!PT SHFL.IDX PT, RZ, RZ, RZ, RZ ",,0,0,0,0,,,,,,,,,,,,,,,,,,,,,,,,,,,,,,,,,,,,,,,,
1657,00000013 2fab1880,"     ISETP.GE.AND P0, PT, R20, c[0x0][0x18c], PT ",,0,0,0,0,,,,,,,,,,,,,,,,,,,,,,,,,,,,,,,,,,,,,,,,
1658,00000013 2fab1890,"     BMOV.32.CLEAR RZ, B2 ",,0,0,0,0,,,,,,,,,,,,,,,,,,,,,,,,,,,,,,,,,,,,,,,,
1659,00000013 2fab18a0,"     IADD3 R16, R16, 0x20, RZ ",,0,0,0,0,,,,,,,,,,,,,,,,,,,,,,,,,,,,,,,,,,,,,,,,
1660,00000013 2fab18b0,"     BSSY B2, 0x132fab19a0 ",,0,0,0,0,,,,,,,,,,,,,,,,,,,,,,,,,,,,,,,,,,,,,,,,
1661,00000013 2fab18c0,"     ISETP.GE.AND P4, PT, R16, R27, PT ",,0,0,0,0,,,,,,,,,,,,,,,,,,,,,,,,,,,,,,,,,,,,,,,,
1662,00000013 2fab18d0,@P0  BRA 0x132fab1990 ,,0,0,0,0,,,,,,,,,,,,,,,,,,,,,,,,,,,,,,,,,,,,,,,,
1663,00000013 2fab18e0,"     LDS.U R19, [R17] ",,0,0,0,0,,,,,0,,,,,,,,,,,,,,,,,,,,,,,,,,,,,,,,,,,
1664,00000013 2fab18f0,"     FSETP.GEU.FTZ.AND P3, PT, |R12|, +INF , PT ",,0,0,0,0,,,,,,,,,,,,,,,,,,,,,,,,,,,,,,,,,,,,,,,,
1665,00000013 2fab1900,"     IMAD.MOV.U32 R18, RZ, RZ, RZ ",,0,0,0,0,,,,,,,,,,,,,,,,,,,,,,,,,,,,,,,,,,,,,,,,
1666,00000013 2fab1910,"     FADD.FTZ R19, -R14, R19 ",,0,0,0,0,,,,,,,,,,,,,,,,,,,,,,,,,,,,,,,,,,,,,,,,
1667,00000013 2fab1920,"     FSETP.GT.FTZ.AND P2, PT, R19, -12, PT ",,0,0,0,0,,,,,,,,,,,,,,,,,,,,,,,,,,,,,,,,,,,,,,,,
1668,00000013 2fab1930,"     FSETP.GEU.FTZ.AND P0, PT, R19, 20, PT ",,0,0,0,0,,,,,,,,,,,,,,,,,,,,,,,,,,,,,,,,,,,,,,,,
1669,00000013 2fab1940,"     PLOP3.LUT P0, PT, P3, P2, P0, 0xfb, 0x0 ",,0,0,0,0,,,,,,,,,,,,,,,,,,,,,,,,,,,,,,,,,,,,,,,,
1670,00000013 2fab1950,"@!P0 FMUL.FTZ R19, R19, 1.4426950216293334961 ",,0,0,0,0,,,,,,,,,,,,,,,,,,,,,,,,,,,,,,,,,,,,,,,,
1671,00000013 2fab1960,"@!P0 MUFU.EX2 R19, R19 ",,0,0,0,0,,,,,,,,,,,,,,,,,,,,,,,,,,,,,,,,,,,,,,,,
1672,00000013 2fab1970,"@!P0 FFMA.FTZ.SAT R18, R19, R12, RZ ",,0,0,0,0,,,,,,,,,,,,,,,,,,,,,,,,,,,,,,,,,,,,,,,,
1673,00000013 2fab1980,"     STS [R17], R18 ",,0,0,0,0,,,,,0,,,,,,,,,,,,,,,,,,,,,,,,,,,,,,,,,,,
1674,00000013 2fab1990,     BSYNC B2 ,,0,0,0,0,,,,,,,,,,,,,,,,,,,,,,,,,,,,,,,,,,,,,,,,
1675,00000013 2fab19a0,"     IADD3 R20, R20, 0x20, RZ ",,0,0,0,0,,,,,,,,,,,,,,,,,,,,,,,,,,,,,,,,,,,,,,,,
1676,00000013 2fab19b0,"     IADD3 R17, R17, 0x80, RZ ",,0,0,0,0,,,,,,,,,,,,,,,,,,,,,,,,,,,,,,,,,,,,,,,,
1677,00000013 2fab19c0,@!P4 BRA 0x132fab1870 ,,0,0,0,0,,,,,,,,,,,,,,,,,,,,,,,,,,,,,,,,,,,,,,,,
1678,00000013 2fab19d0,     BSYNC B1 ,,35,23,25600,819200,,,,,,,0,0,0,0,0,0,0,0,0,0,35,0,0,0,0,0,0,0,0,0,0,0,0,0,0,0,0,23,0,0,0,0,0,0
1679,00000013 2fab19e0,"     IMAD.IADD R12, R44, 0x1, R11 ",,7,3,25600,819200,,,,,,,0,0,0,0,0,0,1,0,0,0,4,0,1,0,0,0,1,0,0,0,0,0,0,1,0,0,0,1,0,0,0,0,0,1
1680,00000013 2fab19f0,"     ISETP.GT.AND P0, PT, R12, 0xf, PT ",,8,2,25600,819200,,,,,,,0,0,0,0,0,0,1,0,0,0,0,3,0,0,0,0,4,0,0,0,0,0,0,0,0,0,0,0,0,0,0,0,0,2
1681,00000013 2fab1a00,@P0  BRA 0x132fab5320 ,,25,11,25600,0,,,,,,,0,0,0,0,0,0,0,0,0,0,13,3,1,0,0,0,8,0,0,0,0,0,0,0,0,0,0,8,0,0,0,0,0,3
1682,00000013 2fab1a10,"     IMAD.IADD R14, R43, 0x1, R12 ",,6,5,25600,819200,,,,,,,0,0,0,0,0,0,1,0,0,0,0,0,0,0,0,0,5,0,0,0,0,0,0,1,0,0,0,0,0,0,0,0,0,4
1683,00000013 2fab1a20,"     BMOV.32.CLEAR RZ, B1 ",,1,0,25600,819200,,,,,,,0,0,0,0,0,0,0,0,0,0,0,0,1,0,0,0,0,0,0,0,0,0,0,0,0,0,0,0,0,0,0,0,0,0
1684,00000013 2fab1a30,"     BSSY B1, 0x132fab2ce0 ",,0,0,25600,819200,,,,,,,,,,,,,,,,,,,,,,,,,,,,,,,,,,,,,,,,
1685,00000013 2fab1a40,"     ISETP.GE.AND P0, PT, R14, c[0x0][0x18c], PT ",,3,0,25600,819200,,,,,,,0,0,0,0,0,0,0,0,0,0,0,1,2,0,0,0,0,0,0,0,0,0,0,0,0,0,0,0,0,0,0,0,0,0
1686,00000013 2fab1a50,@P0  BRA 0x132fab2cd0 ,,9,2,25600,0,,,,,,,0,0,0,0,0,0,0,0,0,0,0,0,0,0,0,0,9,0,0,0,0,0,0,0,0,0,0,0,0,0,0,0,0,2
1687,00000013 2fab1a60,"     IMAD.IADD R17, R37, 0x1, R12 ",,3,1,25600,819200,,,,,,,0,0,0,0,0,0,0,0,0,0,0,0,1,0,0,0,2,0,0,0,0,0,0,0,0,0,0,0,0,0,0,0,0,1
1688,00000013 2fab1a70,"     IMAD.MOV.U32 R14, RZ, RZ, RZ ",,2,0,25600,819200,,,,,,,0,0,0,0,0,0,1,0,0,0,0,0,0,0,0,0,1,0,0,0,0,0,0,0,0,0,0,0,0,0,0,0,0,0
1689,00000013 2fab1a80,"     IMAD R17, R17, 0x4, R36 ",,0,0,25600,819200,,,,,,,,,,,,,,,,,,,,,,,,,,,,,,,,,,,,,,,,
1690,00000013 2fab1a90,"     LDS.U R16, [R17+0x340] ",,9,3,25600,819200,Shared,Load,32,,25600,,0,0,0,0,0,0,0,0,0,0,0,1,1,0,0,0,7,0,0,0,0,0,0,0,0,0,0,0,0,0,0,0,0,3
1691,00000013 2fab1aa0,"     FSETP.GT.FTZ.AND P0, PT, R16, 1.00000001335143196e-10, PT ",,13,6,25600,819200,,,,,,,0,0,0,0,0,0,0,0,0,0,0,0,0,12,0,0,1,0,0,0,0,0,0,0,0,0,0,0,0,0,5,0,0,1
1692,00000013 2fab1ab0,"@P0  MUFU.RCP R14, R16 ",,5,2,25600,819200,,,,,,,0,0,0,0,0,0,0,0,0,0,0,1,1,0,0,0,3,0,0,0,0,0,0,0,0,0,0,0,0,0,0,0,0,2
1693,00000013 2fab1ac0,"     ISETP.GT.AND P0, PT, R27, R54, PT ",,0,0,25600,819200,,,,,,,,,,,,,,,,,,,,,,,,,,,,,,,,,,,,,,,,
1694,00000013 2fab1ad0,@!P0 BRA 0x132fab2cd0 ,,6,0,25600,0,,,,,,,0,0,0,0,0,0,0,0,0,0,0,1,2,0,0,0,3,0,0,0,0,0,0,0,0,0,0,0,0,0,0,0,0,0
1695,00000013 2fab1ae0,"     LDS.U R18, [R17+0x300] ",,6,2,25600,819200,Shared,Load,32,,25600,,0,0,0,0,0,0,0,0,0,0,0,1,3,0,0,0,2,0,0,0,0,0,0,0,0,0,0,0,0,0,0,0,0,2
1696,00000013 2fab1af0,"     ISETP.NE.U32.AND P0, PT, RZ, c[0x0][0x180], PT ",,1,0,25600,819200,,,,,,,0,0,0,0,0,0,0,0,0,0,0,0,1,0,0,0,0,0,0,0,0,0,0,0,0,0,0,0,0,0,0,0,0,0
1697,00000013 2fab1b00,"     IMAD.IADD R19, R47, 0x1, R10 ",,2,1,25600,819200,,,,,,,0,0,0,0,0,0,0,0,0,0,2,0,0,0,0,0,0,0,0,0,0,0,0,0,0,0,0,1,0,0,0,0,0,0
1698,00000013 2fab1b10,"     ISETP.NE.AND.EX P0, PT, RZ, c[0x0][0x184], PT, P0 ",,1,0,25600,819200,,,,,,,0,0,0,0,0,0,0,0,0,0,0,1,0,0,0,0,0,0,0,0,0,0,0,0,0,0,0,0,0,0,0,0,0,0
1699,00000013 2fab1b20,@!P0 BRA 0x132fab25b0 ,,6,1,25600,0,,,,,,,0,0,0,0,0,0,0,0,0,0,0,0,0,0,0,0,6,0,0,0,0,0,0,0,0,0,0,0,0,0,0,0,0,1
1700,00000013 2fab1b30,"     ISETP.GT.AND P0, PT, R13, R54, PT ",,5,1,25600,819200,,,,,,,0,0,0,0,0,0,0,0,0,0,0,2,0,0,0,0,3,0,0,0,0,0,0,0,0,0,0,0,0,0,0,0,0,1
1701,00000013 2fab1b40,"     BMOV.32.CLEAR RZ, B4 ",,0,0,25600,819200,,,,,,,,,,,,,,,,,,,,,,,,,,,,,,,,,,,,,,,,
1702,00000013 2fab1b50,"     BSSY B4, 0x132fab25a0 ",,2,0,25600,819200,,,,,,,0,0,0,0,0,0,0,0,0,0,0,0,2,0,0,0,0,0,0,0,0,0,0,0,0,0,0,0,0,0,0,0,0,0
1703,00000013 2fab1b60,"     BMOV.32.CLEAR RZ, B3 ",,0,0,25600,819200,,,,,,,,,,,,,,,,,,,,,,,,,,,,,,,,,,,,,,,,
1704,00000013 2fab1b70,"     BSSY B3, 0x132fab22b0 ",,0,0,25600,819200,,,,,,,,,,,,,,,,,,,,,,,,,,,,,,,,,,,,,,,,
1705,00000013 2fab1b80,"     IMAD.MOV.U32 R20, RZ, RZ, R54 ",,9,4,25600,819200,,,,,,,0,0,0,0,0,0,0,0,0,0,9,0,0,0,0,0,0,0,0,0,0,0,0,0,0,0,0,4,0,0,0,0,0,0
1706,00000013 2fab1b90,@!P0 BRA 0x132fab22a0 ,,7,2,25600,409600,,,,,,,0,0,0,0,0,0,0,0,0,0,0,1,1,0,0,0,5,0,0,0,0,0,0,0,0,0,0,0,0,0,0,0,0,2
1707,00000013 2fab1ba0,"     IADD3 R16, R43, R44, R11 ",,5,3,12800,409600,,,,,,,0,0,0,0,0,0,0,0,0,0,0,0,1,0,0,0,4,0,0,0,0,0,0,0,0,0,0,0,0,0,0,0,0,3
1708,00000013 2fab1bb0,"     BMOV.32.CLEAR RZ, B2 ",,0,0,12800,409600,,,,,,,,,,,,,,,,,,,,,,,,,,,,,,,,,,,,,,,,
1709,00000013 2fab1bc0,"     BSSY B2, 0x132fab2270 ",,0,0,12800,409600,,,,,,,,,,,,,,,,,,,,,,,,,,,,,,,,,,,,,,,,
1710,00000013 2fab1bd0,"     IMAD.MOV.U32 R20, RZ, RZ, R54 ",,0,0,12800,409600,,,,,,,,,,,,,,,,,,,,,,,,,,,,,,,,,,,,,,,,
1711,00000013 2fab1be0,"     IMAD R21, R16, c[0x0][0x18c], RZ ",,1,0,12800,409600,,,,,,,0,0,0,0,0,0,0,0,0,0,0,0,0,0,0,0,1,0,0,0,0,0,0,0,0,0,0,0,0,0,0,0,0,0
1712,00000013 2fab1bf0,"     IMAD.WIDE R16, R21, 0x2, R4 ",,1,1,12800,409600,,,,,,,0,0,0,0,0,0,0,0,0,0,0,0,0,0,0,0,1,0,0,0,0,0,0,0,0,0,0,0,0,0,0,0,0,1
1713,00000013 2fab1c00,"     IADD3 R59, P0, R21, R8, RZ ",,9,6,12800,409600,,,,,,,0,0,0,0,0,0,0,0,0,0,9,0,0,0,0,0,0,0,0,0,0,0,0,0,0,0,0,6,0,0,0,0,0,0
1714,00000013 2fab1c10,"     LEA.HI.X.SX32 R61, R21, R9, 0x1, P0 ",,4,2,12800,409600,,,,,,,0,2,0,0,0,0,0,0,0,0,0,1,0,0,0,0,1,0,1,0,0,0,0,0,0,0,0,0,0,0,0,0,0,1
1715,00000013 2fab1c20,"     IMAD.MOV.U32 R21, RZ, RZ, R7 ",,1,0,12800,409600,,,,,,,0,0,0,0,0,0,0,0,0,0,0,0,1,0,0,0,0,0,0,0,0,0,0,0,0,0,0,0,0,0,0,0,0,0
1716,00000013 2fab1c30,"@!PT SHFL.IDX PT, RZ, RZ, RZ, RZ ",,4,3,12800,0,,,,,,,0,0,0,0,0,0,0,0,0,0,0,1,0,0,0,0,3,0,0,0,0,0,0,0,0,0,0,0,0,0,0,0,0,3
1717,00000013 2fab1c40,"     ISETP.GE.AND P0, PT, R21, c[0x0][0x18c], PT ",,0,0,12800,409600,,,,,,,,,,,,,,,,,,,,,,,,,,,,,,,,,,,,,,,,
1718,00000013 2fab1c50,"     BMOV.32.CLEAR RZ, B5 ",,0,0,12800,409600,,,,,,,,,,,,,,,,,,,,,,,,,,,,,,,,,,,,,,,,
1719,00000013 2fab1c60,"     IADD3 R55, R21, 0x20, RZ ",,0,0,12800,409600,,,,,,,,,,,,,,,,,,,,,,,,,,,,,,,,,,,,,,,,
1720,00000013 2fab1c70,"     BSSY B5, 0x132fab1dc0 ",,1,0,12800,409600,,,,,,,0,0,0,0,0,0,0,0,0,0,0,0,1,0,0,0,0,0,0,0,0,0,0,0,0,0,0,0,0,0,0,0,0,0
1721,00000013 2fab1c80,"     ISETP.GE.AND P5, PT, R55, c[0x0][0x18c], PT ",,5,2,12800,409600,,,,,,,0,0,0,0,0,0,0,0,0,0,5,0,0,0,0,0,0,0,0,0,0,0,0,0,0,0,0,2,0,0,0,0,0,0
1722,00000013 2fab1c90,"     IADD3 R55, R21, 0x40, RZ ",,0,0,12800,409600,,,,,,,,,,,,,,,,,,,,,,,,,,,,,,,,,,,,,,,,
1723,00000013 2fab1ca0,"     ISETP.GE.AND P4, PT, R55, c[0x0][0x18c], PT ",,1,0,12800,409600,,,,,,,0,0,0,0,0,0,0,0,0,0,0,1,0,0,0,0,0,0,0,0,0,0,0,0,0,0,0,0,0,0,0,0,0,0
1724,00000013 2fab1cb0,@P0  BRA 0x132fab1db0 ,,1,0,12800,0,,,,,,,0,0,0,0,0,0,0,0,0,0,0,0,1,0,0,0,0,0,0,0,0,0,0,0,0,0,0,0,0,0,0,0,0,0
1725,00000013 2fab1cc0,"     LDS.U R55, [R19] ",,2,1,12800,409600,Shared,Load,32,,12800,,0,0,0,0,0,0,0,0,0,0,0,0,0,0,0,0,2,0,0,0,0,0,0,0,0,0,0,0,0,0,0,0,0,1
1726,00000013 2fab1cd0,"     FSETP.GEU.FTZ.AND P2, PT, |R14|, +INF , PT ",,0,0,12800,409600,,,,,,,,,,,,,,,,,,,,,,,,,,,,,,,,,,,,,,,,
1727,00000013 2fab1ce0,"     IMAD.MOV.U32 R56, RZ, RZ, RZ ",,0,0,12800,409600,,,,,,,,,,,,,,,,,,,,,,,,,,,,,,,,,,,,,,,,
1728,00000013 2fab1cf0,"     FADD.FTZ R55, -R18, R55 ",,6,1,12800,409600,,,,,,,0,0,0,0,0,0,1,0,0,0,0,0,1,4,0,0,0,0,0,0,0,0,0,0,0,0,0,0,0,0,1,0,0,0
1729,00000013 2fab1d00,"     FSETP.GT.FTZ.AND P3, PT, R55, -12, PT ",,9,6,12800,409600,,,,,,,0,0,0,0,0,0,1,0,0,0,7,0,0,0,0,0,1,0,0,0,0,0,0,0,0,0,0,5,0,0,0,0,0,1
1730,00000013 2fab1d10,"     FSETP.GEU.FTZ.AND P0, PT, R55, 20, PT ",,0,0,12800,409600,,,,,,,,,,,,,,,,,,,,,,,,,,,,,,,,,,,,,,,,
1731,00000013 2fab1d20,"     PLOP3.LUT P2, PT, P2, P3, P0, 0xfb, 0x0 ",,1,1,12800,409600,,,,,,,0,0,0,0,0,0,0,0,0,0,0,0,0,0,0,0,1,0,0,0,0,0,0,0,0,0,0,0,0,0,0,0,0,1
1732,00000013 2fab1d30,"     ISETP.GE.U32.AND P0, PT, R59, R2, PT ",,1,0,12800,409600,,,,,,,0,0,0,0,0,0,0,0,0,0,0,1,0,0,0,0,0,0,0,0,0,0,0,0,0,0,0,0,0,0,0,0,0,0
1733,00000013 2fab1d40,"     ISETP.GE.U32.AND.EX P0, PT, R61, R0, PT, P0 ",,1,0,12800,409600,,,,,,,0,0,0,0,0,0,0,0,0,0,0,0,1,0,0,0,0,0,0,0,0,0,0,0,0,0,0,0,0,0,0,0,0,0
1734,00000013 2fab1d50,"@!P2 FMUL.FTZ R55, R55, 1.4426950216293334961 ",,3,1,12800,409600,,,,,,,0,0,0,0,0,0,0,0,0,0,0,1,0,0,0,0,2,0,0,0,0,0,0,0,0,0,0,0,0,0,0,0,0,1
1735,00000013 2fab1d60,"@!P2 MUFU.EX2 R55, R55 ",,3,0,12800,409600,,,,,,,0,0,0,0,0,0,0,0,0,0,0,0,1,0,0,0,2,0,0,0,0,0,0,0,0,0,0,0,0,0,0,0,0,0
1736,00000013 2fab1d70,"@!P2 FFMA.FTZ.SAT R56, R55, R14, RZ ",,2,0,12800,409600,,,,,,,0,0,0,0,0,0,0,0,0,0,0,0,0,2,0,0,0,0,0,0,0,0,0,0,0,0,0,0,0,0,0,0,0,0
1737,00000013 2fab1d80,"@!P0 F2F.F16.F32 R57, R56 ",,3,2,12800,409600,,,,,,,0,0,0,0,0,0,0,0,0,0,1,0,0,0,0,0,2,0,0,0,0,0,0,0,0,0,0,1,0,0,0,0,0,1
1738,00000013 2fab1d90,"     STS [R19], R56 ",,1,0,12800,409600,Shared,Store,32,,12800,,0,0,0,0,0,0,0,0,0,0,0,0,1,0,0,0,0,0,0,0,0,0,0,0,0,0,0,0,0,0,0,0,0,0
1739,00000013 2fab1da0,"@!P0 STG.E.U16.SYS [R16], R57 ",,4,2,12800,409600,Global,Store,16,12800,,25600,0,0,0,0,0,0,0,0,0,0,0,0,0,4,0,0,0,0,0,0,0,0,0,0,0,0,0,0,0,0,2,0,0,0
1740,00000013 2fab1db0,     BSYNC B5 ,,0,0,12800,409600,,,,,,,,,,,,,,,,,,,,,,,,,,,,,,,,,,,,,,,,
1741,00000013 2fab1dc0,"     IADD3 R55, R21, 0x60, RZ ",,4,1,12800,409600,,,,,,,0,0,0,0,0,0,0,0,0,0,2,0,2,0,0,0,0,0,0,0,0,0,0,0,0,0,0,1,0,0,0,0,0,0
1742,00000013 2fab1dd0,"     BMOV.32.CLEAR RZ, B5 ",,2,0,12800,409600,,,,,,,0,0,0,0,0,0,0,0,0,0,0,0,2,0,0,0,0,0,0,0,0,0,0,0,0,0,0,0,0,0,0,0,0,0
1743,00000013 2fab1de0,"     BSSY B5, 0x132fab1f30 ",,0,0,12800,409600,,,,,,,,,,,,,,,,,,,,,,,,,,,,,,,,,,,,,,,,
1744,00000013 2fab1df0,"     ISETP.GE.AND P3, PT, R55, c[0x0][0x18c], PT ",,0,0,12800,409600,,,,,,,,,,,,,,,,,,,,,,,,,,,,,,,,,,,,,,,,
1745,00000013 2fab1e00,@P5  BRA 0x132fab1f20 ,,15,9,12800,0,,,,,,,0,0,0,0,0,0,0,0,0,0,15,0,0,0,0,0,0,0,0,0,0,0,0,0,0,0,0,9,0,0,0,0,0,0
1746,00000013 2fab1e10,"     LDS.U R55, [R19+0x80] ",,5,4,12800,409600,Shared,Load,32,,12800,,0,0,0,0,0,0,0,0,0,0,0,0,0,0,0,0,5,0,0,0,0,0,0,0,0,0,0,0,0,0,0,0,0,4
1747,00000013 2fab1e20,"     FSETP.GEU.FTZ.AND P5, PT, |R14|, +INF , PT ",,0,0,12800,409600,,,,,,,,,,,,,,,,,,,,,,,,,,,,,,,,,,,,,,,,
1748,00000013 2fab1e30,"     IMAD.MOV.U32 R56, RZ, RZ, RZ ",,0,0,12800,409600,,,,,,,,,,,,,,,,,,,,,,,,,,,,,,,,,,,,,,,,
1749,00000013 2fab1e40,"     FADD.FTZ R55, -R18, R55 ",,5,0,12800,409600,,,,,,,0,0,0,0,0,0,0,0,0,0,0,0,0,5,0,0,0,0,0,0,0,0,0,0,0,0,0,0,0,0,0,0,0,0
1750,00000013 2fab1e50,"     FSETP.GT.FTZ.AND P2, PT, R55, -12, PT ",,2,0,12800,409600,,,,,,,0,0,0,0,0,0,0,0,0,0,0,1,0,0,0,0,1,0,0,0,0,0,0,0,0,0,0,0,0,0,0,0,0,0
1751,00000013 2fab1e60,"     FSETP.GEU.FTZ.AND P0, PT, R55, 20, PT ",,1,0,12800,409600,,,,,,,0,0,0,0,0,0,0,0,0,0,0,0,1,0,0,0,0,0,0,0,0,0,0,0,0,0,0,0,0,0,0,0,0,0
1752,00000013 2fab1e70,"     PLOP3.LUT P0, PT, P5, P2, P0, 0xfb, 0x0 ",,3,1,12800,409600,,,,,,,0,0,0,0,0,0,0,0,0,0,0,1,0,0,0,0,2,0,0,0,0,0,0,0,0,0,0,0,0,0,0,0,0,1
1753,00000013 2fab1e80,"     IADD3 R57, P2, R59, 0x20, RZ ",,6,3,12800,409600,,,,,,,0,0,0,0,0,0,0,0,0,0,5,1,0,0,0,0,0,0,0,0,0,0,0,0,0,0,0,3,0,0,0,0,0,0
1754,00000013 2fab1e90,"@!P0 FMUL.FTZ R55, R55, 1.4426950216293334961 ",,2,2,12800,409600,,,,,,,0,0,0,0,0,0,0,0,0,0,0,0,0,0,0,0,2,0,0,0,0,0,0,0,0,0,0,0,0,0,0,0,0,2
1755,00000013 2fab1ea0,"@!P0 MUFU.EX2 R55, R55 ",,6,3,12800,409600,,,,,,,0,0,0,0,0,0,0,0,0,0,0,1,1,0,0,0,4,0,0,0,0,0,0,0,0,0,0,0,0,0,0,0,0,3
1756,00000013 2fab1eb0,"@!P0 FFMA.FTZ.SAT R56, R55, R14, RZ ",,2,0,12800,409600,,,,,,,0,0,0,0,0,0,0,0,0,0,0,0,0,2,0,0,0,0,0,0,0,0,0,0,0,0,0,0,0,0,0,0,0,0
1757,00000013 2fab1ec0,"     ISETP.GE.U32.AND P0, PT, R57, R2, PT ",,0,0,12800,409600,,,,,,,,,,,,,,,,,,,,,,,,,,,,,,,,,,,,,,,,
1758,00000013 2fab1ed0,"     IMAD.X R57, RZ, RZ, R61, P2 ",,0,0,12800,409600,,,,,,,,,,,,,,,,,,,,,,,,,,,,,,,,,,,,,,,,
1759,00000013 2fab1ee0,"     ISETP.GE.U32.AND.EX P0, PT, R57, R0, PT, P0 ",,2,0,12800,409600,,,,,,,0,0,0,0,0,0,0,0,0,0,0,1,0,0,0,0,1,0,0,0,0,0,0,0,0,0,0,0,0,0,0,0,0,0
1760,00000013 2fab1ef0,"     STS [R19+0x80], R56 ",,2,0,12800,409600,Shared,Store,32,,12800,,0,0,0,0,0,0,0,0,0,0,0,0,2,0,0,0,0,0,0,0,0,0,0,0,0,0,0,0,0,0,0,0,0,0
1761,00000013 2fab1f00,"@!P0 F2F.F16.F32 R57, R56 ",,6,4,12800,409600,,,,,,,0,0,0,0,0,0,0,0,0,0,3,0,0,0,0,0,3,0,0,0,0,0,0,0,0,0,0,3,0,0,0,0,0,1
1762,00000013 2fab1f10,"@!P0 STG.E.U16.SYS [R16+0x40], R57 ",,6,4,12800,409600,Global,Store,16,12800,,25600,0,0,0,0,0,0,0,0,0,0,0,0,0,6,0,0,0,0,0,0,0,0,0,0,0,0,0,0,0,0,4,0,0,0
1763,00000013 2fab1f20,     BSYNC B5 ,,0,0,12800,409600,,,,,,,,,,,,,,,,,,,,,,,,,,,,,,,,,,,,,,,,
1764,00000013 2fab1f30,"     BMOV.32.CLEAR RZ, B5 ",,1,1,12800,409600,,,,,,,0,0,0,0,0,0,0,0,0,0,1,0,0,0,0,0,0,0,0,0,0,0,0,0,0,0,0,1,0,0,0,0,0,0
1765,00000013 2fab1f40,"     BSSY B5, 0x132fab2080 ",,1,0,12800,409600,,,,,,,0,0,0,0,0,0,0,0,0,0,0,0,1,0,0,0,0,0,0,0,0,0,0,0,0,0,0,0,0,0,0,0,0,0
1766,00000013 2fab1f50,@P4  BRA 0x132fab2070 ,,0,0,12800,0,,,,,,,,,,,,,,,,,,,,,,,,,,,,,,,,,,,,,,,,
1767,00000013 2fab1f60,"     LDS.U R55, [R19+0x100] ",,5,3,12800,409600,Shared,Load,32,,12800,,0,0,0,0,0,0,0,0,0,0,0,0,2,0,0,0,3,0,0,0,0,0,0,0,0,0,0,0,0,0,0,0,0,3
1768,00000013 2fab1f70,"     FSETP.GEU.FTZ.AND P4, PT, |R14|, +INF , PT ",,0,0,12800,409600,,,,,,,,,,,,,,,,,,,,,,,,,,,,,,,,,,,,,,,,
1769,00000013 2fab1f80,"     IMAD.MOV.U32 R56, RZ, RZ, RZ ",,1,1,12800,409600,,,,,,,0,0,0,0,0,0,0,0,0,0,1,0,0,0,0,0,0,0,0,0,0,0,0,0,0,0,0,1,0,0,0,0,0,0
1770,00000013 2fab1f90,"     FADD.FTZ R55, -R18, R55 ",,6,3,12800,409600,,,,,,,0,0,0,0,0,0,0,0,0,0,0,0,0,5,0,0,1,0,0,0,0,0,0,0,0,0,0,0,0,0,2,0,0,1
1771,00000013 2fab1fa0,"     FSETP.GT.FTZ.AND P2, PT, R55, -12, PT ",,3,2,12800,409600,,,,,,,0,0,0,0,0,0,0,0,0,0,0,0,0,0,0,0,3,0,0,0,0,0,0,0,0,0,0,0,0,0,0,0,0,2
1772,00000013 2fab1fb0,"     FSETP.GEU.FTZ.AND P0, PT, R55, 20, PT ",,1,0,12800,409600,,,,,,,0,0,0,0,0,0,0,0,0,0,0,0,1,0,0,0,0,0,0,0,0,0,0,0,0,0,0,0,0,0,0,0,0,0
1773,00000013 2fab1fc0,"     PLOP3.LUT P0, PT, P4, P2, P0, 0xfb, 0x0 ",,1,0,12800,409600,,,,,,,0,0,0,0,0,0,0,0,0,0,0,1,0,0,0,0,0,0,0,0,0,0,0,0,0,0,0,0,0,0,0,0,0,0
1774,00000013 2fab1fd0,"     IADD3 R57, P2, R59, 0x40, RZ ",,0,0,12800,409600,,,,,,,,,,,,,,,,,,,,,,,,,,,,,,,,,,,,,,,,
1775,00000013 2fab1fe0,"@!P0 FMUL.FTZ R55, R55, 1.4426950216293334961 ",,3,0,12800,409600,,,,,,,0,0,0,0,0,0,0,0,0,0,0,0,1,0,0,0,2,0,0,0,0,0,0,0,0,0,0,0,0,0,0,0,0,0
1776,00000013 2fab1ff0,"@!P0 MUFU.EX2 R55, R55 ",,3,0,12800,409600,,,,,,,0,0,0,0,0,0,0,0,0,0,0,1,0,0,0,0,2,0,0,0,0,0,0,0,0,0,0,0,0,0,0,0,0,0
1777,00000013 2fab2000,"@!P0 FFMA.FTZ.SAT R56, R55, R14, RZ ",,20,16,12800,409600,,,,,,,0,0,0,0,0,0,0,0,0,0,20,0,0,0,0,0,0,0,0,0,0,0,0,0,0,0,0,16,0,0,0,0,0,0
1778,00000013 2fab2010,"     ISETP.GE.U32.AND P0, PT, R57, R2, PT ",,0,0,12800,409600,,,,,,,,,,,,,,,,,,,,,,,,,,,,,,,,,,,,,,,,
1779,00000013 2fab2020,"     IMAD.X R57, RZ, RZ, R61, P2 ",,1,0,12800,409600,,,,,,,0,0,0,0,0,0,0,0,0,0,0,0,1,0,0,0,0,0,0,0,0,0,0,0,0,0,0,0,0,0,0,0,0,0
1780,00000013 2fab2030,"     ISETP.GE.U32.AND.EX P0, PT, R57, R0, PT, P0 ",,1,0,12800,409600,,,,,,,0,0,0,0,0,0,0,0,0,0,0,0,0,0,0,0,1,0,0,0,0,0,0,0,0,0,0,0,0,0,0,0,0,0
1781,00000013 2fab2040,"     STS [R19+0x100], R56 ",,0,0,12800,409600,Shared,Store,32,,12800,,,,,,,,,,,,,,,,,,,,,,,,,,,,,,,,,,,
1782,00000013 2fab2050,"@!P0 F2F.F16.F32 R57, R56 ",,8,4,12800,409600,,,,,,,0,0,0,0,0,0,0,0,0,0,0,1,1,0,0,0,6,0,0,0,0,0,0,0,0,0,0,0,0,0,0,0,0,4
1783,00000013 2fab2060,"@!P0 STG.E.U16.SYS [R16+0x80], R57 ",,4,3,12800,409600,Global,Store,16,12800,,25600,0,0,0,0,0,0,0,0,0,0,0,0,0,4,0,0,0,0,0,0,0,0,0,0,0,0,0,0,0,0,3,0,0,0
1784,00000013 2fab2070,     BSYNC B5 ,,1,0,12800,409600,,,,,,,0,0,0,0,0,0,0,0,0,0,0,0,1,0,0,0,0,0,0,0,0,0,0,0,0,0,0,0,0,0,0,0,0,0
1785,00000013 2fab2080,"     BMOV.32.CLEAR RZ, B5 ",,6,4,12800,409600,,,,,,,0,0,0,0,0,0,0,0,0,0,6,0,0,0,0,0,0,0,0,0,0,0,0,0,0,0,0,4,0,0,0,0,0,0
1786,00000013 2fab2090,"     BSSY B5, 0x132fab21d0 ",,1,0,12800,409600,,,,,,,0,0,0,0,0,0,0,0,0,0,0,0,1,0,0,0,0,0,0,0,0,0,0,0,0,0,0,0,0,0,0,0,0,0
1787,00000013 2fab20a0,@P3  BRA 0x132fab21c0 ,,0,0,12800,0,,,,,,,,,,,,,,,,,,,,,,,,,,,,,,,,,,,,,,,,
1788,00000013 2fab20b0,"     LDS.U R55, [R19+0x180] ",,3,1,12800,409600,Shared,Load,32,,12800,,0,0,0,0,0,0,0,0,0,0,0,0,1,0,0,0,2,0,0,0,0,0,0,0,0,0,0,0,0,0,0,0,0,1
1789,00000013 2fab20c0,"     FSETP.GEU.FTZ.AND P3, PT, |R14|, +INF , PT ",,1,0,12800,409600,,,,,,,0,0,0,0,0,0,0,0,0,0,0,0,1,0,0,0,0,0,0,0,0,0,0,0,0,0,0,0,0,0,0,0,0,0
1790,00000013 2fab20d0,"     IMAD.MOV.U32 R56, RZ, RZ, RZ ",,4,1,12800,409600,,,,,,,0,1,0,0,0,1,0,0,0,0,0,0,2,0,0,0,0,0,0,0,0,0,1,0,0,0,0,0,0,0,0,0,0,0
1791,00000013 2fab20e0,"     FADD.FTZ R55, -R18, R55 ",,17,9,12800,409600,,,,,,,0,0,0,0,0,0,2,0,0,0,0,0,1,14,0,0,0,0,0,0,0,0,0,1,0,0,0,0,0,0,8,0,0,0
1792,00000013 2fab20f0,"     FSETP.GT.FTZ.AND P2, PT, R55, -12, PT ",,2,0,12800,409600,,,,,,,0,0,0,0,0,0,0,0,0,0,0,0,0,0,0,0,2,0,0,0,0,0,0,0,0,0,0,0,0,0,0,0,0,0
1793,00000013 2fab2100,"     FSETP.GEU.FTZ.AND P0, PT, R55, 20, PT ",,4,2,12800,409600,,,,,,,0,0,0,0,0,0,0,0,0,0,2,0,0,0,0,0,2,0,0,0,0,0,0,0,0,0,0,2,0,0,0,0,0,0
1794,00000013 2fab2110,"     PLOP3.LUT P0, PT, P3, P2, P0, 0xfb, 0x0 ",,4,0,12800,409600,,,,,,,0,0,0,0,0,0,0,0,0,0,0,0,2,0,0,0,2,0,0,0,0,0,0,0,0,0,0,0,0,0,0,0,0,0
1795,00000013 2fab2120,"     IADD3 R57, P2, R59, 0x60, RZ ",,1,0,12800,409600,,,,,,,0,0,0,0,0,0,0,0,0,0,0,0,0,0,0,0,1,0,0,0,0,0,0,0,0,0,0,0,0,0,0,0,0,0
1796,00000013 2fab2130,"@!P0 FMUL.FTZ R55, R55, 1.4426950216293334961 ",,7,3,12800,409600,,,,,,,0,0,0,0,0,0,0,0,0,0,0,1,1,0,0,0,5,0,0,0,0,0,0,0,0,0,0,0,0,0,0,0,0,3
1797,00000013 2fab2140,"@!P0 MUFU.EX2 R55, R55 ",,2,2,12800,409600,,,,,,,0,0,0,0,0,0,0,0,0,0,0,0,0,0,0,0,2,0,0,0,0,0,0,0,0,0,0,0,0,0,0,0,0,2
1798,00000013 2fab2150,"@!P0 FFMA.FTZ.SAT R56, R55, R14, RZ ",,7,1,12800,409600,,,,,,,0,0,0,0,0,0,0,0,0,0,0,0,0,7,0,0,0,0,0,0,0,0,0,0,0,0,0,0,0,0,1,0,0,0
1799,00000013 2fab2160,"     ISETP.GE.U32.AND P0, PT, R57, R2, PT ",,0,0,12800,409600,,,,,,,,,,,,,,,,,,,,,,,,,,,,,,,,,,,,,,,,
1800,00000013 2fab2170,"     IMAD.X R57, RZ, RZ, R61, P2 ",,0,0,12800,409600,,,,,,,,,,,,,,,,,,,,,,,,,,,,,,,,,,,,,,,,
1801,00000013 2fab2180,"     ISETP.GE.U32.AND.EX P0, PT, R57, R0, PT, P0 ",,5,3,12800,409600,,,,,,,0,0,0,0,0,0,0,0,0,0,4,1,0,0,0,0,0,0,0,0,0,0,0,0,0,0,0,3,0,0,0,0,0,0
1802,00000013 2fab2190,"     STS [R19+0x180], R56 ",,0,0,12800,409600,Shared,Store,32,,12800,,,,,,,,,,,,,,,,,,,,,,,,,,,,,,,,,,,
1803,00000013 2fab21a0,"@!P0 F2F.F16.F32 R57, R56 ",,5,2,12800,409600,,,,,,,0,0,0,0,0,0,0,0,0,0,0,1,0,0,0,0,4,0,0,0,0,0,0,0,0,0,0,0,0,0,0,0,0,2
1804,00000013 2fab21b0,"@!P0 STG.E.U16.SYS [R16+0xc0], R57 ",,7,2,12800,409600,Global,Store,16,12800,,25600,0,0,0,0,0,0,0,0,0,0,0,0,0,7,0,0,0,0,0,0,0,0,0,0,0,0,0,0,0,0,2,0,0,0
1805,00000013 2fab21c0,     BSYNC B5 ,,1,0,12800,409600,,,,,,,0,0,0,0,0,0,0,0,0,0,0,0,1,0,0,0,0,0,0,0,0,0,0,0,0,0,0,0,0,0,0,0,0,0
1806,00000013 2fab21d0,"     IADD3 R16, P0, R16, 0x100, RZ ",,7,3,12800,409600,,,,,,,0,0,0,0,0,1,0,0,0,0,3,1,0,0,0,0,2,0,0,0,0,0,1,0,0,0,0,2,0,0,0,0,0,0
1807,00000013 2fab21e0,"     IADD3 R20, R20, 0x80, RZ ",,1,0,12800,409600,,,,,,,0,0,0,0,0,0,0,0,0,0,0,1,0,0,0,0,0,0,0,0,0,0,0,0,0,0,0,0,0,0,0,0,0,0
1808,00000013 2fab21f0,"     IADD3 R59, P2, R59, 0x80, RZ ",,1,1,12800,409600,,,,,,,0,0,0,0,0,0,0,0,0,0,0,0,0,0,0,0,1,0,0,0,0,0,0,0,0,0,0,0,0,0,0,0,0,1
1809,00000013 2fab2200,"     IMAD.X R17, RZ, RZ, R17, P0 ",,14,11,12800,409600,,,,,,,0,0,0,0,0,0,0,0,0,0,13,0,1,0,0,0,0,0,0,0,0,0,0,0,0,0,0,11,0,0,0,0,0,0
1810,00000013 2fab2210,"     ISETP.GE.AND P0, PT, R20, R13, PT ",,0,0,12800,409600,,,,,,,,,,,,,,,,,,,,,,,,,,,,,,,,,,,,,,,,
1811,00000013 2fab2220,"     IADD3 R21, R21, 0x80, RZ ",,0,0,12800,409600,,,,,,,,,,,,,,,,,,,,,,,,,,,,,,,,,,,,,,,,
1812,00000013 2fab2230,"     IMAD.X R61, RZ, RZ, R61, P2 ",,0,0,12800,409600,,,,,,,,,,,,,,,,,,,,,,,,,,,,,,,,,,,,,,,,
1813,00000013 2fab2240,"     IADD3 R19, R19, 0x200, RZ ",,0,0,12800,409600,,,,,,,,,,,,,,,,,,,,,,,,,,,,,,,,,,,,,,,,
1814,00000013 2fab2250,@!P0 BRA 0x132fab1c30 ,,4,1,12800,0,,,,,,,0,0,0,0,0,0,0,0,0,0,0,0,1,0,0,0,3,0,0,0,0,0,0,0,0,0,0,0,0,0,0,0,0,1
1815,00000013 2fab2260,     BSYNC B2 ,,0,0,12800,409600,,,,,,,,,,,,,,,,,,,,,,,,,,,,,,,,,,,,,,,,
1816,00000013 2fab2270,"     ISETP.GE.AND P0, PT, R20, R27, PT ",,4,2,12800,409600,,,,,,,0,0,0,0,0,0,0,0,0,0,2,0,1,0,0,0,1,0,0,0,0,0,0,0,0,0,0,1,0,0,0,0,0,1
1817,00000013 2fab2280,@P0  BREAK B3 ,,10,9,12800,409600,,,,,,,0,0,0,0,0,0,0,0,0,0,4,0,1,0,0,0,5,0,0,0,0,0,0,0,0,0,0,4,0,0,0,0,0,5
1818,00000013 2fab2290,@P0  BRA 0x132fab2590 ,,5,4,12800,409600,,,,,,,0,0,0,0,0,0,0,0,0,0,4,0,1,0,0,0,0,0,0,0,0,0,0,0,0,0,0,4,0,0,0,0,0,0
1819,00000013 2fab22a0,     BSYNC B3 ,,19,6,12800,409600,,,,,,,0,0,0,0,0,0,0,0,0,0,15,0,0,0,0,0,4,0,0,0,0,0,0,0,0,0,0,4,0,0,0,0,0,2
1820,00000013 2fab22b0,"     IMAD.IADD R56, R44, 0x1, R11 ",,6,4,12800,409600,,,,,,,0,0,0,0,0,0,0,0,0,0,5,0,0,0,0,0,1,0,0,0,0,0,0,0,0,0,0,3,0,0,0,0,0,1
1821,00000013 2fab22c0,"     IMAD.IADD R21, R20, 0x1, R53 ",,2,1,12800,409600,,,,,,,0,0,0,0,0,0,0,0,0,0,0,0,1,0,0,0,1,0,0,0,0,0,0,0,0,0,0,0,0,0,0,0,0,1
1822,00000013 2fab22d0,"     IMAD.IADD R16, R43, 0x1, R56 ",,0,0,12800,409600,,,,,,,,,,,,,,,,,,,,,,,,,,,,,,,,,,,,,,,,
1823,00000013 2fab22e0,"     IMAD.SHL.U32 R17, R20, 0x4, RZ ",,2,1,12800,409600,,,,,,,0,0,0,0,0,0,0,0,0,0,0,0,0,0,0,0,2,0,0,0,0,0,0,0,0,0,0,0,0,0,0,0,0,1
1824,00000013 2fab22f0,"     SHF.R.S32.HI R19, RZ, 0x1f, R21 ",,0,0,12800,409600,,,,,,,,,,,,,,,,,,,,,,,,,,,,,,,,,,,,,,,,
1825,00000013 2fab2300,"     IMAD R16, R16, c[0x0][0x18c], RZ ",,1,0,12800,409600,,,,,,,0,0,0,0,0,0,0,0,0,0,1,0,0,0,0,0,0,0,0,0,0,0,0,0,0,0,0,0,0,0,0,0,0,0
1826,00000013 2fab2310,"     IMAD R17, R52, R56, R17 ",,0,0,12800,409600,,,,,,,,,,,,,,,,,,,,,,,,,,,,,,,,,,,,,,,,
1827,00000013 2fab2320,"     IADD3 R61, P0, R16, R21, RZ ",,5,0,12800,409600,,,,,,,0,0,0,0,0,0,1,0,0,0,0,2,1,0,0,0,1,0,0,0,0,0,0,0,0,0,0,0,0,0,0,0,0,0
1828,00000013 2fab2330,"     LEA.HI.X.SX32 R16, R16, R19, 0x1, P0 ",,5,1,12800,409600,,,,,,,0,0,0,0,0,0,0,0,0,0,0,1,1,0,0,0,3,0,0,0,0,0,0,0,0,0,0,0,0,0,0,0,0,1
1829,00000013 2fab2340,"     IMAD.IADD R19, R50, 0x1, R17 ",,0,0,12800,409600,,,,,,,,,,,,,,,,,,,,,,,,,,,,,,,,,,,,,,,,
1830,00000013 2fab2350,"     IADD3 R57, P2, R61, R24, RZ ",,0,0,12800,409600,,,,,,,,,,,,,,,,,,,,,,,,,,,,,,,,,,,,,,,,
1831,00000013 2fab2360,"     LEA R56, P0, R61, R22, 0x1 ",,0,0,12800,409600,,,,,,,,,,,,,,,,,,,,,,,,,,,,,,,,,,,,,,,,
1832,00000013 2fab2370,"     IMAD.X R59, R16, 0x1, R49, P2 ",,1,1,12800,409600,,,,,,,0,0,0,0,0,0,0,0,0,0,0,0,0,0,0,0,1,0,0,0,0,0,0,0,0,0,0,0,0,0,0,0,0,1
1833,00000013 2fab2380,"     LEA.HI.X R61, R61, R23, R16, 0x1, P0 ",,1,0,12800,409600,,,,,,,0,0,0,0,0,0,0,0,0,0,0,0,1,0,0,0,0,0,0,0,0,0,0,0,0,0,0,0,0,0,0,0,0,0
1834,00000013 2fab2390,"@!PT SHFL.IDX PT, RZ, RZ, RZ, RZ ",,7,2,12800,0,,,,,,,0,0,0,0,0,0,0,0,0,0,0,0,0,0,0,0,7,0,0,0,0,0,0,0,0,0,0,0,0,0,0,0,0,2
1835,00000013 2fab23a0,"     ISETP.GE.AND P0, PT, R21, c[0x0][0x18c], PT ",,1,0,12800,409600,,,,,,,0,0,0,0,0,0,0,0,0,0,0,0,1,0,0,0,0,0,0,0,0,0,0,0,0,0,0,0,0,0,0,0,0,0
1836,00000013 2fab23b0,"     BMOV.32.CLEAR RZ, B2 ",,0,0,12800,409600,,,,,,,,,,,,,,,,,,,,,,,,,,,,,,,,,,,,,,,,
1837,00000013 2fab23c0,"     IADD3 R20, R20, 0x20, RZ ",,0,0,12800,409600,,,,,,,,,,,,,,,,,,,,,,,,,,,,,,,,,,,,,,,,
1838,00000013 2fab23d0,"     BSSY B2, 0x132fab2520 ",,3,0,12800,409600,,,,,,,0,0,0,0,0,0,0,0,0,0,0,0,3,0,0,0,0,0,0,0,0,0,0,0,0,0,0,0,0,0,0,0,0,0
1839,00000013 2fab23e0,"     ISETP.GE.AND P3, PT, R20, R27, PT ",,2,0,12800,409600,,,,,,,0,0,0,0,0,0,0,0,0,0,0,1,0,0,0,0,1,0,0,0,0,0,0,0,0,0,0,0,0,0,0,0,0,0
1840,00000013 2fab23f0,@P0  BRA 0x132fab2510 ,,2,0,12800,0,,,,,,,0,0,0,0,0,0,0,0,0,0,0,1,1,0,0,0,0,0,0,0,0,0,0,0,0,0,0,0,0,0,0,0,0,0
1841,00000013 2fab2400,"     LDS.U R17, [R19] ",,6,0,12800,409600,Shared,Load,32,,12800,,0,0,0,0,0,0,0,0,0,0,0,0,1,0,0,0,5,0,0,0,0,0,0,0,0,0,0,0,0,0,0,0,0,0
1842,00000013 2fab2410,"     FSETP.GEU.FTZ.AND P4, PT, |R14|, +INF , PT ",,1,0,12800,409600,,,,,,,0,0,0,0,0,0,0,0,0,0,0,0,1,0,0,0,0,0,0,0,0,0,0,0,0,0,0,0,0,0,0,0,0,0
1843,00000013 2fab2420,"     IMAD.MOV.U32 R16, RZ, RZ, RZ ",,0,0,12800,409600,,,,,,,,,,,,,,,,,,,,,,,,,,,,,,,,,,,,,,,,
1844,00000013 2fab2430,"     FADD.FTZ R17, -R18, R17 ",,8,2,12800,409600,,,,,,,0,0,0,0,0,0,0,0,0,0,0,0,1,7,0,0,0,0,0,0,0,0,0,0,0,0,0,0,0,0,2,0,0,0
1845,00000013 2fab2440,"     FSETP.GT.FTZ.AND P2, PT, R17, -12, PT ",,2,0,12800,409600,,,,,,,0,0,0,0,0,0,1,0,0,0,0,1,0,0,0,0,0,0,0,0,0,0,0,0,0,0,0,0,0,0,0,0,0,0
1846,00000013 2fab2450,"     FSETP.GEU.FTZ.AND P0, PT, R17, 20, PT ",,1,1,12800,409600,,,,,,,0,0,0,0,0,0,0,0,0,0,0,0,0,0,0,0,1,0,0,0,0,0,0,0,0,0,0,0,0,0,0,0,0,1
1847,00000013 2fab2460,"     PLOP3.LUT P2, PT, P4, P2, P0, 0xfb, 0x0 ",,0,0,12800,409600,,,,,,,,,,,,,,,,,,,,,,,,,,,,,,,,,,,,,,,,
1848,00000013 2fab2470,"     ISETP.GE.U32.AND P0, PT, R57, R2, PT ",,0,0,12800,409600,,,,,,,,,,,,,,,,,,,,,,,,,,,,,,,,,,,,,,,,
1849,00000013 2fab2480,"     ISETP.GE.U32.AND.EX P0, PT, R59, R0, PT, P0 ",,1,1,12800,409600,,,,,,,0,0,0,0,0,0,0,0,0,0,0,0,0,0,0,0,1,0,0,0,0,0,0,0,0,0,0,0,0,0,0,0,0,1
1850,00000013 2fab2490,"@!P2 FMUL.FTZ R17, R17, 1.4426950216293334961 ",,2,0,12800,409600,,,,,,,0,1,0,0,0,0,0,0,0,0,0,0,1,0,0,0,0,0,0,0,0,0,0,0,0,0,0,0,0,0,0,0,0,0
1851,00000013 2fab24a0,"@!P2 MUFU.EX2 R17, R17 ",,2,2,12800,409600,,,,,,,0,0,0,0,0,0,0,0,0,0,0,0,0,0,0,0,2,0,0,0,0,0,0,0,0,0,0,0,0,0,0,0,0,2
1852,00000013 2fab24b0,"@!P2 FFMA.FTZ.SAT R16, R17, R14, RZ ",,8,3,12800,409600,,,,,,,0,0,0,0,0,0,0,0,0,0,0,0,1,7,0,0,0,0,0,0,0,0,0,0,0,0,0,0,0,0,3,0,0,0
1853,00000013 2fab24c0,"@!P0 IMAD.MOV.U32 R17, RZ, RZ, R61 ",,0,0,12800,409600,,,,,,,,,,,,,,,,,,,,,,,,,,,,,,,,,,,,,,,,
1854,00000013 2fab24d0,"@!P0 F2F.F16.F32 R55, R16 ",,1,0,12800,409600,,,,,,,0,0,0,0,0,0,0,0,0,0,0,0,0,0,0,0,1,0,0,0,0,0,0,0,0,0,0,0,0,0,0,0,0,0
1855,00000013 2fab24e0,"     STS [R19], R16 ",,0,0,12800,409600,Shared,Store,32,,12800,,,,,,,,,,,,,,,,,,,,,,,,,,,,,,,,,,,
1856,00000013 2fab24f0,"@!P0 IMAD.MOV.U32 R16, RZ, RZ, R56 ",,2,1,12800,409600,,,,,,,0,0,0,0,0,0,0,0,0,0,0,1,0,1,0,0,0,0,0,0,0,0,0,0,0,0,0,0,0,0,1,0,0,0
1857,00000013 2fab2500,"@!P0 STG.E.U16.SYS [R16], R55 ",,4,1,12800,409600,Global,Store,16,12800,,25600,0,0,0,0,0,0,0,0,0,0,0,1,1,0,0,0,2,0,0,0,0,0,0,0,0,0,0,0,0,0,0,0,0,1
1858,00000013 2fab2510,     BSYNC B2 ,,1,0,12800,409600,,,,,,,0,0,0,0,0,0,0,0,0,0,0,0,0,0,0,0,1,0,0,0,0,0,0,0,0,0,0,0,0,0,0,0,0,0
1859,00000013 2fab2520,"     IADD3 R56, P0, R56, 0x40, RZ ",,3,0,12800,409600,,,,,,,0,0,0,0,0,0,0,0,0,0,1,1,0,0,0,0,1,0,0,0,0,0,0,0,0,0,0,0,0,0,0,0,0,0
1860,00000013 2fab2530,"     IADD3 R57, P2, R57, 0x20, RZ ",,2,0,12800,409600,,,,,,,0,0,0,0,0,0,0,0,0,0,0,0,1,0,0,0,1,0,0,0,0,0,0,0,0,0,0,0,0,0,0,0,0,0
1861,00000013 2fab2540,"     IADD3 R21, R21, 0x20, RZ ",,1,0,12800,409600,,,,,,,0,0,0,0,0,0,0,0,0,0,0,0,0,0,0,0,1,0,0,0,0,0,0,0,0,0,0,0,0,0,0,0,0,0
1862,00000013 2fab2550,"     IMAD.X R61, RZ, RZ, R61, P0 ",,0,0,12800,409600,,,,,,,,,,,,,,,,,,,,,,,,,,,,,,,,,,,,,,,,
1863,00000013 2fab2560,"     IADD3 R19, R19, 0x80, RZ ",,1,0,12800,409600,,,,,,,0,0,0,0,0,0,0,0,0,0,0,0,1,0,0,0,0,0,0,0,0,0,0,0,0,0,0,0,0,0,0,0,0,0
1864,00000013 2fab2570,"     IMAD.X R59, RZ, RZ, R59, P2 ",,1,0,12800,409600,,,,,,,0,0,0,0,0,0,0,0,0,0,0,0,1,0,0,0,0,0,0,0,0,0,0,0,0,0,0,0,0,0,0,0,0,0
1865,00000013 2fab2580,@!P3 BRA 0x132fab2390 ,,0,0,12800,0,,,,,,,,,,,,,,,,,,,,,,,,,,,,,,,,,,,,,,,,
1866,00000013 2fab2590,     BSYNC B4 ,,33,21,25600,819200,,,,,,,0,0,0,0,0,0,0,0,0,0,32,0,0,0,0,0,1,0,0,0,0,0,0,0,0,0,0,21,0,0,0,0,0,0
1867,00000013 2fab25a0,     BRA 0x132fab2cd0 ,,5,2,25600,819200,,,,,,,0,0,0,0,0,0,0,0,0,0,5,0,0,0,0,0,0,0,0,0,0,0,0,0,0,0,0,2,0,0,0,0,0,0
1868,00000013 2fab25b0,"     ISETP.GT.AND P0, PT, R13, R54, PT ",,0,0,0,0,,,,,,,,,,,,,,,,,,,,,,,,,,,,,,,,,,,,,,,,
1869,00000013 2fab25c0,"     BMOV.32.CLEAR RZ, B3 ",,0,0,0,0,,,,,,,,,,,,,,,,,,,,,,,,,,,,,,,,,,,,,,,,
1870,00000013 2fab25d0,"     BSSY B3, 0x132fab2b20 ",,0,0,0,0,,,,,,,,,,,,,,,,,,,,,,,,,,,,,,,,,,,,,,,,
1871,00000013 2fab25e0,"     IMAD.MOV.U32 R16, RZ, RZ, R54 ",,0,0,0,0,,,,,,,,,,,,,,,,,,,,,,,,,,,,,,,,,,,,,,,,
1872,00000013 2fab25f0,@!P0 BRA 0x132fab2b10 ,,0,0,0,0,,,,,,,,,,,,,,,,,,,,,,,,,,,,,,,,,,,,,,,,
1873,00000013 2fab2600,"     BMOV.32.CLEAR RZ, B2 ",,0,0,0,0,,,,,,,,,,,,,,,,,,,,,,,,,,,,,,,,,,,,,,,,
1874,00000013 2fab2610,"     BSSY B2, 0x132fab2ae0 ",,0,0,0,0,,,,,,,,,,,,,,,,,,,,,,,,,,,,,,,,,,,,,,,,
1875,00000013 2fab2620,"     IMAD.MOV.U32 R17, RZ, RZ, R7 ",,0,0,0,0,,,,,,,,,,,,,,,,,,,,,,,,,,,,,,,,,,,,,,,,
1876,00000013 2fab2630,"     IMAD.MOV.U32 R16, RZ, RZ, R54 ",,0,0,0,0,,,,,,,,,,,,,,,,,,,,,,,,,,,,,,,,,,,,,,,,
1877,00000013 2fab2640,"@!PT SHFL.IDX PT, RZ, RZ, RZ, RZ ",,0,0,0,0,,,,,,,,,,,,,,,,,,,,,,,,,,,,,,,,,,,,,,,,
1878,00000013 2fab2650,"     ISETP.GE.AND P0, PT, R17, c[0x0][0x18c], PT ",,0,0,0,0,,,,,,,,,,,,,,,,,,,,,,,,,,,,,,,,,,,,,,,,
1879,00000013 2fab2660,"     BMOV.32.CLEAR RZ, B4 ",,0,0,0,0,,,,,,,,,,,,,,,,,,,,,,,,,,,,,,,,,,,,,,,,
1880,00000013 2fab2670,"     IADD3 R20, R17, 0x20, RZ ",,0,0,0,0,,,,,,,,,,,,,,,,,,,,,,,,,,,,,,,,,,,,,,,,
1881,00000013 2fab2680,"     BSSY B4, 0x132fab27b0 ",,0,0,0,0,,,,,,,,,,,,,,,,,,,,,,,,,,,,,,,,,,,,,,,,
1882,00000013 2fab2690,"     IADD3 R21, R17, 0x40, RZ ",,0,0,0,0,,,,,,,,,,,,,,,,,,,,,,,,,,,,,,,,,,,,,,,,
1883,00000013 2fab26a0,"     IADD3 R55, R17, 0x60, RZ ",,0,0,0,0,,,,,,,,,,,,,,,,,,,,,,,,,,,,,,,,,,,,,,,,
1884,00000013 2fab26b0,"     ISETP.GE.AND P5, PT, R20, c[0x0][0x18c], PT ",,0,0,0,0,,,,,,,,,,,,,,,,,,,,,,,,,,,,,,,,,,,,,,,,
1885,00000013 2fab26c0,"     ISETP.GE.AND P4, PT, R21, c[0x0][0x18c], PT ",,0,0,0,0,,,,,,,,,,,,,,,,,,,,,,,,,,,,,,,,,,,,,,,,
1886,00000013 2fab26d0,"     ISETP.GE.AND P3, PT, R55, c[0x0][0x18c], PT ",,0,0,0,0,,,,,,,,,,,,,,,,,,,,,,,,,,,,,,,,,,,,,,,,
1887,00000013 2fab26e0,@P0  BRA 0x132fab27a0 ,,0,0,0,0,,,,,,,,,,,,,,,,,,,,,,,,,,,,,,,,,,,,,,,,
1888,00000013 2fab26f0,"     LDS.U R21, [R19] ",,0,0,0,0,,,,,0,,,,,,,,,,,,,,,,,,,,,,,,,,,,,,,,,,,
1889,00000013 2fab2700,"     FSETP.GEU.FTZ.AND P6, PT, |R14|, +INF , PT ",,0,0,0,0,,,,,,,,,,,,,,,,,,,,,,,,,,,,,,,,,,,,,,,,
1890,00000013 2fab2710,"     IMAD.MOV.U32 R20, RZ, RZ, RZ ",,0,0,0,0,,,,,,,,,,,,,,,,,,,,,,,,,,,,,,,,,,,,,,,,
1891,00000013 2fab2720,"     FADD.FTZ R21, -R18, R21 ",,0,0,0,0,,,,,,,,,,,,,,,,,,,,,,,,,,,,,,,,,,,,,,,,
1892,00000013 2fab2730,"     FSETP.GT.FTZ.AND P2, PT, R21, -12, PT ",,0,0,0,0,,,,,,,,,,,,,,,,,,,,,,,,,,,,,,,,,,,,,,,,
1893,00000013 2fab2740,"     FSETP.GEU.FTZ.AND P0, PT, R21, 20, PT ",,0,0,0,0,,,,,,,,,,,,,,,,,,,,,,,,,,,,,,,,,,,,,,,,
1894,00000013 2fab2750,"     PLOP3.LUT P0, PT, P6, P2, P0, 0xfb, 0x0 ",,0,0,0,0,,,,,,,,,,,,,,,,,,,,,,,,,,,,,,,,,,,,,,,,
1895,00000013 2fab2760,"@!P0 FMUL.FTZ R21, R21, 1.4426950216293334961 ",,0,0,0,0,,,,,,,,,,,,,,,,,,,,,,,,,,,,,,,,,,,,,,,,
1896,00000013 2fab2770,"@!P0 MUFU.EX2 R21, R21 ",,0,0,0,0,,,,,,,,,,,,,,,,,,,,,,,,,,,,,,,,,,,,,,,,
1897,00000013 2fab2780,"@!P0 FFMA.FTZ.SAT R20, R21, R14, RZ ",,0,0,0,0,,,,,,,,,,,,,,,,,,,,,,,,,,,,,,,,,,,,,,,,
1898,00000013 2fab2790,"     STS [R19], R20 ",,0,0,0,0,,,,,0,,,,,,,,,,,,,,,,,,,,,,,,,,,,,,,,,,,
1899,00000013 2fab27a0,     BSYNC B4 ,,0,0,0,0,,,,,,,,,,,,,,,,,,,,,,,,,,,,,,,,,,,,,,,,
1900,00000013 2fab27b0,"     BMOV.32.CLEAR RZ, B4 ",,0,0,0,0,,,,,,,,,,,,,,,,,,,,,,,,,,,,,,,,,,,,,,,,
1901,00000013 2fab27c0,"     BSSY B4, 0x132fab28a0 ",,0,0,0,0,,,,,,,,,,,,,,,,,,,,,,,,,,,,,,,,,,,,,,,,
1902,00000013 2fab27d0,@P5  BRA 0x132fab2890 ,,0,0,0,0,,,,,,,,,,,,,,,,,,,,,,,,,,,,,,,,,,,,,,,,
1903,00000013 2fab27e0,"     LDS.U R21, [R19+0x80] ",,0,0,0,0,,,,,0,,,,,,,,,,,,,,,,,,,,,,,,,,,,,,,,,,,
1904,00000013 2fab27f0,"     FSETP.GEU.FTZ.AND P5, PT, |R14|, +INF , PT ",,0,0,0,0,,,,,,,,,,,,,,,,,,,,,,,,,,,,,,,,,,,,,,,,
1905,00000013 2fab2800,"     IMAD.MOV.U32 R20, RZ, RZ, RZ ",,0,0,0,0,,,,,,,,,,,,,,,,,,,,,,,,,,,,,,,,,,,,,,,,
1906,00000013 2fab2810,"     FADD.FTZ R21, -R18, R21 ",,0,0,0,0,,,,,,,,,,,,,,,,,,,,,,,,,,,,,,,,,,,,,,,,
1907,00000013 2fab2820,"     FSETP.GT.FTZ.AND P2, PT, R21, -12, PT ",,0,0,0,0,,,,,,,,,,,,,,,,,,,,,,,,,,,,,,,,,,,,,,,,
1908,00000013 2fab2830,"     FSETP.GEU.FTZ.AND P0, PT, R21, 20, PT ",,0,0,0,0,,,,,,,,,,,,,,,,,,,,,,,,,,,,,,,,,,,,,,,,
1909,00000013 2fab2840,"     PLOP3.LUT P0, PT, P5, P2, P0, 0xfb, 0x0 ",,0,0,0,0,,,,,,,,,,,,,,,,,,,,,,,,,,,,,,,,,,,,,,,,
1910,00000013 2fab2850,"@!P0 FMUL.FTZ R21, R21, 1.4426950216293334961 ",,0,0,0,0,,,,,,,,,,,,,,,,,,,,,,,,,,,,,,,,,,,,,,,,
1911,00000013 2fab2860,"@!P0 MUFU.EX2 R21, R21 ",,0,0,0,0,,,,,,,,,,,,,,,,,,,,,,,,,,,,,,,,,,,,,,,,
1912,00000013 2fab2870,"@!P0 FFMA.FTZ.SAT R20, R21, R14, RZ ",,0,0,0,0,,,,,,,,,,,,,,,,,,,,,,,,,,,,,,,,,,,,,,,,
1913,00000013 2fab2880,"     STS [R19+0x80], R20 ",,0,0,0,0,,,,,0,,,,,,,,,,,,,,,,,,,,,,,,,,,,,,,,,,,
1914,00000013 2fab2890,     BSYNC B4 ,,0,0,0,0,,,,,,,,,,,,,,,,,,,,,,,,,,,,,,,,,,,,,,,,
1915,00000013 2fab28a0,"     BMOV.32.CLEAR RZ, B4 ",,0,0,0,0,,,,,,,,,,,,,,,,,,,,,,,,,,,,,,,,,,,,,,,,
1916,00000013 2fab28b0,"     BSSY B4, 0x132fab2990 ",,0,0,0,0,,,,,,,,,,,,,,,,,,,,,,,,,,,,,,,,,,,,,,,,
1917,00000013 2fab28c0,@P4  BRA 0x132fab2980 ,,0,0,0,0,,,,,,,,,,,,,,,,,,,,,,,,,,,,,,,,,,,,,,,,
1918,00000013 2fab28d0,"     LDS.U R21, [R19+0x100] ",,0,0,0,0,,,,,0,,,,,,,,,,,,,,,,,,,,,,,,,,,,,,,,,,,
1919,00000013 2fab28e0,"     FSETP.GEU.FTZ.AND P4, PT, |R14|, +INF , PT ",,0,0,0,0,,,,,,,,,,,,,,,,,,,,,,,,,,,,,,,,,,,,,,,,
1920,00000013 2fab28f0,"     IMAD.MOV.U32 R20, RZ, RZ, RZ ",,0,0,0,0,,,,,,,,,,,,,,,,,,,,,,,,,,,,,,,,,,,,,,,,
1921,00000013 2fab2900,"     FADD.FTZ R21, -R18, R21 ",,0,0,0,0,,,,,,,,,,,,,,,,,,,,,,,,,,,,,,,,,,,,,,,,
1922,00000013 2fab2910,"     FSETP.GT.FTZ.AND P2, PT, R21, -12, PT ",,0,0,0,0,,,,,,,,,,,,,,,,,,,,,,,,,,,,,,,,,,,,,,,,
1923,00000013 2fab2920,"     FSETP.GEU.FTZ.AND P0, PT, R21, 20, PT ",,0,0,0,0,,,,,,,,,,,,,,,,,,,,,,,,,,,,,,,,,,,,,,,,
1924,00000013 2fab2930,"     PLOP3.LUT P0, PT, P4, P2, P0, 0xfb, 0x0 ",,0,0,0,0,,,,,,,,,,,,,,,,,,,,,,,,,,,,,,,,,,,,,,,,
1925,00000013 2fab2940,"@!P0 FMUL.FTZ R21, R21, 1.4426950216293334961 ",,0,0,0,0,,,,,,,,,,,,,,,,,,,,,,,,,,,,,,,,,,,,,,,,
1926,00000013 2fab2950,"@!P0 MUFU.EX2 R21, R21 ",,0,0,0,0,,,,,,,,,,,,,,,,,,,,,,,,,,,,,,,,,,,,,,,,
1927,00000013 2fab2960,"@!P0 FFMA.FTZ.SAT R20, R21, R14, RZ ",,0,0,0,0,,,,,,,,,,,,,,,,,,,,,,,,,,,,,,,,,,,,,,,,
1928,00000013 2fab2970,"     STS [R19+0x100], R20 ",,0,0,0,0,,,,,0,,,,,,,,,,,,,,,,,,,,,,,,,,,,,,,,,,,
1929,00000013 2fab2980,     BSYNC B4 ,,0,0,0,0,,,,,,,,,,,,,,,,,,,,,,,,,,,,,,,,,,,,,,,,
1930,00000013 2fab2990,"     BMOV.32.CLEAR RZ, B4 ",,0,0,0,0,,,,,,,,,,,,,,,,,,,,,,,,,,,,,,,,,,,,,,,,
1931,00000013 2fab29a0,"     BSSY B4, 0x132fab2a80 ",,0,0,0,0,,,,,,,,,,,,,,,,,,,,,,,,,,,,,,,,,,,,,,,,
1932,00000013 2fab29b0,@P3  BRA 0x132fab2a70 ,,0,0,0,0,,,,,,,,,,,,,,,,,,,,,,,,,,,,,,,,,,,,,,,,
1933,00000013 2fab29c0,"     LDS.U R21, [R19+0x180] ",,0,0,0,0,,,,,0,,,,,,,,,,,,,,,,,,,,,,,,,,,,,,,,,,,
1934,00000013 2fab29d0,"     FSETP.GEU.FTZ.AND P3, PT, |R14|, +INF , PT ",,0,0,0,0,,,,,,,,,,,,,,,,,,,,,,,,,,,,,,,,,,,,,,,,
1935,00000013 2fab29e0,"     IMAD.MOV.U32 R20, RZ, RZ, RZ ",,0,0,0,0,,,,,,,,,,,,,,,,,,,,,,,,,,,,,,,,,,,,,,,,
1936,00000013 2fab29f0,"     FADD.FTZ R21, -R18, R21 ",,0,0,0,0,,,,,,,,,,,,,,,,,,,,,,,,,,,,,,,,,,,,,,,,
1937,00000013 2fab2a00,"     FSETP.GT.FTZ.AND P2, PT, R21, -12, PT ",,0,0,0,0,,,,,,,,,,,,,,,,,,,,,,,,,,,,,,,,,,,,,,,,
1938,00000013 2fab2a10,"     FSETP.GEU.FTZ.AND P0, PT, R21, 20, PT ",,0,0,0,0,,,,,,,,,,,,,,,,,,,,,,,,,,,,,,,,,,,,,,,,
1939,00000013 2fab2a20,"     PLOP3.LUT P0, PT, P3, P2, P0, 0xfb, 0x0 ",,0,0,0,0,,,,,,,,,,,,,,,,,,,,,,,,,,,,,,,,,,,,,,,,
1940,00000013 2fab2a30,"@!P0 FMUL.FTZ R21, R21, 1.4426950216293334961 ",,0,0,0,0,,,,,,,,,,,,,,,,,,,,,,,,,,,,,,,,,,,,,,,,
1941,00000013 2fab2a40,"@!P0 MUFU.EX2 R21, R21 ",,0,0,0,0,,,,,,,,,,,,,,,,,,,,,,,,,,,,,,,,,,,,,,,,
1942,00000013 2fab2a50,"@!P0 FFMA.FTZ.SAT R20, R21, R14, RZ ",,0,0,0,0,,,,,,,,,,,,,,,,,,,,,,,,,,,,,,,,,,,,,,,,
1943,00000013 2fab2a60,"     STS [R19+0x180], R20 ",,0,0,0,0,,,,,0,,,,,,,,,,,,,,,,,,,,,,,,,,,,,,,,,,,
1944,00000013 2fab2a70,     BSYNC B4 ,,0,0,0,0,,,,,,,,,,,,,,,,,,,,,,,,,,,,,,,,,,,,,,,,
1945,00000013 2fab2a80,"     IADD3 R16, R16, 0x80, RZ ",,0,0,0,0,,,,,,,,,,,,,,,,,,,,,,,,,,,,,,,,,,,,,,,,
1946,00000013 2fab2a90,"     IADD3 R17, R17, 0x80, RZ ",,0,0,0,0,,,,,,,,,,,,,,,,,,,,,,,,,,,,,,,,,,,,,,,,
1947,00000013 2fab2aa0,"     ISETP.GE.AND P0, PT, R16, R13, PT ",,0,0,0,0,,,,,,,,,,,,,,,,,,,,,,,,,,,,,,,,,,,,,,,,
1948,00000013 2fab2ab0,"     IADD3 R19, R19, 0x200, RZ ",,0,0,0,0,,,,,,,,,,,,,,,,,,,,,,,,,,,,,,,,,,,,,,,,
1949,00000013 2fab2ac0,@!P0 BRA 0x132fab2640 ,,0,0,0,0,,,,,,,,,,,,,,,,,,,,,,,,,,,,,,,,,,,,,,,,
1950,00000013 2fab2ad0,     BSYNC B2 ,,0,0,0,0,,,,,,,,,,,,,,,,,,,,,,,,,,,,,,,,,,,,,,,,
1951,00000013 2fab2ae0,"     ISETP.GE.AND P0, PT, R16, R27, PT ",,0,0,0,0,,,,,,,,,,,,,,,,,,,,,,,,,,,,,,,,,,,,,,,,
1952,00000013 2fab2af0,@P0  BREAK B3 ,,0,0,0,0,,,,,,,,,,,,,,,,,,,,,,,,,,,,,,,,,,,,,,,,
1953,00000013 2fab2b00,@P0  BRA 0x132fab2cd0 ,,0,0,0,0,,,,,,,,,,,,,,,,,,,,,,,,,,,,,,,,,,,,,,,,
1954,00000013 2fab2b10,     BSYNC B3 ,,0,0,0,0,,,,,,,,,,,,,,,,,,,,,,,,,,,,,,,,,,,,,,,,
1955,00000013 2fab2b20,"     IMAD.IADD R19, R44, 0x1, R11 ",,0,0,0,0,,,,,,,,,,,,,,,,,,,,,,,,,,,,,,,,,,,,,,,,
1956,00000013 2fab2b30,"     IMAD.SHL.U32 R17, R16, 0x4, RZ ",,0,0,0,0,,,,,,,,,,,,,,,,,,,,,,,,,,,,,,,,,,,,,,,,
1957,00000013 2fab2b40,"     IMAD.IADD R21, R16, 0x1, R53 ",,0,0,0,0,,,,,,,,,,,,,,,,,,,,,,,,,,,,,,,,,,,,,,,,
1958,00000013 2fab2b50,"     IMAD R17, R52, R19, R17 ",,0,0,0,0,,,,,,,,,,,,,,,,,,,,,,,,,,,,,,,,,,,,,,,,
1959,00000013 2fab2b60,"     IMAD.IADD R17, R50, 0x1, R17 ",,0,0,0,0,,,,,,,,,,,,,,,,,,,,,,,,,,,,,,,,,,,,,,,,
1960,00000013 2fab2b70,"@!PT SHFL.IDX PT, RZ, RZ, RZ, RZ ",,0,0,0,0,,,,,,,,,,,,,,,,,,,,,,,,,,,,,,,,,,,,,,,,
1961,00000013 2fab2b80,"     ISETP.GE.AND P0, PT, R21, c[0x0][0x18c], PT ",,0,0,0,0,,,,,,,,,,,,,,,,,,,,,,,,,,,,,,,,,,,,,,,,
1962,00000013 2fab2b90,"     BMOV.32.CLEAR RZ, B2 ",,0,0,0,0,,,,,,,,,,,,,,,,,,,,,,,,,,,,,,,,,,,,,,,,
1963,00000013 2fab2ba0,"     IADD3 R16, R16, 0x20, RZ ",,0,0,0,0,,,,,,,,,,,,,,,,,,,,,,,,,,,,,,,,,,,,,,,,
1964,00000013 2fab2bb0,"     BSSY B2, 0x132fab2ca0 ",,0,0,0,0,,,,,,,,,,,,,,,,,,,,,,,,,,,,,,,,,,,,,,,,
1965,00000013 2fab2bc0,"     ISETP.GE.AND P4, PT, R16, R27, PT ",,0,0,0,0,,,,,,,,,,,,,,,,,,,,,,,,,,,,,,,,,,,,,,,,
1966,00000013 2fab2bd0,@P0  BRA 0x132fab2c90 ,,0,0,0,0,,,,,,,,,,,,,,,,,,,,,,,,,,,,,,,,,,,,,,,,
1967,00000013 2fab2be0,"     LDS.U R19, [R17] ",,0,0,0,0,,,,,0,,,,,,,,,,,,,,,,,,,,,,,,,,,,,,,,,,,
1968,00000013 2fab2bf0,"     FSETP.GEU.FTZ.AND P3, PT, |R14|, +INF , PT ",,0,0,0,0,,,,,,,,,,,,,,,,,,,,,,,,,,,,,,,,,,,,,,,,
1969,00000013 2fab2c00,"     IMAD.MOV.U32 R20, RZ, RZ, RZ ",,0,0,0,0,,,,,,,,,,,,,,,,,,,,,,,,,,,,,,,,,,,,,,,,
1970,00000013 2fab2c10,"     FADD.FTZ R19, -R18, R19 ",,0,0,0,0,,,,,,,,,,,,,,,,,,,,,,,,,,,,,,,,,,,,,,,,
1971,00000013 2fab2c20,"     FSETP.GT.FTZ.AND P2, PT, R19, -12, PT ",,0,0,0,0,,,,,,,,,,,,,,,,,,,,,,,,,,,,,,,,,,,,,,,,
1972,00000013 2fab2c30,"     FSETP.GEU.FTZ.AND P0, PT, R19, 20, PT ",,0,0,0,0,,,,,,,,,,,,,,,,,,,,,,,,,,,,,,,,,,,,,,,,
1973,00000013 2fab2c40,"     PLOP3.LUT P0, PT, P3, P2, P0, 0xfb, 0x0 ",,0,0,0,0,,,,,,,,,,,,,,,,,,,,,,,,,,,,,,,,,,,,,,,,
1974,00000013 2fab2c50,"@!P0 FMUL.FTZ R19, R19, 1.4426950216293334961 ",,0,0,0,0,,,,,,,,,,,,,,,,,,,,,,,,,,,,,,,,,,,,,,,,
1975,00000013 2fab2c60,"@!P0 MUFU.EX2 R19, R19 ",,0,0,0,0,,,,,,,,,,,,,,,,,,,,,,,,,,,,,,,,,,,,,,,,
1976,00000013 2fab2c70,"@!P0 FFMA.FTZ.SAT R20, R19, R14, RZ ",,0,0,0,0,,,,,,,,,,,,,,,,,,,,,,,,,,,,,,,,,,,,,,,,
1977,00000013 2fab2c80,"     STS [R17], R20 ",,0,0,0,0,,,,,0,,,,,,,,,,,,,,,,,,,,,,,,,,,,,,,,,,,
1978,00000013 2fab2c90,     BSYNC B2 ,,0,0,0,0,,,,,,,,,,,,,,,,,,,,,,,,,,,,,,,,,,,,,,,,
1979,00000013 2fab2ca0,"     IADD3 R21, R21, 0x20, RZ ",,0,0,0,0,,,,,,,,,,,,,,,,,,,,,,,,,,,,,,,,,,,,,,,,
1980,00000013 2fab2cb0,"     IADD3 R17, R17, 0x80, RZ ",,0,0,0,0,,,,,,,,,,,,,,,,,,,,,,,,,,,,,,,,,,,,,,,,
1981,00000013 2fab2cc0,@!P4 BRA 0x132fab2b70 ,,0,0,0,0,,,,,,,,,,,,,,,,,,,,,,,,,,,,,,,,,,,,,,,,
1982,00000013 2fab2cd0,     BSYNC B1 ,,45,32,25600,819200,,,,,,,0,0,0,0,0,0,0,0,0,0,44,1,0,0,0,0,0,0,0,0,0,0,0,0,0,0,0,32,0,0,0,0,0,0
1983,00000013 2fab2ce0,"     IMAD.IADD R12, R44, 0x1, R12 ",,12,5,25600,819200,,,,,,,0,1,0,0,0,0,0,0,0,0,8,1,0,0,0,0,2,0,0,0,0,0,0,0,0,0,0,4,0,0,0,0,0,1
1984,00000013 2fab2cf0,"     ISETP.GT.AND P0, PT, R12, 0xf, PT ",,6,2,25600,819200,,,,,,,0,0,0,0,0,0,0,0,0,0,0,2,1,0,0,0,3,0,0,0,0,0,0,0,0,0,0,0,0,0,0,0,0,2
1985,00000013 2fab2d00,@P0  BRA 0x132fab5320 ,,21,9,25600,0,,,,,,,0,0,0,0,0,0,0,0,0,0,7,0,2,0,0,0,12,0,0,0,0,0,0,0,0,0,0,4,0,0,0,0,0,5
1986,00000013 2fab2d10,"     IMAD.IADD R14, R43, 0x1, R12 ",,4,2,25600,819200,,,,,,,0,0,0,0,0,0,0,0,0,0,0,0,0,0,0,0,4,0,0,0,0,0,0,0,0,0,0,0,0,0,0,0,0,2
1987,00000013 2fab2d20,"     BMOV.32.CLEAR RZ, B1 ",,1,0,25600,819200,,,,,,,0,0,0,0,0,0,0,0,0,0,0,0,1,0,0,0,0,0,0,0,0,0,0,0,0,0,0,0,0,0,0,0,0,0
1988,00000013 2fab2d30,"     BSSY B1, 0x132fab3fe0 ",,0,0,25600,819200,,,,,,,,,,,,,,,,,,,,,,,,,,,,,,,,,,,,,,,,
1989,00000013 2fab2d40,"     ISETP.GE.AND P0, PT, R14, c[0x0][0x18c], PT ",,4,0,25600,819200,,,,,,,0,0,0,0,0,0,0,0,0,0,0,1,0,0,0,0,3,0,0,0,0,0,0,0,0,0,0,0,0,0,0,0,0,0
1990,00000013 2fab2d50,@P0  BRA 0x132fab3fd0 ,,7,3,25600,0,,,,,,,0,0,0,0,0,0,0,0,0,0,0,0,0,0,0,0,7,0,0,0,0,0,0,0,0,0,0,0,0,0,0,0,0,3
1991,00000013 2fab2d60,"     IMAD.IADD R17, R37, 0x1, R12 ",,5,1,25600,819200,,,,,,,0,0,0,0,0,0,0,0,0,0,0,0,2,0,0,0,3,0,0,0,0,0,0,0,0,0,0,0,0,0,0,0,0,1
1992,00000013 2fab2d70,"     IMAD.MOV.U32 R14, RZ, RZ, RZ ",,2,0,25600,819200,,,,,,,0,0,0,0,0,0,0,0,0,0,0,0,2,0,0,0,0,0,0,0,0,0,0,0,0,0,0,0,0,0,0,0,0,0
1993,00000013 2fab2d80,"     IMAD R17, R17, 0x4, R36 ",,7,4,25600,819200,,,,,,,0,0,0,0,0,0,0,0,0,0,4,0,2,0,0,0,1,0,0,0,0,0,0,0,0,0,0,4,0,0,0,0,0,0
1994,00000013 2fab2d90,"     LDS.U R16, [R17+0x340] ",,5,3,25600,819200,Shared,Load,32,,25600,,0,0,0,0,0,0,0,0,0,0,0,1,0,0,0,0,4,0,0,0,0,0,0,0,0,0,0,0,0,0,0,0,0,3
1995,00000013 2fab2da0,"     FSETP.GT.FTZ.AND P0, PT, R16, 1.00000001335143196e-10, PT ",,14,3,25600,819200,,,,,,,0,1,0,0,0,0,1,0,0,0,0,0,0,11,0,0,1,0,0,0,0,0,0,0,0,0,0,0,0,0,2,0,0,1
1996,00000013 2fab2db0,"@P0  MUFU.RCP R14, R16 ",,10,3,25600,819200,,,,,,,0,0,0,0,0,0,0,0,0,0,0,0,0,0,0,0,10,0,0,0,0,0,0,0,0,0,0,0,0,0,0,0,0,3
1997,00000013 2fab2dc0,"     ISETP.GT.AND P0, PT, R27, R54, PT ",,0,0,25600,819200,,,,,,,,,,,,,,,,,,,,,,,,,,,,,,,,,,,,,,,,
1998,00000013 2fab2dd0,@!P0 BRA 0x132fab3fd0 ,,10,4,25600,0,,,,,,,0,0,0,0,0,0,0,0,0,0,0,0,0,0,0,0,10,0,0,0,0,0,0,0,0,0,0,0,0,0,0,0,0,4
1999,00000013 2fab2de0,"     LDS.U R18, [R17+0x300] ",,3,1,25600,819200,Shared,Load,32,,25600,,0,0,0,0,0,0,0,0,0,0,0,1,0,0,0,0,2,0,0,0,0,0,0,0,0,0,0,0,0,0,0,0,0,1
2000,00000013 2fab2df0,"     ISETP.NE.U32.AND P0, PT, RZ, c[0x0][0x180], PT ",,2,0,25600,819200,,,,,,,0,0,0,0,0,0,0,0,0,0,0,0,2,0,0,0,0,0,0,0,0,0,0,0,0,0,0,0,0,0,0,0,0,0
2001,00000013 2fab2e00,"     IMAD.IADD R19, R46, 0x1, R10 ",,3,3,25600,819200,,,,,,,0,0,0,0,0,0,0,0,0,0,3,0,0,0,0,0,0,0,0,0,0,0,0,0,0,0,0,3,0,0,0,0,0,0
2002,00000013 2fab2e10,"     ISETP.NE.AND.EX P0, PT, RZ, c[0x0][0x184], PT, P0 ",,4,0,25600,819200,,,,,,,0,0,0,0,0,0,0,0,0,0,0,1,0,0,0,0,3,0,0,0,0,0,0,0,0,0,0,0,0,0,0,0,0,0
2003,00000013 2fab2e20,@!P0 BRA 0x132fab38b0 ,,3,1,25600,0,,,,,,,0,0,0,0,0,0,0,0,0,0,0,0,0,0,0,0,3,0,0,0,0,0,0,0,0,0,0,0,0,0,0,0,0,1
2004,00000013 2fab2e30,"     ISETP.GT.AND P0, PT, R13, R54, PT ",,10,2,25600,819200,,,,,,,0,0,0,0,0,0,0,0,0,0,0,0,5,0,0,0,5,0,0,0,0,0,0,0,0,0,0,0,0,0,0,0,0,2
2005,00000013 2fab2e40,"     BMOV.32.CLEAR RZ, B4 ",,1,0,25600,819200,,,,,,,0,0,0,0,0,0,0,0,0,0,0,0,1,0,0,0,0,0,0,0,0,0,0,0,0,0,0,0,0,0,0,0,0,0
2006,00000013 2fab2e50,"     BSSY B4, 0x132fab38a0 ",,0,0,25600,819200,,,,,,,,,,,,,,,,,,,,,,,,,,,,,,,,,,,,,,,,
2007,00000013 2fab2e60,"     BMOV.32.CLEAR RZ, B3 ",,0,0,25600,819200,,,,,,,,,,,,,,,,,,,,,,,,,,,,,,,,,,,,,,,,
2008,00000013 2fab2e70,"     BSSY B3, 0x132fab35b0 ",,0,0,25600,819200,,,,,,,,,,,,,,,,,,,,,,,,,,,,,,,,,,,,,,,,
2009,00000013 2fab2e80,"     IMAD.MOV.U32 R20, RZ, RZ, R54 ",,6,4,25600,819200,,,,,,,0,0,0,0,0,0,0,0,0,0,5,0,1,0,0,0,0,0,0,0,0,0,0,0,0,0,0,4,0,0,0,0,0,0
2010,00000013 2fab2e90,@!P0 BRA 0x132fab35a0 ,,5,4,25600,409600,,,,,,,0,0,0,0,0,0,0,0,0,0,0,0,1,0,0,0,4,0,0,0,0,0,0,0,0,0,0,0,0,0,0,0,0,4
2011,00000013 2fab2ea0,"     IMAD R16, R44, 0x2, R15 ",,2,0,12800,409600,,,,,,,0,0,0,0,0,0,0,0,0,0,0,0,1,0,0,0,1,0,0,0,0,0,0,0,0,0,0,0,0,0,0,0,0,0
2012,00000013 2fab2eb0,"     BMOV.32.CLEAR RZ, B2 ",,0,0,12800,409600,,,,,,,,,,,,,,,,,,,,,,,,,,,,,,,,,,,,,,,,
2013,00000013 2fab2ec0,"     BSSY B2, 0x132fab3570 ",,1,0,12800,409600,,,,,,,0,0,0,0,0,0,0,0,0,0,0,0,1,0,0,0,0,0,0,0,0,0,0,0,0,0,0,0,0,0,0,0,0,0
2014,00000013 2fab2ed0,"     IMAD.MOV.U32 R20, RZ, RZ, R54 ",,1,0,12800,409600,,,,,,,0,0,0,0,0,0,0,0,0,0,0,0,1,0,0,0,0,0,0,0,0,0,0,0,0,0,0,0,0,0,0,0,0,0
2015,00000013 2fab2ee0,"     IMAD R21, R16, c[0x0][0x18c], RZ ",,1,1,12800,409600,,,,,,,0,0,0,0,0,0,1,0,0,0,0,0,0,0,0,0,0,0,0,0,0,0,0,1,0,0,0,0,0,0,0,0,0,0
2016,00000013 2fab2ef0,"     IMAD.WIDE R16, R21, 0x2, R4 ",,6,1,12800,409600,,,,,,,0,0,0,0,0,0,1,0,0,0,0,0,2,0,0,0,3,0,0,0,0,0,0,0,0,0,0,0,0,0,0,0,0,1
2017,00000013 2fab2f00,"     IADD3 R59, P0, R21, R8, RZ ",,26,16,12800,409600,,,,,,,0,0,0,0,0,0,0,0,0,0,24,0,2,0,0,0,0,0,0,0,0,0,0,0,0,0,0,16,0,0,0,0,0,0
2018,00000013 2fab2f10,"     LEA.HI.X.SX32 R61, R21, R9, 0x1, P0 ",,3,2,12800,409600,,,,,,,0,0,0,0,0,0,2,0,0,0,0,1,0,0,0,0,0,0,0,0,0,0,0,2,0,0,0,0,0,0,0,0,0,0
2019,00000013 2fab2f20,"     IMAD.MOV.U32 R21, RZ, RZ, R7 ",,0,0,12800,409600,,,,,,,,,,,,,,,,,,,,,,,,,,,,,,,,,,,,,,,,
2020,00000013 2fab2f30,"@!PT SHFL.IDX PT, RZ, RZ, RZ, RZ ",,1,0,12800,0,,,,,,,0,0,0,0,0,0,0,0,0,0,0,0,0,0,0,0,1,0,0,0,0,0,0,0,0,0,0,0,0,0,0,0,0,0
2021,00000013 2fab2f40,"     ISETP.GE.AND P0, PT, R21, c[0x0][0x18c], PT ",,0,0,12800,409600,,,,,,,,,,,,,,,,,,,,,,,,,,,,,,,,,,,,,,,,
2022,00000013 2fab2f50,"     BMOV.32.CLEAR RZ, B5 ",,0,0,12800,409600,,,,,,,,,,,,,,,,,,,,,,,,,,,,,,,,,,,,,,,,
2023,00000013 2fab2f60,"     IADD3 R55, R21, 0x20, RZ ",,1,0,12800,409600,,,,,,,0,0,0,0,0,0,0,0,0,0,0,0,1,0,0,0,0,0,0,0,0,0,0,0,0,0,0,0,0,0,0,0,0,0
2024,00000013 2fab2f70,"     BSSY B5, 0x132fab30c0 ",,0,0,12800,409600,,,,,,,,,,,,,,,,,,,,,,,,,,,,,,,,,,,,,,,,
2025,00000013 2fab2f80,"     ISETP.GE.AND P5, PT, R55, c[0x0][0x18c], PT ",,6,4,12800,409600,,,,,,,0,0,0,0,0,0,1,0,0,0,5,0,0,0,0,0,0,0,0,0,0,0,0,0,0,0,0,4,0,0,0,0,0,0
2026,00000013 2fab2f90,"     IADD3 R55, R21, 0x40, RZ ",,3,1,12800,409600,,,,,,,0,0,0,0,0,0,2,0,0,0,0,0,1,0,0,0,0,0,0,0,0,0,0,1,0,0,0,0,0,0,0,0,0,0
2027,00000013 2fab2fa0,"     ISETP.GE.AND P4, PT, R55, c[0x0][0x18c], PT ",,4,2,12800,409600,,,,,,,0,0,0,0,0,0,0,0,0,0,0,0,1,0,0,0,3,0,0,0,0,0,0,0,0,0,0,0,0,0,0,0,0,2
2028,00000013 2fab2fb0,@P0  BRA 0x132fab30b0 ,,1,0,12800,0,,,,,,,0,0,0,0,0,0,0,0,0,0,0,0,1,0,0,0,0,0,0,0,0,0,0,0,0,0,0,0,0,0,0,0,0,0
2029,00000013 2fab2fc0,"     LDS.U R55, [R19] ",,3,1,12800,409600,Shared,Load,32,,12800,,0,0,0,0,0,0,0,0,0,0,0,0,0,0,0,0,3,0,0,0,0,0,0,0,0,0,0,0,0,0,0,0,0,1
2030,00000013 2fab2fd0,"     FSETP.GEU.FTZ.AND P2, PT, |R14|, +INF , PT ",,0,0,12800,409600,,,,,,,,,,,,,,,,,,,,,,,,,,,,,,,,,,,,,,,,
2031,00000013 2fab2fe0,"     IMAD.MOV.U32 R56, RZ, RZ, RZ ",,0,0,12800,409600,,,,,,,,,,,,,,,,,,,,,,,,,,,,,,,,,,,,,,,,
2032,00000013 2fab2ff0,"     FADD.FTZ R55, -R18, R55 ",,5,2,12800,409600,,,,,,,0,0,0,0,0,0,2,0,0,0,0,1,0,2,0,0,0,0,0,0,0,0,0,1,0,0,0,0,0,0,1,0,0,0
2033,00000013 2fab3000,"     FSETP.GT.FTZ.AND P3, PT, R55, -12, PT ",,19,9,12800,409600,,,,,,,0,0,0,0,0,0,0,0,0,0,15,1,0,0,0,0,3,0,0,0,0,0,0,0,0,0,0,8,0,0,0,0,0,1
2034,00000013 2fab3010,"     FSETP.GEU.FTZ.AND P0, PT, R55, 20, PT ",,1,0,12800,409600,,,,,,,0,0,0,0,0,0,0,0,0,0,0,0,1,0,0,0,0,0,0,0,0,0,0,0,0,0,0,0,0,0,0,0,0,0
2035,00000013 2fab3020,"     PLOP3.LUT P2, PT, P2, P3, P0, 0xfb, 0x0 ",,1,0,12800,409600,,,,,,,0,0,0,0,0,0,1,0,0,0,0,0,0,0,0,0,0,0,0,0,0,0,0,0,0,0,0,0,0,0,0,0,0,0
2036,00000013 2fab3030,"     ISETP.GE.U32.AND P0, PT, R59, R2, PT ",,0,0,12800,409600,,,,,,,,,,,,,,,,,,,,,,,,,,,,,,,,,,,,,,,,
2037,00000013 2fab3040,"     ISETP.GE.U32.AND.EX P0, PT, R61, R0, PT, P0 ",,3,0,12800,409600,,,,,,,0,0,0,0,0,0,1,0,0,0,0,0,1,0,0,0,1,0,0,0,0,0,0,0,0,0,0,0,0,0,0,0,0,0
2038,00000013 2fab3050,"@!P2 FMUL.FTZ R55, R55, 1.4426950216293334961 ",,1,0,12800,409600,,,,,,,0,0,0,0,0,0,0,0,0,0,0,0,0,0,0,0,1,0,0,0,0,0,0,0,0,0,0,0,0,0,0,0,0,0
2039,00000013 2fab3060,"@!P2 MUFU.EX2 R55, R55 ",,2,0,12800,409600,,,,,,,0,0,0,0,0,0,0,0,0,0,0,0,0,0,0,0,2,0,0,0,0,0,0,0,0,0,0,0,0,0,0,0,0,0
2040,00000013 2fab3070,"@!P2 FFMA.FTZ.SAT R56, R55, R14, RZ ",,4,0,12800,409600,,,,,,,0,0,0,0,0,0,0,0,0,0,0,0,0,3,0,0,1,0,0,0,0,0,0,0,0,0,0,0,0,0,0,0,0,0
2041,00000013 2fab3080,"@!P0 F2F.F16.F32 R57, R56 ",,9,6,12800,409600,,,,,,,0,0,0,0,0,0,0,0,0,0,8,0,0,0,0,0,1,0,0,0,0,0,0,0,0,0,0,6,0,0,0,0,0,0
2042,00000013 2fab3090,"     STS [R19], R56 ",,2,2,12800,409600,Shared,Store,32,,12800,,0,0,0,0,0,0,0,0,0,0,0,0,0,0,0,0,2,0,0,0,0,0,0,0,0,0,0,0,0,0,0,0,0,2
2043,00000013 2fab30a0,"@!P0 STG.E.U16.SYS [R16], R57 ",,6,3,12800,409600,Global,Store,16,12800,,25600,0,0,0,0,0,0,0,0,0,0,0,0,0,5,0,0,1,0,0,0,0,0,0,0,0,0,0,0,0,0,2,0,0,1
2044,00000013 2fab30b0,     BSYNC B5 ,,0,0,12800,409600,,,,,,,,,,,,,,,,,,,,,,,,,,,,,,,,,,,,,,,,
2045,00000013 2fab30c0,"     IADD3 R55, R21, 0x60, RZ ",,5,1,12800,409600,,,,,,,0,0,0,0,0,0,0,0,0,0,4,1,0,0,0,0,0,0,0,0,0,0,0,0,0,0,0,1,0,0,0,0,0,0
2046,00000013 2fab30d0,"     BMOV.32.CLEAR RZ, B5 ",,0,0,12800,409600,,,,,,,,,,,,,,,,,,,,,,,,,,,,,,,,,,,,,,,,
2047,00000013 2fab30e0,"     BSSY B5, 0x132fab3230 ",,1,0,12800,409600,,,,,,,0,0,0,0,0,0,0,0,0,0,0,0,1,0,0,0,0,0,0,0,0,0,0,0,0,0,0,0,0,0,0,0,0,0
2048,00000013 2fab30f0,"     ISETP.GE.AND P3, PT, R55, c[0x0][0x18c], PT ",,0,0,12800,409600,,,,,,,,,,,,,,,,,,,,,,,,,,,,,,,,,,,,,,,,
2049,00000013 2fab3100,@P5  BRA 0x132fab3220 ,,8,7,12800,0,,,,,,,0,0,0,0,0,0,0,0,0,0,7,0,1,0,0,0,0,0,0,0,0,0,0,0,0,0,0,7,0,0,0,0,0,0
2050,00000013 2fab3110,"     LDS.U R55, [R19+0x80] ",,1,0,12800,409600,Shared,Load,32,,12800,,0,0,0,0,0,0,0,0,0,0,0,0,0,0,0,0,1,0,0,0,0,0,0,0,0,0,0,0,0,0,0,0,0,0
2051,00000013 2fab3120,"     FSETP.GEU.FTZ.AND P5, PT, |R14|, +INF , PT ",,1,0,12800,409600,,,,,,,0,0,0,0,0,0,0,0,0,0,0,0,1,0,0,0,0,0,0,0,0,0,0,0,0,0,0,0,0,0,0,0,0,0
2052,00000013 2fab3130,"     IMAD.MOV.U32 R56, RZ, RZ, RZ ",,0,0,12800,409600,,,,,,,,,,,,,,,,,,,,,,,,,,,,,,,,,,,,,,,,
2053,00000013 2fab3140,"     FADD.FTZ R55, -R18, R55 ",,9,4,12800,409600,,,,,,,0,0,0,0,0,0,1,0,0,0,0,0,0,8,0,0,0,0,0,0,0,0,0,0,0,0,0,0,0,0,4,0,0,0
2054,00000013 2fab3150,"     FSETP.GT.FTZ.AND P2, PT, R55, -12, PT ",,0,0,12800,409600,,,,,,,,,,,,,,,,,,,,,,,,,,,,,,,,,,,,,,,,
2055,00000013 2fab3160,"     FSETP.GEU.FTZ.AND P0, PT, R55, 20, PT ",,0,0,12800,409600,,,,,,,,,,,,,,,,,,,,,,,,,,,,,,,,,,,,,,,,
2056,00000013 2fab3170,"     PLOP3.LUT P0, PT, P5, P2, P0, 0xfb, 0x0 ",,4,1,12800,409600,,,,,,,0,0,0,0,0,0,1,0,0,0,0,2,0,0,0,0,1,0,0,0,0,0,0,1,0,0,0,0,0,0,0,0,0,0
2057,00000013 2fab3180,"     IADD3 R57, P2, R59, 0x20, RZ ",,7,4,12800,409600,,,,,,,0,1,0,0,0,0,0,0,0,0,5,0,0,0,0,0,1,0,0,0,0,0,0,0,0,0,0,4,0,0,0,0,0,0
2058,00000013 2fab3190,"@!P0 FMUL.FTZ R55, R55, 1.4426950216293334961 ",,5,4,12800,409600,,,,,,,0,0,0,0,0,0,0,0,0,0,0,0,0,0,0,0,5,0,0,0,0,0,0,0,0,0,0,0,0,0,0,0,0,4
2059,00000013 2fab31a0,"@!P0 MUFU.EX2 R55, R55 ",,2,1,12800,409600,,,,,,,0,0,0,0,0,0,0,0,0,0,0,0,0,0,0,0,2,0,0,0,0,0,0,0,0,0,0,0,0,0,0,0,0,1
2060,00000013 2fab31b0,"@!P0 FFMA.FTZ.SAT R56, R55, R14, RZ ",,11,6,12800,409600,,,,,,,0,0,0,0,0,0,0,0,0,0,0,0,2,9,0,0,0,0,0,0,0,0,0,0,0,0,0,0,0,0,6,0,0,0
2061,00000013 2fab31c0,"     ISETP.GE.U32.AND P0, PT, R57, R2, PT ",,0,0,12800,409600,,,,,,,,,,,,,,,,,,,,,,,,,,,,,,,,,,,,,,,,
2062,00000013 2fab31d0,"     IMAD.X R57, RZ, RZ, R61, P2 ",,1,0,12800,409600,,,,,,,0,0,0,0,0,0,0,0,0,0,0,0,1,0,0,0,0,0,0,0,0,0,0,0,0,0,0,0,0,0,0,0,0,0
2063,00000013 2fab31e0,"     ISETP.GE.U32.AND.EX P0, PT, R57, R0, PT, P0 ",,1,0,12800,409600,,,,,,,0,0,0,0,0,0,0,0,0,0,0,0,0,0,0,0,1,0,0,0,0,0,0,0,0,0,0,0,0,0,0,0,0,0
2064,00000013 2fab31f0,"     STS [R19+0x80], R56 ",,0,0,12800,409600,Shared,Store,32,,12800,,,,,,,,,,,,,,,,,,,,,,,,,,,,,,,,,,,
2065,00000013 2fab3200,"@!P0 F2F.F16.F32 R57, R56 ",,9,4,12800,409600,,,,,,,0,0,0,0,0,0,0,0,0,0,4,0,0,0,0,0,5,0,0,0,0,0,0,0,0,0,0,3,0,0,0,0,0,1
2066,00000013 2fab3210,"@!P0 STG.E.U16.SYS [R16+0x40], R57 ",,4,3,12800,409600,Global,Store,16,12800,,25600,0,0,0,0,0,0,0,0,0,0,0,0,0,4,0,0,0,0,0,0,0,0,0,0,0,0,0,0,0,0,3,0,0,0
2067,00000013 2fab3220,     BSYNC B5 ,,0,0,12800,409600,,,,,,,,,,,,,,,,,,,,,,,,,,,,,,,,,,,,,,,,
2068,00000013 2fab3230,"     BMOV.32.CLEAR RZ, B5 ",,10,6,12800,409600,,,,,,,0,0,0,0,0,0,0,0,0,0,8,0,0,0,0,0,2,0,0,0,0,0,0,0,0,0,0,6,0,0,0,0,0,0
2069,00000013 2fab3240,"     BSSY B5, 0x132fab3380 ",,0,0,12800,409600,,,,,,,,,,,,,,,,,,,,,,,,,,,,,,,,,,,,,,,,
2070,00000013 2fab3250,@P4  BRA 0x132fab3370 ,,0,0,12800,0,,,,,,,,,,,,,,,,,,,,,,,,,,,,,,,,,,,,,,,,
2071,00000013 2fab3260,"     LDS.U R55, [R19+0x100] ",,2,2,12800,409600,Shared,Load,32,,12800,,0,0,0,0,0,0,0,0,0,0,0,0,0,0,0,0,2,0,0,0,0,0,0,0,0,0,0,0,0,0,0,0,0,2
2072,00000013 2fab3270,"     FSETP.GEU.FTZ.AND P4, PT, |R14|, +INF , PT ",,0,0,12800,409600,,,,,,,,,,,,,,,,,,,,,,,,,,,,,,,,,,,,,,,,
2073,00000013 2fab3280,"     IMAD.MOV.U32 R56, RZ, RZ, RZ ",,0,0,12800,409600,,,,,,,,,,,,,,,,,,,,,,,,,,,,,,,,,,,,,,,,
2074,00000013 2fab3290,"     FADD.FTZ R55, -R18, R55 ",,8,5,12800,409600,,,,,,,0,0,0,0,0,0,0,0,0,0,0,0,0,8,0,0,0,0,0,0,0,0,0,0,0,0,0,0,0,0,5,0,0,0
2075,00000013 2fab32a0,"     FSETP.GT.FTZ.AND P2, PT, R55, -12, PT ",,3,1,12800,409600,,,,,,,0,0,0,0,0,0,0,0,0,0,0,0,1,0,0,0,2,0,0,0,0,0,0,0,0,0,0,0,0,0,0,0,0,1
2076,00000013 2fab32b0,"     FSETP.GEU.FTZ.AND P0, PT, R55, 20, PT ",,3,1,12800,409600,,,,,,,0,0,0,0,0,0,0,0,0,0,0,1,1,0,0,0,1,0,0,0,0,0,0,0,0,0,0,0,0,0,0,0,0,1
2077,00000013 2fab32c0,"     PLOP3.LUT P0, PT, P4, P2, P0, 0xfb, 0x0 ",,2,1,12800,409600,,,,,,,0,0,0,0,0,0,0,0,0,0,0,1,0,0,0,0,1,0,0,0,0,0,0,0,0,0,0,0,0,0,0,0,0,1
2078,00000013 2fab32d0,"     IADD3 R57, P2, R59, 0x40, RZ ",,1,0,12800,409600,,,,,,,0,0,0,0,0,0,0,0,0,0,0,0,0,0,0,0,1,0,0,0,0,0,0,0,0,0,0,0,0,0,0,0,0,0
2079,00000013 2fab32e0,"@!P0 FMUL.FTZ R55, R55, 1.4426950216293334961 ",,4,2,12800,409600,,,,,,,0,0,0,0,0,0,0,0,0,0,0,0,1,0,0,0,3,0,0,0,0,0,0,0,0,0,0,0,0,0,0,0,0,2
2080,00000013 2fab32f0,"@!P0 MUFU.EX2 R55, R55 ",,1,0,12800,409600,,,,,,,0,0,0,0,0,0,0,0,0,0,0,0,0,0,0,0,1,0,0,0,0,0,0,0,0,0,0,0,0,0,0,0,0,0
2081,00000013 2fab3300,"@!P0 FFMA.FTZ.SAT R56, R55, R14, RZ ",,15,11,12800,409600,,,,,,,0,0,0,0,0,0,0,0,0,0,9,0,1,5,0,0,0,0,0,0,0,0,0,0,0,0,0,8,0,0,3,0,0,0
2082,00000013 2fab3310,"     ISETP.GE.U32.AND P0, PT, R57, R2, PT ",,0,0,12800,409600,,,,,,,,,,,,,,,,,,,,,,,,,,,,,,,,,,,,,,,,
2083,00000013 2fab3320,"     IMAD.X R57, RZ, RZ, R61, P2 ",,1,0,12800,409600,,,,,,,0,0,0,0,0,0,0,0,0,0,0,0,1,0,0,0,0,0,0,0,0,0,0,0,0,0,0,0,0,0,0,0,0,0
2084,00000013 2fab3330,"     ISETP.GE.U32.AND.EX P0, PT, R57, R0, PT, P0 ",,2,2,12800,409600,,,,,,,0,0,0,0,0,0,0,0,0,0,0,0,0,0,0,0,2,0,0,0,0,0,0,0,0,0,0,0,0,0,0,0,0,2
2085,00000013 2fab3340,"     STS [R19+0x100], R56 ",,0,0,12800,409600,Shared,Store,32,,12800,,,,,,,,,,,,,,,,,,,,,,,,,,,,,,,,,,,
2086,00000013 2fab3350,"@!P0 F2F.F16.F32 R57, R56 ",,4,3,12800,409600,,,,,,,0,0,0,0,0,0,0,0,0,0,0,0,0,0,0,0,4,0,0,0,0,0,0,0,0,0,0,0,0,0,0,0,0,3
2087,00000013 2fab3360,"@!P0 STG.E.U16.SYS [R16+0x80], R57 ",,4,2,12800,409600,Global,Store,16,12800,,25600,0,0,0,0,0,0,0,0,0,0,0,0,1,3,0,0,0,0,0,0,0,0,0,0,0,0,0,0,0,0,2,0,0,0
2088,00000013 2fab3370,     BSYNC B5 ,,1,0,12800,409600,,,,,,,0,0,0,0,0,0,0,0,0,0,0,1,0,0,0,0,0,0,0,0,0,0,0,0,0,0,0,0,0,0,0,0,0,0
2089,00000013 2fab3380,"     BMOV.32.CLEAR RZ, B5 ",,6,3,12800,409600,,,,,,,0,0,0,0,0,0,0,0,0,0,5,0,1,0,0,0,0,0,0,0,0,0,0,0,0,0,0,3,0,0,0,0,0,0
2090,00000013 2fab3390,"     BSSY B5, 0x132fab34d0 ",,0,0,12800,409600,,,,,,,,,,,,,,,,,,,,,,,,,,,,,,,,,,,,,,,,
2091,00000013 2fab33a0,@P3  BRA 0x132fab34c0 ,,1,0,12800,0,,,,,,,0,0,0,0,0,0,0,0,0,0,0,0,1,0,0,0,0,0,0,0,0,0,0,0,0,0,0,0,0,0,0,0,0,0
2092,00000013 2fab33b0,"     LDS.U R55, [R19+0x180] ",,1,0,12800,409600,Shared,Load,32,,12800,,0,0,0,0,0,0,0,0,0,0,0,0,1,0,0,0,0,0,0,0,0,0,0,0,0,0,0,0,0,0,0,0,0,0
2093,00000013 2fab33c0,"     FSETP.GEU.FTZ.AND P3, PT, |R14|, +INF , PT ",,0,0,12800,409600,,,,,,,,,,,,,,,,,,,,,,,,,,,,,,,,,,,,,,,,
2094,00000013 2fab33d0,"     IMAD.MOV.U32 R56, RZ, RZ, RZ ",,1,0,12800,409600,,,,,,,0,0,0,0,0,1,0,0,0,0,0,0,0,0,0,0,0,0,0,0,0,0,0,0,0,0,0,0,0,0,0,0,0,0
2095,00000013 2fab33e0,"     FADD.FTZ R55, -R18, R55 ",,6,1,12800,409600,,,,,,,0,0,0,0,0,0,0,0,0,0,0,0,0,6,0,0,0,0,0,0,0,0,0,0,0,0,0,0,0,0,1,0,0,0
2096,00000013 2fab33f0,"     FSETP.GT.FTZ.AND P2, PT, R55, -12, PT ",,3,0,12800,409600,,,,,,,0,0,0,0,0,0,1,0,0,0,0,1,0,0,0,0,1,0,0,0,0,0,0,0,0,0,0,0,0,0,0,0,0,0
2097,00000013 2fab3400,"     FSETP.GEU.FTZ.AND P0, PT, R55, 20, PT ",,1,0,12800,409600,,,,,,,0,0,0,0,0,0,0,0,0,0,1,0,0,0,0,0,0,0,0,0,0,0,0,0,0,0,0,0,0,0,0,0,0,0
2098,00000013 2fab3410,"     PLOP3.LUT P0, PT, P3, P2, P0, 0xfb, 0x0 ",,1,0,12800,409600,,,,,,,0,0,0,0,0,0,1,0,0,0,0,0,0,0,0,0,0,0,0,0,0,0,0,0,0,0,0,0,0,0,0,0,0,0
2099,00000013 2fab3420,"     IADD3 R57, P2, R59, 0x60, RZ ",,1,1,12800,409600,,,,,,,0,0,0,0,0,0,0,0,0,0,0,0,0,0,0,0,1,0,0,0,0,0,0,0,0,0,0,0,0,0,0,0,0,1
2100,00000013 2fab3430,"@!P0 FMUL.FTZ R55, R55, 1.4426950216293334961 ",,1,1,12800,409600,,,,,,,0,0,0,0,0,0,0,0,0,0,0,0,0,0,0,0,1,0,0,0,0,0,0,0,0,0,0,0,0,0,0,0,0,1
2101,00000013 2fab3440,"@!P0 MUFU.EX2 R55, R55 ",,0,0,12800,409600,,,,,,,,,,,,,,,,,,,,,,,,,,,,,,,,,,,,,,,,
2102,00000013 2fab3450,"@!P0 FFMA.FTZ.SAT R56, R55, R14, RZ ",,4,0,12800,409600,,,,,,,0,0,0,0,0,0,0,0,0,0,0,0,0,4,0,0,0,0,0,0,0,0,0,0,0,0,0,0,0,0,0,0,0,0
2103,00000013 2fab3460,"     ISETP.GE.U32.AND P0, PT, R57, R2, PT ",,2,0,12800,409600,,,,,,,0,0,0,0,0,0,0,0,0,0,0,0,2,0,0,0,0,0,0,0,0,0,0,0,0,0,0,0,0,0,0,0,0,0
2104,00000013 2fab3470,"     IMAD.X R57, RZ, RZ, R61, P2 ",,0,0,12800,409600,,,,,,,,,,,,,,,,,,,,,,,,,,,,,,,,,,,,,,,,
2105,00000013 2fab3480,"     ISETP.GE.U32.AND.EX P0, PT, R57, R0, PT, P0 ",,6,2,12800,409600,,,,,,,0,0,0,0,0,0,0,0,0,0,4,0,2,0,0,0,0,0,0,0,0,0,0,0,0,0,0,2,0,0,0,0,0,0
2106,00000013 2fab3490,"     STS [R19+0x180], R56 ",,0,0,12800,409600,Shared,Store,32,,12800,,,,,,,,,,,,,,,,,,,,,,,,,,,,,,,,,,,
2107,00000013 2fab34a0,"@!P0 F2F.F16.F32 R57, R56 ",,9,4,12800,409600,,,,,,,0,0,0,0,0,0,0,0,0,0,0,0,2,0,0,0,7,0,0,0,0,0,0,0,0,0,0,0,0,0,0,0,0,4
2108,00000013 2fab34b0,"@!P0 STG.E.U16.SYS [R16+0xc0], R57 ",,4,2,12800,409600,Global,Store,16,12800,,25600,0,0,0,0,0,0,0,0,0,0,0,0,0,3,0,0,1,0,0,0,0,0,0,0,0,0,0,0,0,0,2,0,0,0
2109,00000013 2fab34c0,     BSYNC B5 ,,2,0,12800,409600,,,,,,,0,0,0,0,0,0,0,0,0,0,0,0,1,0,0,0,1,0,0,0,0,0,0,0,0,0,0,0,0,0,0,0,0,0
2110,00000013 2fab34d0,"     IADD3 R16, P0, R16, 0x100, RZ ",,9,5,12800,409600,,,,,,,0,0,0,0,0,0,1,0,0,0,5,1,0,0,0,0,2,0,0,0,0,0,0,1,0,0,0,3,0,0,0,0,0,1
2111,00000013 2fab34e0,"     IADD3 R20, R20, 0x80, RZ ",,0,0,12800,409600,,,,,,,,,,,,,,,,,,,,,,,,,,,,,,,,,,,,,,,,
2112,00000013 2fab34f0,"     IADD3 R59, P2, R59, 0x80, RZ ",,0,0,12800,409600,,,,,,,,,,,,,,,,,,,,,,,,,,,,,,,,,,,,,,,,
2113,00000013 2fab3500,"     IMAD.X R17, RZ, RZ, R17, P0 ",,1,1,12800,409600,,,,,,,0,0,0,0,0,0,0,0,0,0,1,0,0,0,0,0,0,0,0,0,0,0,0,0,0,0,0,1,0,0,0,0,0,0
2114,00000013 2fab3510,"     ISETP.GE.AND P0, PT, R20, R13, PT ",,0,0,12800,409600,,,,,,,,,,,,,,,,,,,,,,,,,,,,,,,,,,,,,,,,
2115,00000013 2fab3520,"     IADD3 R21, R21, 0x80, RZ ",,1,0,12800,409600,,,,,,,0,0,0,0,0,0,0,0,0,0,0,0,0,0,0,0,1,0,0,0,0,0,0,0,0,0,0,0,0,0,0,0,0,0
2116,00000013 2fab3530,"     IMAD.X R61, RZ, RZ, R61, P2 ",,0,0,12800,409600,,,,,,,,,,,,,,,,,,,,,,,,,,,,,,,,,,,,,,,,
2117,00000013 2fab3540,"     IADD3 R19, R19, 0x200, RZ ",,1,0,12800,409600,,,,,,,0,0,0,0,0,0,0,0,0,0,0,0,1,0,0,0,0,0,0,0,0,0,0,0,0,0,0,0,0,0,0,0,0,0
2118,00000013 2fab3550,@!P0 BRA 0x132fab2f30 ,,1,1,12800,0,,,,,,,0,0,0,0,0,0,0,0,0,0,0,0,0,0,0,0,1,0,0,0,0,0,0,0,0,0,0,0,0,0,0,0,0,1
2119,00000013 2fab3560,     BSYNC B2 ,,3,1,12800,409600,,,,,,,0,0,0,0,0,0,0,0,0,0,0,0,0,0,0,0,3,0,0,0,0,0,0,0,0,0,0,0,0,0,0,0,0,1
2120,00000013 2fab3570,"     ISETP.GE.AND P0, PT, R20, R27, PT ",,8,5,12800,409600,,,,,,,0,0,0,0,0,0,0,0,0,0,6,0,0,0,0,0,2,0,0,0,0,0,0,0,0,0,0,5,0,0,0,0,0,0
2121,00000013 2fab3580,@P0  BREAK B3 ,,8,3,12800,409600,,,,,,,0,0,0,0,0,0,0,0,0,0,2,0,0,0,0,0,6,0,0,0,0,0,0,0,0,0,0,1,0,0,0,0,0,2
2122,00000013 2fab3590,@P0  BRA 0x132fab3890 ,,4,1,12800,409600,,,,,,,0,0,0,0,0,0,0,0,0,1,2,0,1,0,0,0,0,0,0,0,0,0,0,0,0,0,0,1,0,0,0,0,0,0
2123,00000013 2fab35a0,     BSYNC B3 ,,13,6,12800,409600,,,,,,,0,1,0,0,0,0,0,0,0,0,9,0,0,0,0,0,3,0,0,0,0,0,0,0,0,0,0,5,0,0,0,0,0,1
2124,00000013 2fab35b0,"     IMAD R16, R44, 0x2, R15 ",,3,1,12800,409600,,,,,,,0,0,0,0,0,0,0,0,0,0,3,0,0,0,0,0,0,0,0,0,0,0,0,0,0,0,0,1,0,0,0,0,0,0
2125,00000013 2fab35c0,"     IMAD.IADD R21, R20, 0x1, R53 ",,1,0,12800,409600,,,,,,,0,0,0,0,0,0,0,0,0,0,0,0,0,0,0,0,1,0,0,0,0,0,0,0,0,0,0,0,0,0,0,0,0,0
2126,00000013 2fab35d0,"     IMAD R56, R16, c[0x0][0x18c], RZ ",,1,0,12800,409600,,,,,,,0,0,0,0,0,0,0,0,0,0,0,0,0,0,0,0,1,0,0,0,0,0,0,0,0,0,0,0,0,0,0,0,0,0
2127,00000013 2fab35e0,"     IMAD R17, R44, 0x2, R11 ",,1,0,12800,409600,,,,,,,0,0,0,0,0,0,0,0,0,0,0,1,0,0,0,0,0,0,0,0,0,0,0,0,0,0,0,0,0,0,0,0,0,0
2128,00000013 2fab35f0,"     SHF.R.S32.HI R19, RZ, 0x1f, R21 ",,0,0,12800,409600,,,,,,,,,,,,,,,,,,,,,,,,,,,,,,,,,,,,,,,,
2129,00000013 2fab3600,"     IMAD.SHL.U32 R16, R20, 0x4, RZ ",,0,0,12800,409600,,,,,,,,,,,,,,,,,,,,,,,,,,,,,,,,,,,,,,,,
2130,00000013 2fab3610,"     IADD3 R61, P0, R56, R21, RZ ",,0,0,12800,409600,,,,,,,,,,,,,,,,,,,,,,,,,,,,,,,,,,,,,,,,
2131,00000013 2fab3620,"     IMAD R17, R52, R17, R16 ",,3,0,12800,409600,,,,,,,0,0,0,0,0,0,0,0,0,0,0,0,0,0,0,0,3,0,0,0,0,0,0,0,0,0,0,0,0,0,0,0,0,0
2132,00000013 2fab3630,"     LEA.HI.X.SX32 R16, R56, R19, 0x1, P0 ",,0,0,12800,409600,,,,,,,,,,,,,,,,,,,,,,,,,,,,,,,,,,,,,,,,
2133,00000013 2fab3640,"     IADD3 R57, P2, R61, R24, RZ ",,0,0,12800,409600,,,,,,,,,,,,,,,,,,,,,,,,,,,,,,,,,,,,,,,,
2134,00000013 2fab3650,"     IMAD.IADD R19, R50, 0x1, R17 ",,0,0,12800,409600,,,,,,,,,,,,,,,,,,,,,,,,,,,,,,,,,,,,,,,,
2135,00000013 2fab3660,"     LEA R56, P0, R61, R22, 0x1 ",,0,0,12800,409600,,,,,,,,,,,,,,,,,,,,,,,,,,,,,,,,,,,,,,,,
2136,00000013 2fab3670,"     IMAD.X R59, R16, 0x1, R49, P2 ",,3,1,12800,409600,,,,,,,0,1,0,0,0,0,1,0,0,0,0,0,0,0,0,0,1,0,0,0,0,0,0,0,0,0,0,0,0,0,0,0,0,1
2137,00000013 2fab3680,"     LEA.HI.X R61, R61, R23, R16, 0x1, P0 ",,0,0,12800,409600,,,,,,,,,,,,,,,,,,,,,,,,,,,,,,,,,,,,,,,,
2138,00000013 2fab3690,"@!PT SHFL.IDX PT, RZ, RZ, RZ, RZ ",,2,1,12800,0,,,,,,,0,0,0,0,0,0,0,0,0,0,0,0,1,0,0,0,1,0,0,0,0,0,0,0,0,0,0,0,0,0,0,0,0,1
2139,00000013 2fab36a0,"     ISETP.GE.AND P0, PT, R21, c[0x0][0x18c], PT ",,0,0,12800,409600,,,,,,,,,,,,,,,,,,,,,,,,,,,,,,,,,,,,,,,,
2140,00000013 2fab36b0,"     BMOV.32.CLEAR RZ, B2 ",,0,0,12800,409600,,,,,,,,,,,,,,,,,,,,,,,,,,,,,,,,,,,,,,,,
2141,00000013 2fab36c0,"     IADD3 R20, R20, 0x20, RZ ",,0,0,12800,409600,,,,,,,,,,,,,,,,,,,,,,,,,,,,,,,,,,,,,,,,
2142,00000013 2fab36d0,"     BSSY B2, 0x132fab3820 ",,0,0,12800,409600,,,,,,,,,,,,,,,,,,,,,,,,,,,,,,,,,,,,,,,,
2143,00000013 2fab36e0,"     ISETP.GE.AND P3, PT, R20, R27, PT ",,1,0,12800,409600,,,,,,,0,0,0,0,0,0,0,0,0,0,0,0,0,0,0,0,1,0,0,0,0,0,0,0,0,0,0,0,0,0,0,0,0,0
2144,00000013 2fab36f0,@P0  BRA 0x132fab3810 ,,4,2,12800,0,,,,,,,0,0,0,0,0,0,0,0,0,0,0,1,0,0,0,0,3,0,0,0,0,0,0,0,0,0,0,0,0,0,0,0,0,2
2145,00000013 2fab3700,"     LDS.U R17, [R19] ",,2,1,12800,409600,Shared,Load,32,,12800,,0,0,0,0,0,0,0,0,0,0,0,0,0,0,0,0,2,0,0,0,0,0,0,0,0,0,0,0,0,0,0,0,0,1
2146,00000013 2fab3710,"     FSETP.GEU.FTZ.AND P4, PT, |R14|, +INF , PT ",,1,0,12800,409600,,,,,,,0,0,0,0,0,0,0,0,0,0,0,0,1,0,0,0,0,0,0,0,0,0,0,0,0,0,0,0,0,0,0,0,0,0
2147,00000013 2fab3720,"     IMAD.MOV.U32 R16, RZ, RZ, RZ ",,0,0,12800,409600,,,,,,,,,,,,,,,,,,,,,,,,,,,,,,,,,,,,,,,,
2148,00000013 2fab3730,"     FADD.FTZ R17, -R18, R17 ",,5,3,12800,409600,,,,,,,0,0,0,0,0,0,0,0,0,0,0,0,0,5,0,0,0,0,0,0,0,0,0,0,0,0,0,0,0,0,3,0,0,0
2149,00000013 2fab3740,"     FSETP.GT.FTZ.AND P2, PT, R17, -12, PT ",,1,0,12800,409600,,,,,,,0,0,0,0,0,0,0,0,0,0,0,1,0,0,0,0,0,0,0,0,0,0,0,0,0,0,0,0,0,0,0,0,0,0
2150,00000013 2fab3750,"     FSETP.GEU.FTZ.AND P0, PT, R17, 20, PT ",,0,0,12800,409600,,,,,,,,,,,,,,,,,,,,,,,,,,,,,,,,,,,,,,,,
2151,00000013 2fab3760,"     PLOP3.LUT P2, PT, P4, P2, P0, 0xfb, 0x0 ",,2,0,12800,409600,,,,,,,0,0,0,0,0,0,0,0,0,0,0,1,1,0,0,0,0,0,0,0,0,0,0,0,0,0,0,0,0,0,0,0,0,0
2152,00000013 2fab3770,"     ISETP.GE.U32.AND P0, PT, R57, R2, PT ",,1,0,12800,409600,,,,,,,0,0,0,0,0,0,0,0,0,0,0,0,0,0,0,0,1,0,0,0,0,0,0,0,0,0,0,0,0,0,0,0,0,0
2153,00000013 2fab3780,"     ISETP.GE.U32.AND.EX P0, PT, R59, R0, PT, P0 ",,2,0,12800,409600,,,,,,,0,0,0,0,0,0,1,0,0,0,0,0,0,0,0,0,1,0,0,0,0,0,0,0,0,0,0,0,0,0,0,0,0,0
2154,00000013 2fab3790,"@!P2 FMUL.FTZ R17, R17, 1.4426950216293334961 ",,3,2,12800,409600,,,,,,,0,0,0,0,0,0,0,0,0,0,0,0,0,0,0,0,3,0,0,0,0,0,0,0,0,0,0,0,0,0,0,0,0,2
2155,00000013 2fab37a0,"@!P2 MUFU.EX2 R17, R17 ",,3,3,12800,409600,,,,,,,0,0,0,0,0,0,0,0,0,0,0,0,0,0,0,0,3,0,0,0,0,0,0,0,0,0,0,0,0,0,0,0,0,3
2156,00000013 2fab37b0,"@!P2 FFMA.FTZ.SAT R16, R17, R14, RZ ",,1,0,12800,409600,,,,,,,0,0,0,0,0,0,0,0,0,0,0,0,1,0,0,0,0,0,0,0,0,0,0,0,0,0,0,0,0,0,0,0,0,0
2157,00000013 2fab37c0,"@!P0 IMAD.MOV.U32 R17, RZ, RZ, R61 ",,1,0,12800,409600,,,,,,,0,0,0,0,0,0,0,0,0,0,0,0,1,0,0,0,0,0,0,0,0,0,0,0,0,0,0,0,0,0,0,0,0,0
2158,00000013 2fab37d0,"@!P0 F2F.F16.F32 R55, R16 ",,1,0,12800,409600,,,,,,,0,0,0,0,0,0,0,0,0,0,0,0,1,0,0,0,0,0,0,0,0,0,0,0,0,0,0,0,0,0,0,0,0,0
2159,00000013 2fab37e0,"     STS [R19], R16 ",,0,0,12800,409600,Shared,Store,32,,12800,,,,,,,,,,,,,,,,,,,,,,,,,,,,,,,,,,,
2160,00000013 2fab37f0,"@!P0 IMAD.MOV.U32 R16, RZ, RZ, R56 ",,5,0,12800,409600,,,,,,,0,0,0,0,0,0,0,0,0,0,0,1,1,2,0,0,1,0,0,0,0,0,0,0,0,0,0,0,0,0,0,0,0,0
2161,00000013 2fab3800,"@!P0 STG.E.U16.SYS [R16], R55 ",,3,2,12800,409600,Global,Store,16,12800,,25600,0,0,0,0,0,0,0,0,0,0,0,0,0,0,0,0,3,0,0,0,0,0,0,0,0,0,0,0,0,0,0,0,0,2
2162,00000013 2fab3810,     BSYNC B2 ,,0,0,12800,409600,,,,,,,,,,,,,,,,,,,,,,,,,,,,,,,,,,,,,,,,
2163,00000013 2fab3820,"     IADD3 R56, P0, R56, 0x40, RZ ",,6,2,12800,409600,,,,,,,0,0,0,0,0,0,1,0,0,0,3,0,1,0,0,0,1,0,0,0,0,0,0,0,0,0,0,1,0,0,0,0,0,1
2164,00000013 2fab3830,"     IADD3 R57, P2, R57, 0x20, RZ ",,1,0,12800,409600,,,,,,,0,0,0,0,0,0,1,0,0,0,0,0,0,0,0,0,0,0,0,0,0,0,0,0,0,0,0,0,0,0,0,0,0,0
2165,00000013 2fab3840,"     IADD3 R21, R21, 0x20, RZ ",,0,0,12800,409600,,,,,,,,,,,,,,,,,,,,,,,,,,,,,,,,,,,,,,,,
2166,00000013 2fab3850,"     IMAD.X R61, RZ, RZ, R61, P0 ",,1,0,12800,409600,,,,,,,0,0,0,0,0,0,0,0,0,0,0,0,1,0,0,0,0,0,0,0,0,0,0,0,0,0,0,0,0,0,0,0,0,0
2167,00000013 2fab3860,"     IADD3 R19, R19, 0x80, RZ ",,0,0,12800,409600,,,,,,,,,,,,,,,,,,,,,,,,,,,,,,,,,,,,,,,,
2168,00000013 2fab3870,"     IMAD.X R59, RZ, RZ, R59, P2 ",,0,0,12800,409600,,,,,,,,,,,,,,,,,,,,,,,,,,,,,,,,,,,,,,,,
2169,00000013 2fab3880,@!P3 BRA 0x132fab3690 ,,0,0,12800,0,,,,,,,,,,,,,,,,,,,,,,,,,,,,,,,,,,,,,,,,
2170,00000013 2fab3890,     BSYNC B4 ,,68,47,25600,819200,,,,,,,0,0,0,0,0,0,0,0,0,0,66,0,1,0,0,0,1,0,0,0,0,0,0,0,0,0,0,47,0,0,0,0,0,0
2171,00000013 2fab38a0,     BRA 0x132fab3fd0 ,,11,7,25600,819200,,,,,,,0,0,0,0,0,0,0,0,0,0,9,0,0,0,0,0,2,0,0,0,0,0,0,0,0,0,0,6,0,0,0,0,0,1
2172,00000013 2fab38b0,"     ISETP.GT.AND P0, PT, R13, R54, PT ",,1,1,0,0,,,,,,,0,0,0,0,0,0,0,0,0,0,0,0,0,0,0,0,1,0,0,0,0,0,0,0,0,0,0,0,0,0,0,0,0,1
2173,00000013 2fab38c0,"     BMOV.32.CLEAR RZ, B3 ",,0,0,0,0,,,,,,,,,,,,,,,,,,,,,,,,,,,,,,,,,,,,,,,,
2174,00000013 2fab38d0,"     BSSY B3, 0x132fab3e20 ",,0,0,0,0,,,,,,,,,,,,,,,,,,,,,,,,,,,,,,,,,,,,,,,,
2175,00000013 2fab38e0,"     IMAD.MOV.U32 R16, RZ, RZ, R54 ",,0,0,0,0,,,,,,,,,,,,,,,,,,,,,,,,,,,,,,,,,,,,,,,,
2176,00000013 2fab38f0,@!P0 BRA 0x132fab3e10 ,,0,0,0,0,,,,,,,,,,,,,,,,,,,,,,,,,,,,,,,,,,,,,,,,
2177,00000013 2fab3900,"     BMOV.32.CLEAR RZ, B2 ",,0,0,0,0,,,,,,,,,,,,,,,,,,,,,,,,,,,,,,,,,,,,,,,,
2178,00000013 2fab3910,"     BSSY B2, 0x132fab3de0 ",,0,0,0,0,,,,,,,,,,,,,,,,,,,,,,,,,,,,,,,,,,,,,,,,
2179,00000013 2fab3920,"     IMAD.MOV.U32 R17, RZ, RZ, R7 ",,0,0,0,0,,,,,,,,,,,,,,,,,,,,,,,,,,,,,,,,,,,,,,,,
2180,00000013 2fab3930,"     IMAD.MOV.U32 R16, RZ, RZ, R54 ",,0,0,0,0,,,,,,,,,,,,,,,,,,,,,,,,,,,,,,,,,,,,,,,,
2181,00000013 2fab3940,"@!PT SHFL.IDX PT, RZ, RZ, RZ, RZ ",,0,0,0,0,,,,,,,,,,,,,,,,,,,,,,,,,,,,,,,,,,,,,,,,
2182,00000013 2fab3950,"     ISETP.GE.AND P0, PT, R17, c[0x0][0x18c], PT ",,0,0,0,0,,,,,,,,,,,,,,,,,,,,,,,,,,,,,,,,,,,,,,,,
2183,00000013 2fab3960,"     BMOV.32.CLEAR RZ, B4 ",,0,0,0,0,,,,,,,,,,,,,,,,,,,,,,,,,,,,,,,,,,,,,,,,
2184,00000013 2fab3970,"     IADD3 R20, R17, 0x20, RZ ",,0,0,0,0,,,,,,,,,,,,,,,,,,,,,,,,,,,,,,,,,,,,,,,,
2185,00000013 2fab3980,"     BSSY B4, 0x132fab3ab0 ",,0,0,0,0,,,,,,,,,,,,,,,,,,,,,,,,,,,,,,,,,,,,,,,,
2186,00000013 2fab3990,"     IADD3 R21, R17, 0x40, RZ ",,0,0,0,0,,,,,,,,,,,,,,,,,,,,,,,,,,,,,,,,,,,,,,,,
2187,00000013 2fab39a0,"     IADD3 R55, R17, 0x60, RZ ",,0,0,0,0,,,,,,,,,,,,,,,,,,,,,,,,,,,,,,,,,,,,,,,,
2188,00000013 2fab39b0,"     ISETP.GE.AND P5, PT, R20, c[0x0][0x18c], PT ",,0,0,0,0,,,,,,,,,,,,,,,,,,,,,,,,,,,,,,,,,,,,,,,,
2189,00000013 2fab39c0,"     ISETP.GE.AND P4, PT, R21, c[0x0][0x18c], PT ",,0,0,0,0,,,,,,,,,,,,,,,,,,,,,,,,,,,,,,,,,,,,,,,,
2190,00000013 2fab39d0,"     ISETP.GE.AND P3, PT, R55, c[0x0][0x18c], PT ",,0,0,0,0,,,,,,,,,,,,,,,,,,,,,,,,,,,,,,,,,,,,,,,,
2191,00000013 2fab39e0,@P0  BRA 0x132fab3aa0 ,,0,0,0,0,,,,,,,,,,,,,,,,,,,,,,,,,,,,,,,,,,,,,,,,
2192,00000013 2fab39f0,"     LDS.U R21, [R19] ",,0,0,0,0,,,,,0,,,,,,,,,,,,,,,,,,,,,,,,,,,,,,,,,,,
2193,00000013 2fab3a00,"     FSETP.GEU.FTZ.AND P6, PT, |R14|, +INF , PT ",,0,0,0,0,,,,,,,,,,,,,,,,,,,,,,,,,,,,,,,,,,,,,,,,
2194,00000013 2fab3a10,"     IMAD.MOV.U32 R20, RZ, RZ, RZ ",,0,0,0,0,,,,,,,,,,,,,,,,,,,,,,,,,,,,,,,,,,,,,,,,
2195,00000013 2fab3a20,"     FADD.FTZ R21, -R18, R21 ",,0,0,0,0,,,,,,,,,,,,,,,,,,,,,,,,,,,,,,,,,,,,,,,,
2196,00000013 2fab3a30,"     FSETP.GT.FTZ.AND P2, PT, R21, -12, PT ",,0,0,0,0,,,,,,,,,,,,,,,,,,,,,,,,,,,,,,,,,,,,,,,,
2197,00000013 2fab3a40,"     FSETP.GEU.FTZ.AND P0, PT, R21, 20, PT ",,0,0,0,0,,,,,,,,,,,,,,,,,,,,,,,,,,,,,,,,,,,,,,,,
2198,00000013 2fab3a50,"     PLOP3.LUT P0, PT, P6, P2, P0, 0xfb, 0x0 ",,0,0,0,0,,,,,,,,,,,,,,,,,,,,,,,,,,,,,,,,,,,,,,,,
2199,00000013 2fab3a60,"@!P0 FMUL.FTZ R21, R21, 1.4426950216293334961 ",,0,0,0,0,,,,,,,,,,,,,,,,,,,,,,,,,,,,,,,,,,,,,,,,
2200,00000013 2fab3a70,"@!P0 MUFU.EX2 R21, R21 ",,0,0,0,0,,,,,,,,,,,,,,,,,,,,,,,,,,,,,,,,,,,,,,,,
2201,00000013 2fab3a80,"@!P0 FFMA.FTZ.SAT R20, R21, R14, RZ ",,0,0,0,0,,,,,,,,,,,,,,,,,,,,,,,,,,,,,,,,,,,,,,,,
2202,00000013 2fab3a90,"     STS [R19], R20 ",,0,0,0,0,,,,,0,,,,,,,,,,,,,,,,,,,,,,,,,,,,,,,,,,,
2203,00000013 2fab3aa0,     BSYNC B4 ,,0,0,0,0,,,,,,,,,,,,,,,,,,,,,,,,,,,,,,,,,,,,,,,,
2204,00000013 2fab3ab0,"     BMOV.32.CLEAR RZ, B4 ",,0,0,0,0,,,,,,,,,,,,,,,,,,,,,,,,,,,,,,,,,,,,,,,,
2205,00000013 2fab3ac0,"     BSSY B4, 0x132fab3ba0 ",,0,0,0,0,,,,,,,,,,,,,,,,,,,,,,,,,,,,,,,,,,,,,,,,
2206,00000013 2fab3ad0,@P5  BRA 0x132fab3b90 ,,0,0,0,0,,,,,,,,,,,,,,,,,,,,,,,,,,,,,,,,,,,,,,,,
2207,00000013 2fab3ae0,"     LDS.U R21, [R19+0x80] ",,0,0,0,0,,,,,0,,,,,,,,,,,,,,,,,,,,,,,,,,,,,,,,,,,
2208,00000013 2fab3af0,"     FSETP.GEU.FTZ.AND P5, PT, |R14|, +INF , PT ",,0,0,0,0,,,,,,,,,,,,,,,,,,,,,,,,,,,,,,,,,,,,,,,,
2209,00000013 2fab3b00,"     IMAD.MOV.U32 R20, RZ, RZ, RZ ",,0,0,0,0,,,,,,,,,,,,,,,,,,,,,,,,,,,,,,,,,,,,,,,,
2210,00000013 2fab3b10,"     FADD.FTZ R21, -R18, R21 ",,0,0,0,0,,,,,,,,,,,,,,,,,,,,,,,,,,,,,,,,,,,,,,,,
2211,00000013 2fab3b20,"     FSETP.GT.FTZ.AND P2, PT, R21, -12, PT ",,0,0,0,0,,,,,,,,,,,,,,,,,,,,,,,,,,,,,,,,,,,,,,,,
2212,00000013 2fab3b30,"     FSETP.GEU.FTZ.AND P0, PT, R21, 20, PT ",,0,0,0,0,,,,,,,,,,,,,,,,,,,,,,,,,,,,,,,,,,,,,,,,
2213,00000013 2fab3b40,"     PLOP3.LUT P0, PT, P5, P2, P0, 0xfb, 0x0 ",,0,0,0,0,,,,,,,,,,,,,,,,,,,,,,,,,,,,,,,,,,,,,,,,
2214,00000013 2fab3b50,"@!P0 FMUL.FTZ R21, R21, 1.4426950216293334961 ",,0,0,0,0,,,,,,,,,,,,,,,,,,,,,,,,,,,,,,,,,,,,,,,,
2215,00000013 2fab3b60,"@!P0 MUFU.EX2 R21, R21 ",,0,0,0,0,,,,,,,,,,,,,,,,,,,,,,,,,,,,,,,,,,,,,,,,
2216,00000013 2fab3b70,"@!P0 FFMA.FTZ.SAT R20, R21, R14, RZ ",,0,0,0,0,,,,,,,,,,,,,,,,,,,,,,,,,,,,,,,,,,,,,,,,
2217,00000013 2fab3b80,"     STS [R19+0x80], R20 ",,0,0,0,0,,,,,0,,,,,,,,,,,,,,,,,,,,,,,,,,,,,,,,,,,
2218,00000013 2fab3b90,     BSYNC B4 ,,0,0,0,0,,,,,,,,,,,,,,,,,,,,,,,,,,,,,,,,,,,,,,,,
2219,00000013 2fab3ba0,"     BMOV.32.CLEAR RZ, B4 ",,0,0,0,0,,,,,,,,,,,,,,,,,,,,,,,,,,,,,,,,,,,,,,,,
2220,00000013 2fab3bb0,"     BSSY B4, 0x132fab3c90 ",,0,0,0,0,,,,,,,,,,,,,,,,,,,,,,,,,,,,,,,,,,,,,,,,
2221,00000013 2fab3bc0,@P4  BRA 0x132fab3c80 ,,0,0,0,0,,,,,,,,,,,,,,,,,,,,,,,,,,,,,,,,,,,,,,,,
2222,00000013 2fab3bd0,"     LDS.U R21, [R19+0x100] ",,0,0,0,0,,,,,0,,,,,,,,,,,,,,,,,,,,,,,,,,,,,,,,,,,
2223,00000013 2fab3be0,"     FSETP.GEU.FTZ.AND P4, PT, |R14|, +INF , PT ",,0,0,0,0,,,,,,,,,,,,,,,,,,,,,,,,,,,,,,,,,,,,,,,,
2224,00000013 2fab3bf0,"     IMAD.MOV.U32 R20, RZ, RZ, RZ ",,0,0,0,0,,,,,,,,,,,,,,,,,,,,,,,,,,,,,,,,,,,,,,,,
2225,00000013 2fab3c00,"     FADD.FTZ R21, -R18, R21 ",,0,0,0,0,,,,,,,,,,,,,,,,,,,,,,,,,,,,,,,,,,,,,,,,
2226,00000013 2fab3c10,"     FSETP.GT.FTZ.AND P2, PT, R21, -12, PT ",,0,0,0,0,,,,,,,,,,,,,,,,,,,,,,,,,,,,,,,,,,,,,,,,
2227,00000013 2fab3c20,"     FSETP.GEU.FTZ.AND P0, PT, R21, 20, PT ",,0,0,0,0,,,,,,,,,,,,,,,,,,,,,,,,,,,,,,,,,,,,,,,,
2228,00000013 2fab3c30,"     PLOP3.LUT P0, PT, P4, P2, P0, 0xfb, 0x0 ",,0,0,0,0,,,,,,,,,,,,,,,,,,,,,,,,,,,,,,,,,,,,,,,,
2229,00000013 2fab3c40,"@!P0 FMUL.FTZ R21, R21, 1.4426950216293334961 ",,0,0,0,0,,,,,,,,,,,,,,,,,,,,,,,,,,,,,,,,,,,,,,,,
2230,00000013 2fab3c50,"@!P0 MUFU.EX2 R21, R21 ",,0,0,0,0,,,,,,,,,,,,,,,,,,,,,,,,,,,,,,,,,,,,,,,,
2231,00000013 2fab3c60,"@!P0 FFMA.FTZ.SAT R20, R21, R14, RZ ",,0,0,0,0,,,,,,,,,,,,,,,,,,,,,,,,,,,,,,,,,,,,,,,,
2232,00000013 2fab3c70,"     STS [R19+0x100], R20 ",,0,0,0,0,,,,,0,,,,,,,,,,,,,,,,,,,,,,,,,,,,,,,,,,,
2233,00000013 2fab3c80,     BSYNC B4 ,,0,0,0,0,,,,,,,,,,,,,,,,,,,,,,,,,,,,,,,,,,,,,,,,
2234,00000013 2fab3c90,"     BMOV.32.CLEAR RZ, B4 ",,0,0,0,0,,,,,,,,,,,,,,,,,,,,,,,,,,,,,,,,,,,,,,,,
2235,00000013 2fab3ca0,"     BSSY B4, 0x132fab3d80 ",,0,0,0,0,,,,,,,,,,,,,,,,,,,,,,,,,,,,,,,,,,,,,,,,
2236,00000013 2fab3cb0,@P3  BRA 0x132fab3d70 ,,0,0,0,0,,,,,,,,,,,,,,,,,,,,,,,,,,,,,,,,,,,,,,,,
2237,00000013 2fab3cc0,"     LDS.U R21, [R19+0x180] ",,0,0,0,0,,,,,0,,,,,,,,,,,,,,,,,,,,,,,,,,,,,,,,,,,
2238,00000013 2fab3cd0,"     FSETP.GEU.FTZ.AND P3, PT, |R14|, +INF , PT ",,0,0,0,0,,,,,,,,,,,,,,,,,,,,,,,,,,,,,,,,,,,,,,,,
2239,00000013 2fab3ce0,"     IMAD.MOV.U32 R20, RZ, RZ, RZ ",,0,0,0,0,,,,,,,,,,,,,,,,,,,,,,,,,,,,,,,,,,,,,,,,
2240,00000013 2fab3cf0,"     FADD.FTZ R21, -R18, R21 ",,0,0,0,0,,,,,,,,,,,,,,,,,,,,,,,,,,,,,,,,,,,,,,,,
2241,00000013 2fab3d00,"     FSETP.GT.FTZ.AND P2, PT, R21, -12, PT ",,0,0,0,0,,,,,,,,,,,,,,,,,,,,,,,,,,,,,,,,,,,,,,,,
2242,00000013 2fab3d10,"     FSETP.GEU.FTZ.AND P0, PT, R21, 20, PT ",,0,0,0,0,,,,,,,,,,,,,,,,,,,,,,,,,,,,,,,,,,,,,,,,
2243,00000013 2fab3d20,"     PLOP3.LUT P0, PT, P3, P2, P0, 0xfb, 0x0 ",,0,0,0,0,,,,,,,,,,,,,,,,,,,,,,,,,,,,,,,,,,,,,,,,
2244,00000013 2fab3d30,"@!P0 FMUL.FTZ R21, R21, 1.4426950216293334961 ",,0,0,0,0,,,,,,,,,,,,,,,,,,,,,,,,,,,,,,,,,,,,,,,,
2245,00000013 2fab3d40,"@!P0 MUFU.EX2 R21, R21 ",,0,0,0,0,,,,,,,,,,,,,,,,,,,,,,,,,,,,,,,,,,,,,,,,
2246,00000013 2fab3d50,"@!P0 FFMA.FTZ.SAT R20, R21, R14, RZ ",,0,0,0,0,,,,,,,,,,,,,,,,,,,,,,,,,,,,,,,,,,,,,,,,
2247,00000013 2fab3d60,"     STS [R19+0x180], R20 ",,0,0,0,0,,,,,0,,,,,,,,,,,,,,,,,,,,,,,,,,,,,,,,,,,
2248,00000013 2fab3d70,     BSYNC B4 ,,0,0,0,0,,,,,,,,,,,,,,,,,,,,,,,,,,,,,,,,,,,,,,,,
2249,00000013 2fab3d80,"     IADD3 R16, R16, 0x80, RZ ",,0,0,0,0,,,,,,,,,,,,,,,,,,,,,,,,,,,,,,,,,,,,,,,,
2250,00000013 2fab3d90,"     IADD3 R17, R17, 0x80, RZ ",,0,0,0,0,,,,,,,,,,,,,,,,,,,,,,,,,,,,,,,,,,,,,,,,
2251,00000013 2fab3da0,"     ISETP.GE.AND P0, PT, R16, R13, PT ",,0,0,0,0,,,,,,,,,,,,,,,,,,,,,,,,,,,,,,,,,,,,,,,,
2252,00000013 2fab3db0,"     IADD3 R19, R19, 0x200, RZ ",,0,0,0,0,,,,,,,,,,,,,,,,,,,,,,,,,,,,,,,,,,,,,,,,
2253,00000013 2fab3dc0,@!P0 BRA 0x132fab3940 ,,0,0,0,0,,,,,,,,,,,,,,,,,,,,,,,,,,,,,,,,,,,,,,,,
2254,00000013 2fab3dd0,     BSYNC B2 ,,0,0,0,0,,,,,,,,,,,,,,,,,,,,,,,,,,,,,,,,,,,,,,,,
2255,00000013 2fab3de0,"     ISETP.GE.AND P0, PT, R16, R27, PT ",,0,0,0,0,,,,,,,,,,,,,,,,,,,,,,,,,,,,,,,,,,,,,,,,
2256,00000013 2fab3df0,@P0  BREAK B3 ,,0,0,0,0,,,,,,,,,,,,,,,,,,,,,,,,,,,,,,,,,,,,,,,,
2257,00000013 2fab3e00,@P0  BRA 0x132fab3fd0 ,,0,0,0,0,,,,,,,,,,,,,,,,,,,,,,,,,,,,,,,,,,,,,,,,
2258,00000013 2fab3e10,     BSYNC B3 ,,0,0,0,0,,,,,,,,,,,,,,,,,,,,,,,,,,,,,,,,,,,,,,,,
2259,00000013 2fab3e20,"     IMAD R19, R44, 0x2, R11 ",,0,0,0,0,,,,,,,,,,,,,,,,,,,,,,,,,,,,,,,,,,,,,,,,
2260,00000013 2fab3e30,"     IMAD.SHL.U32 R17, R16, 0x4, RZ ",,0,0,0,0,,,,,,,,,,,,,,,,,,,,,,,,,,,,,,,,,,,,,,,,
2261,00000013 2fab3e40,"     IMAD.IADD R21, R16, 0x1, R53 ",,0,0,0,0,,,,,,,,,,,,,,,,,,,,,,,,,,,,,,,,,,,,,,,,
2262,00000013 2fab3e50,"     IMAD R17, R52, R19, R17 ",,0,0,0,0,,,,,,,,,,,,,,,,,,,,,,,,,,,,,,,,,,,,,,,,
2263,00000013 2fab3e60,"     IMAD.IADD R17, R50, 0x1, R17 ",,0,0,0,0,,,,,,,,,,,,,,,,,,,,,,,,,,,,,,,,,,,,,,,,
2264,00000013 2fab3e70,"@!PT SHFL.IDX PT, RZ, RZ, RZ, RZ ",,0,0,0,0,,,,,,,,,,,,,,,,,,,,,,,,,,,,,,,,,,,,,,,,
2265,00000013 2fab3e80,"     ISETP.GE.AND P0, PT, R21, c[0x0][0x18c], PT ",,0,0,0,0,,,,,,,,,,,,,,,,,,,,,,,,,,,,,,,,,,,,,,,,
2266,00000013 2fab3e90,"     BMOV.32.CLEAR RZ, B2 ",,0,0,0,0,,,,,,,,,,,,,,,,,,,,,,,,,,,,,,,,,,,,,,,,
2267,00000013 2fab3ea0,"     IADD3 R16, R16, 0x20, RZ ",,0,0,0,0,,,,,,,,,,,,,,,,,,,,,,,,,,,,,,,,,,,,,,,,
2268,00000013 2fab3eb0,"     BSSY B2, 0x132fab3fa0 ",,0,0,0,0,,,,,,,,,,,,,,,,,,,,,,,,,,,,,,,,,,,,,,,,
2269,00000013 2fab3ec0,"     ISETP.GE.AND P4, PT, R16, R27, PT ",,0,0,0,0,,,,,,,,,,,,,,,,,,,,,,,,,,,,,,,,,,,,,,,,
2270,00000013 2fab3ed0,@P0  BRA 0x132fab3f90 ,,0,0,0,0,,,,,,,,,,,,,,,,,,,,,,,,,,,,,,,,,,,,,,,,
2271,00000013 2fab3ee0,"     LDS.U R19, [R17] ",,0,0,0,0,,,,,0,,,,,,,,,,,,,,,,,,,,,,,,,,,,,,,,,,,
2272,00000013 2fab3ef0,"     FSETP.GEU.FTZ.AND P3, PT, |R14|, +INF , PT ",,0,0,0,0,,,,,,,,,,,,,,,,,,,,,,,,,,,,,,,,,,,,,,,,
2273,00000013 2fab3f00,"     IMAD.MOV.U32 R20, RZ, RZ, RZ ",,0,0,0,0,,,,,,,,,,,,,,,,,,,,,,,,,,,,,,,,,,,,,,,,
2274,00000013 2fab3f10,"     FADD.FTZ R19, -R18, R19 ",,0,0,0,0,,,,,,,,,,,,,,,,,,,,,,,,,,,,,,,,,,,,,,,,
2275,00000013 2fab3f20,"     FSETP.GT.FTZ.AND P2, PT, R19, -12, PT ",,0,0,0,0,,,,,,,,,,,,,,,,,,,,,,,,,,,,,,,,,,,,,,,,
2276,00000013 2fab3f30,"     FSETP.GEU.FTZ.AND P0, PT, R19, 20, PT ",,0,0,0,0,,,,,,,,,,,,,,,,,,,,,,,,,,,,,,,,,,,,,,,,
2277,00000013 2fab3f40,"     PLOP3.LUT P0, PT, P3, P2, P0, 0xfb, 0x0 ",,0,0,0,0,,,,,,,,,,,,,,,,,,,,,,,,,,,,,,,,,,,,,,,,
2278,00000013 2fab3f50,"@!P0 FMUL.FTZ R19, R19, 1.4426950216293334961 ",,0,0,0,0,,,,,,,,,,,,,,,,,,,,,,,,,,,,,,,,,,,,,,,,
2279,00000013 2fab3f60,"@!P0 MUFU.EX2 R19, R19 ",,0,0,0,0,,,,,,,,,,,,,,,,,,,,,,,,,,,,,,,,,,,,,,,,
2280,00000013 2fab3f70,"@!P0 FFMA.FTZ.SAT R20, R19, R14, RZ ",,0,0,0,0,,,,,,,,,,,,,,,,,,,,,,,,,,,,,,,,,,,,,,,,
2281,00000013 2fab3f80,"     STS [R17], R20 ",,0,0,0,0,,,,,0,,,,,,,,,,,,,,,,,,,,,,,,,,,,,,,,,,,
2282,00000013 2fab3f90,     BSYNC B2 ,,0,0,0,0,,,,,,,,,,,,,,,,,,,,,,,,,,,,,,,,,,,,,,,,
2283,00000013 2fab3fa0,"     IADD3 R21, R21, 0x20, RZ ",,0,0,0,0,,,,,,,,,,,,,,,,,,,,,,,,,,,,,,,,,,,,,,,,
2284,00000013 2fab3fb0,"     IADD3 R17, R17, 0x80, RZ ",,0,0,0,0,,,,,,,,,,,,,,,,,,,,,,,,,,,,,,,,,,,,,,,,
2285,00000013 2fab3fc0,@!P4 BRA 0x132fab3e70 ,,0,0,0,0,,,,,,,,,,,,,,,,,,,,,,,,,,,,,,,,,,,,,,,,
2286,00000013 2fab3fd0,     BSYNC B1 ,,44,25,25600,819200,,,,,,,0,0,0,0,0,0,0,0,0,0,44,0,0,0,0,0,0,0,0,0,0,0,0,0,0,0,0,25,0,0,0,0,0,0
2287,00000013 2fab3fe0,"     IMAD.IADD R12, R44, 0x1, R12 ",,7,3,25600,819200,,,,,,,0,0,0,0,0,0,0,0,0,0,3,1,0,0,0,0,3,0,0,0,0,0,0,0,0,0,0,2,0,0,0,0,0,1
2288,00000013 2fab3ff0,"     ISETP.GT.AND P0, PT, R12, 0xf, PT ",,5,2,25600,819200,,,,,,,0,0,0,0,0,0,1,0,0,0,0,1,1,0,0,0,2,0,0,0,0,0,0,0,0,0,0,0,0,0,0,0,0,2
2289,00000013 2fab4000,@P0  BRA 0x132fab5320 ,,18,11,25600,0,,,,,,,0,0,0,0,0,0,0,0,0,0,11,1,0,0,0,0,6,0,0,0,0,0,0,0,0,0,0,8,0,0,0,0,0,3
2290,00000013 2fab4010,"     IMAD.IADD R14, R43, 0x1, R12 ",,2,2,25600,819200,,,,,,,0,0,0,0,0,0,0,0,0,0,0,0,0,0,0,0,2,0,0,0,0,0,0,0,0,0,0,0,0,0,0,0,0,2
2291,00000013 2fab4020,"     BMOV.32.CLEAR RZ, B1 ",,1,0,25600,819200,,,,,,,0,0,0,0,0,0,0,0,0,0,0,0,1,0,0,0,0,0,0,0,0,0,0,0,0,0,0,0,0,0,0,0,0,0
2292,00000013 2fab4030,"     BSSY B1, 0x132fab52e0 ",,0,0,25600,819200,,,,,,,,,,,,,,,,,,,,,,,,,,,,,,,,,,,,,,,,
2293,00000013 2fab4040,"     ISETP.GE.AND P0, PT, R14, c[0x0][0x18c], PT ",,5,1,25600,819200,,,,,,,0,1,0,0,0,0,0,0,0,0,0,0,2,0,0,0,2,0,1,0,0,0,0,0,0,0,0,0,0,0,0,0,0,0
2294,00000013 2fab4050,@P0  BRA 0x132fab52d0 ,,6,2,25600,0,,,,,,,0,0,0,0,0,0,0,0,0,0,0,1,0,0,0,0,5,0,0,0,0,0,0,0,0,0,0,0,0,0,0,0,0,2
2295,00000013 2fab4060,"     IMAD.IADD R17, R37, 0x1, R12 ",,4,0,25600,819200,,,,,,,0,0,0,0,0,0,0,0,0,0,0,1,1,0,0,0,2,0,0,0,0,0,0,0,0,0,0,0,0,0,0,0,0,0
2296,00000013 2fab4070,"     IMAD.MOV.U32 R14, RZ, RZ, RZ ",,3,1,25600,819200,,,,,,,0,0,0,0,0,0,0,0,0,0,0,0,1,0,0,0,2,0,0,0,0,0,0,0,0,0,0,0,0,0,0,0,0,1
2297,00000013 2fab4080,"     IMAD R17, R17, 0x4, R36 ",,5,3,25600,819200,,,,,,,0,0,0,0,0,0,0,0,0,0,3,1,0,0,0,0,1,0,0,0,0,0,0,0,0,0,0,2,0,0,0,0,0,1
2298,00000013 2fab4090,"     LDS.U R16, [R17+0x340] ",,4,1,25600,819200,Shared,Load,32,,25600,,0,0,0,0,0,0,0,0,0,0,0,0,0,0,0,0,4,0,0,0,0,0,0,0,0,0,0,0,0,0,0,0,0,1
2299,00000013 2fab40a0,"     FSETP.GT.FTZ.AND P0, PT, R16, 1.00000001335143196e-10, PT ",,14,7,25600,819200,,,,,,,0,1,0,0,0,0,1,0,0,0,0,1,0,11,0,0,0,0,0,0,0,0,0,1,0,0,0,0,0,0,6,0,0,0
2300,00000013 2fab40b0,"@P0  MUFU.RCP R14, R16 ",,6,4,25600,819200,,,,,,,0,0,0,0,0,0,0,0,0,0,0,1,0,0,0,0,5,0,0,0,0,0,0,0,0,0,0,0,0,0,0,0,0,4
2301,00000013 2fab40c0,"     ISETP.GT.AND P0, PT, R27, R54, PT ",,1,0,25600,819200,,,,,,,0,0,0,0,0,0,0,0,0,0,0,0,1,0,0,0,0,0,0,0,0,0,0,0,0,0,0,0,0,0,0,0,0,0
2302,00000013 2fab40d0,@!P0 BRA 0x132fab52d0 ,,7,4,25600,0,,,,,,,0,0,0,0,0,0,0,0,0,0,0,1,1,0,0,0,5,0,0,0,0,0,0,0,0,0,0,0,0,0,0,0,0,4
2303,00000013 2fab40e0,"     LDS.U R18, [R17+0x300] ",,3,0,25600,819200,Shared,Load,32,,25600,,0,0,0,0,0,0,0,0,0,0,0,1,1,0,0,0,1,0,0,0,0,0,0,0,0,0,0,0,0,0,0,0,0,0
2304,00000013 2fab40f0,"     ISETP.NE.U32.AND P0, PT, RZ, c[0x0][0x180], PT ",,0,0,25600,819200,,,,,,,,,,,,,,,,,,,,,,,,,,,,,,,,,,,,,,,,
2305,00000013 2fab4100,"     IMAD.IADD R10, R45, 0x1, R10 ",,6,4,25600,819200,,,,,,,0,0,0,0,0,0,0,0,0,0,4,0,2,0,0,0,0,0,0,0,0,0,0,0,0,0,0,4,0,0,0,0,0,0
2306,00000013 2fab4110,"     ISETP.NE.AND.EX P0, PT, RZ, c[0x0][0x184], PT, P0 ",,6,2,25600,819200,,,,,,,0,0,0,0,0,0,1,0,0,0,0,1,1,0,0,0,3,0,0,0,0,0,0,0,0,0,0,0,0,0,0,0,0,2
2307,00000013 2fab4120,@!P0 BRA 0x132fab4bb0 ,,10,6,25600,0,,,,,,,0,0,0,0,0,0,0,0,0,0,0,1,0,0,0,0,9,0,0,0,0,0,0,0,0,0,0,0,0,0,0,0,0,6
2308,00000013 2fab4130,"     ISETP.GT.AND P0, PT, R13, R54, PT ",,1,0,25600,819200,,,,,,,0,0,0,0,0,0,0,0,0,0,0,0,0,0,0,0,1,0,0,0,0,0,0,0,0,0,0,0,0,0,0,0,0,0
2309,00000013 2fab4140,"     BMOV.32.CLEAR RZ, B4 ",,1,0,25600,819200,,,,,,,0,0,0,0,0,0,0,0,0,0,0,0,1,0,0,0,0,0,0,0,0,0,0,0,0,0,0,0,0,0,0,0,0,0
2310,00000013 2fab4150,"     BSSY B4, 0x132fab4ba0 ",,2,0,25600,819200,,,,,,,0,0,0,0,0,0,0,0,0,0,0,0,2,0,0,0,0,0,0,0,0,0,0,0,0,0,0,0,0,0,0,0,0,0
2311,00000013 2fab4160,"     BMOV.32.CLEAR RZ, B3 ",,1,0,25600,819200,,,,,,,0,0,0,0,0,0,0,0,0,0,0,0,1,0,0,0,0,0,0,0,0,0,0,0,0,0,0,0,0,0,0,0,0,0
2312,00000013 2fab4170,"     BSSY B3, 0x132fab48b0 ",,0,0,25600,819200,,,,,,,,,,,,,,,,,,,,,,,,,,,,,,,,,,,,,,,,
2313,00000013 2fab4180,"     IMAD.MOV.U32 R20, RZ, RZ, R54 ",,1,0,25600,819200,,,,,,,0,0,0,0,0,0,0,0,0,0,1,0,0,0,0,0,0,0,0,0,0,0,0,0,0,0,0,0,0,0,0,0,0,0
2314,00000013 2fab4190,@!P0 BRA 0x132fab48a0 ,,4,2,25600,409600,,,,,,,0,0,0,0,0,0,0,0,0,0,0,0,1,0,0,0,3,0,0,0,0,0,0,0,0,0,0,0,0,0,0,0,0,2
2315,00000013 2fab41a0,"     IMAD R16, R44, 0x3, R15 ",,0,0,12800,409600,,,,,,,,,,,,,,,,,,,,,,,,,,,,,,,,,,,,,,,,
2316,00000013 2fab41b0,"     BMOV.32.CLEAR RZ, B2 ",,0,0,12800,409600,,,,,,,,,,,,,,,,,,,,,,,,,,,,,,,,,,,,,,,,
2317,00000013 2fab41c0,"     BSSY B2, 0x132fab4870 ",,0,0,12800,409600,,,,,,,,,,,,,,,,,,,,,,,,,,,,,,,,,,,,,,,,
2318,00000013 2fab41d0,"     IMAD.MOV.U32 R21, RZ, RZ, R7 ",,1,0,12800,409600,,,,,,,0,0,0,0,0,0,0,0,0,0,0,0,1,0,0,0,0,0,0,0,0,0,0,0,0,0,0,0,0,0,0,0,0,0
2319,00000013 2fab41e0,"     IMAD R19, R16, c[0x0][0x18c], RZ ",,0,0,12800,409600,,,,,,,,,,,,,,,,,,,,,,,,,,,,,,,,,,,,,,,,
2320,00000013 2fab41f0,"     IMAD.MOV.U32 R20, RZ, RZ, R54 ",,0,0,12800,409600,,,,,,,,,,,,,,,,,,,,,,,,,,,,,,,,,,,,,,,,
2321,00000013 2fab4200,"     IMAD.WIDE R16, R19, 0x2, R4 ",,9,8,12800,409600,,,,,,,0,0,0,0,0,0,0,0,0,0,8,0,0,0,0,0,1,0,0,0,0,0,0,0,0,0,0,7,0,0,0,0,0,1
2322,00000013 2fab4210,"     IADD3 R59, P0, R19, R8, RZ ",,2,0,12800,409600,,,,,,,0,0,0,0,0,0,0,0,0,0,0,0,2,0,0,0,0,0,0,0,0,0,0,0,0,0,0,0,0,0,0,0,0,0
2323,00000013 2fab4220,"     LEA.HI.X.SX32 R61, R19, R9, 0x1, P0 ",,3,0,12800,409600,,,,,,,0,1,0,0,0,0,2,0,0,0,0,0,0,0,0,0,0,0,0,0,0,0,0,0,0,0,0,0,0,0,0,0,0,0
2324,00000013 2fab4230,"@!PT SHFL.IDX PT, RZ, RZ, RZ, RZ ",,3,1,12800,0,,,,,,,0,0,0,0,0,0,0,0,0,0,0,0,0,0,0,0,3,0,0,0,0,0,0,0,0,0,0,0,0,0,0,0,0,1
2325,00000013 2fab4240,"     ISETP.GE.AND P0, PT, R21, c[0x0][0x18c], PT ",,1,0,12800,409600,,,,,,,0,0,0,0,0,0,0,0,0,0,0,0,1,0,0,0,0,0,0,0,0,0,0,0,0,0,0,0,0,0,0,0,0,0
2326,00000013 2fab4250,"     BMOV.32.CLEAR RZ, B5 ",,0,0,12800,409600,,,,,,,,,,,,,,,,,,,,,,,,,,,,,,,,,,,,,,,,
2327,00000013 2fab4260,"     IADD3 R19, R21, 0x20, RZ ",,0,0,12800,409600,,,,,,,,,,,,,,,,,,,,,,,,,,,,,,,,,,,,,,,,
2328,00000013 2fab4270,"     BSSY B5, 0x132fab43c0 ",,0,0,12800,409600,,,,,,,,,,,,,,,,,,,,,,,,,,,,,,,,,,,,,,,,
2329,00000013 2fab4280,"     ISETP.GE.AND P5, PT, R19, c[0x0][0x18c], PT ",,11,9,12800,409600,,,,,,,0,0,0,0,0,0,0,0,0,0,9,0,0,0,0,0,2,0,0,0,0,0,0,0,0,0,0,7,0,0,0,0,0,2
2330,00000013 2fab4290,"     IADD3 R19, R21, 0x40, RZ ",,0,0,12800,409600,,,,,,,,,,,,,,,,,,,,,,,,,,,,,,,,,,,,,,,,
2331,00000013 2fab42a0,"     ISETP.GE.AND P4, PT, R19, c[0x0][0x18c], PT ",,2,0,12800,409600,,,,,,,0,0,0,0,0,0,0,0,0,0,0,1,0,0,0,0,1,0,0,0,0,0,0,0,0,0,0,0,0,0,0,0,0,0
2332,00000013 2fab42b0,@P0  BRA 0x132fab43b0 ,,0,0,12800,0,,,,,,,,,,,,,,,,,,,,,,,,,,,,,,,,,,,,,,,,
2333,00000013 2fab42c0,"     LDS.U R19, [R10] ",,5,3,12800,409600,Shared,Load,32,,12800,,0,0,0,0,0,0,0,0,1,0,0,1,0,0,0,0,3,0,0,0,0,0,0,0,0,1,0,0,0,0,0,0,0,2
2334,00000013 2fab42d0,"     FSETP.GEU.FTZ.AND P2, PT, |R14|, +INF , PT ",,0,0,12800,409600,,,,,,,,,,,,,,,,,,,,,,,,,,,,,,,,,,,,,,,,
2335,00000013 2fab42e0,"     FADD.FTZ R19, -R18, R19 ",,8,6,12800,409600,,,,,,,0,0,0,0,0,0,0,0,0,0,0,0,0,8,0,0,0,0,0,0,0,0,0,0,0,0,0,0,0,0,6,0,0,0
2336,00000013 2fab42f0,"     FSETP.GT.FTZ.AND P3, PT, R19, -12, PT ",,5,2,12800,409600,,,,,,,0,0,0,0,0,0,0,0,0,0,0,1,0,0,0,0,4,0,0,0,0,0,0,0,0,0,0,0,0,0,0,0,0,2
2337,00000013 2fab4300,"     FSETP.GEU.FTZ.AND P0, PT, R19, 20, PT ",,6,4,12800,409600,,,,,,,0,0,0,0,0,0,0,0,0,0,4,0,0,0,0,0,2,0,0,0,0,0,0,0,0,0,0,3,0,0,0,0,0,1
2338,00000013 2fab4310,"     PLOP3.LUT P2, PT, P2, P3, P0, 0xfb, 0x0 ",,3,1,12800,409600,,,,,,,0,0,0,0,0,0,1,0,0,0,0,1,0,0,0,0,1,0,0,0,0,0,0,0,0,0,0,0,0,0,0,0,0,1
2339,00000013 2fab4320,"     ISETP.GE.U32.AND P0, PT, R59, R2, PT ",,0,0,12800,409600,,,,,,,,,,,,,,,,,,,,,,,,,,,,,,,,,,,,,,,,
2340,00000013 2fab4330,"     ISETP.GE.U32.AND.EX P0, PT, R61, R0, PT, P0 ",,3,1,12800,409600,,,,,,,0,0,0,0,0,0,0,0,0,0,0,1,0,0,0,0,2,0,0,0,0,0,0,0,0,0,0,0,0,0,0,0,0,1
2341,00000013 2fab4340,"@!P2 FMUL.FTZ R55, R19, 1.4426950216293334961 ",,1,0,12800,409600,,,,,,,0,0,0,0,0,0,0,0,0,0,0,1,0,0,0,0,0,0,0,0,0,0,0,0,0,0,0,0,0,0,0,0,0,0
2342,00000013 2fab4350,"     IMAD.MOV.U32 R19, RZ, RZ, RZ ",,1,0,12800,409600,,,,,,,0,0,0,0,0,0,0,0,0,0,0,0,0,0,0,0,1,0,0,0,0,0,0,0,0,0,0,0,0,0,0,0,0,0
2343,00000013 2fab4360,"@!P2 MUFU.EX2 R55, R55 ",,1,0,12800,409600,,,,,,,0,0,0,0,0,0,0,0,0,0,0,0,0,0,0,0,1,0,0,0,0,0,0,0,0,0,0,0,0,0,0,0,0,0
2344,00000013 2fab4370,"@!P2 FFMA.FTZ.SAT R19, R55, R14, RZ ",,7,1,12800,409600,,,,,,,0,0,0,0,0,0,0,0,0,0,0,1,0,6,0,0,0,0,0,0,0,0,0,0,0,0,0,0,0,0,1,0,0,0
2345,00000013 2fab4380,"@!P0 F2F.F16.F32 R57, R19 ",,10,3,12800,409600,,,,,,,0,0,0,0,0,0,0,0,0,0,7,0,2,0,0,0,1,0,0,0,0,0,0,0,0,0,0,3,0,0,0,0,0,0
2346,00000013 2fab4390,"     STS [R10], R19 ",,0,0,12800,409600,Shared,Store,32,,12800,,,,,,,,,,,,,,,,,,,,,,,,,,,,,,,,,,,
2347,00000013 2fab43a0,"@!P0 STG.E.U16.SYS [R16], R57 ",,4,3,12800,409600,Global,Store,16,12800,,25600,0,0,0,0,0,0,0,0,0,0,0,0,0,2,0,0,2,0,0,0,0,0,0,0,0,0,0,0,0,0,1,0,0,2
2348,00000013 2fab43b0,     BSYNC B5 ,,2,1,12800,409600,,,,,,,0,0,0,0,0,0,0,0,0,0,0,0,1,0,0,0,1,0,0,0,0,0,0,0,0,0,0,0,0,0,0,0,0,1
2349,00000013 2fab43c0,"     IADD3 R19, R21, 0x60, RZ ",,7,2,12800,409600,,,,,,,0,0,0,0,0,1,0,0,0,1,2,1,0,0,0,0,2,0,0,0,0,0,1,0,0,0,0,1,0,0,0,0,0,0
2350,00000013 2fab43d0,"     BMOV.32.CLEAR RZ, B5 ",,1,0,12800,409600,,,,,,,0,0,0,0,0,0,0,0,0,0,0,0,1,0,0,0,0,0,0,0,0,0,0,0,0,0,0,0,0,0,0,0,0,0
2351,00000013 2fab43e0,"     BSSY B5, 0x132fab4530 ",,1,0,12800,409600,,,,,,,0,0,0,0,0,0,0,0,0,0,0,0,1,0,0,0,0,0,0,0,0,0,0,0,0,0,0,0,0,0,0,0,0,0
2352,00000013 2fab43f0,"     ISETP.GE.AND P3, PT, R19, c[0x0][0x18c], PT ",,3,1,12800,409600,,,,,,,0,0,0,0,0,0,0,0,0,0,0,0,1,0,0,0,2,0,0,0,0,0,0,0,0,0,0,0,0,0,0,0,0,1
2353,00000013 2fab4400,@P5  BRA 0x132fab4520 ,,13,11,12800,0,,,,,,,0,0,0,0,0,0,0,0,0,0,12,1,0,0,0,0,0,0,0,0,0,0,0,0,0,0,0,11,0,0,0,0,0,0
2354,00000013 2fab4410,"     LDS.U R19, [R10+0x80] ",,5,4,12800,409600,Shared,Load,32,,12800,,0,0,0,0,0,0,0,0,0,0,0,0,0,0,0,0,5,0,0,0,0,0,0,0,0,0,0,0,0,0,0,0,0,4
2355,00000013 2fab4420,"     FSETP.GEU.FTZ.AND P5, PT, |R14|, +INF , PT ",,0,0,12800,409600,,,,,,,,,,,,,,,,,,,,,,,,,,,,,,,,,,,,,,,,
2356,00000013 2fab4430,"     FADD.FTZ R19, -R18, R19 ",,9,3,12800,409600,,,,,,,0,0,0,0,0,0,0,0,0,0,0,0,1,8,0,0,0,0,0,0,0,0,0,0,0,0,0,0,0,0,3,0,0,0
2357,00000013 2fab4440,"     FSETP.GT.FTZ.AND P2, PT, R19, -12, PT ",,5,0,12800,409600,,,,,,,0,0,0,0,0,0,2,0,0,0,0,1,1,0,0,0,1,0,0,0,0,0,0,0,0,0,0,0,0,0,0,0,0,0
2358,00000013 2fab4450,"     FSETP.GEU.FTZ.AND P0, PT, R19, 20, PT ",,0,0,12800,409600,,,,,,,,,,,,,,,,,,,,,,,,,,,,,,,,,,,,,,,,
2359,00000013 2fab4460,"     PLOP3.LUT P2, PT, P5, P2, P0, 0xfb, 0x0 ",,0,0,12800,409600,,,,,,,,,,,,,,,,,,,,,,,,,,,,,,,,,,,,,,,,
2360,00000013 2fab4470,"@!P2 FMUL.FTZ R55, R19, 1.4426950216293334961 ",,3,2,12800,409600,,,,,,,0,0,0,0,0,0,0,0,0,0,0,0,0,0,0,0,3,0,0,0,0,0,0,0,0,0,0,0,0,0,0,0,0,2
2361,00000013 2fab4480,"     IADD3 R19, P5, R59, 0x20, RZ ",,5,2,12800,409600,,,,,,,0,0,0,0,0,0,0,0,0,0,4,0,1,0,0,0,0,0,0,0,0,0,0,0,0,0,0,2,0,0,0,0,0,0
2362,00000013 2fab4490,"     ISETP.GE.U32.AND P0, PT, R19, R2, PT ",,1,1,12800,409600,,,,,,,0,0,0,0,0,0,1,0,0,0,0,0,0,0,0,0,0,0,0,0,0,0,0,1,0,0,0,0,0,0,0,0,0,0
2363,00000013 2fab44a0,"@!P2 MUFU.EX2 R55, R55 ",,0,0,12800,409600,,,,,,,,,,,,,,,,,,,,,,,,,,,,,,,,,,,,,,,,
2364,00000013 2fab44b0,"     IMAD.X R19, RZ, RZ, R61, P5 ",,2,0,12800,409600,,,,,,,0,0,0,0,0,0,0,0,0,0,0,0,2,0,0,0,0,0,0,0,0,0,0,0,0,0,0,0,0,0,0,0,0,0
2365,00000013 2fab44c0,"     ISETP.GE.U32.AND.EX P0, PT, R19, R0, PT, P0 ",,2,0,12800,409600,,,,,,,0,0,0,0,0,0,0,0,0,0,0,2,0,0,0,0,0,0,0,0,0,0,0,0,0,0,0,0,0,0,0,0,0,0
2366,00000013 2fab44d0,"     IMAD.MOV.U32 R19, RZ, RZ, RZ ",,1,0,12800,409600,,,,,,,0,0,0,0,0,0,0,0,0,0,0,0,1,0,0,0,0,0,0,0,0,0,0,0,0,0,0,0,0,0,0,0,0,0
2367,00000013 2fab44e0,"@!P2 FFMA.FTZ.SAT R19, R55, R14, RZ ",,3,0,12800,409600,,,,,,,0,0,0,0,0,0,0,0,0,0,0,0,1,1,0,0,1,0,0,0,0,0,0,0,0,0,0,0,0,0,0,0,0,0
2368,00000013 2fab44f0,"@!P0 F2F.F16.F32 R57, R19 ",,2,1,12800,409600,,,,,,,0,0,0,0,0,0,0,0,0,0,0,0,0,0,0,0,2,0,0,0,0,0,0,0,0,0,0,0,0,0,0,0,0,1
2369,00000013 2fab4500,"     STS [R10+0x80], R19 ",,2,2,12800,409600,Shared,Store,32,,12800,,0,0,0,0,0,0,0,0,0,0,2,0,0,0,0,0,0,0,0,0,0,0,0,0,0,0,0,2,0,0,0,0,0,0
2370,00000013 2fab4510,"@!P0 STG.E.U16.SYS [R16+0x40], R57 ",,7,3,12800,409600,Global,Store,16,12800,,25600,0,0,0,0,0,0,0,0,0,0,0,0,0,6,0,0,1,0,0,0,0,0,0,0,0,0,0,0,0,0,2,0,0,1
2371,00000013 2fab4520,     BSYNC B5 ,,0,0,12800,409600,,,,,,,,,,,,,,,,,,,,,,,,,,,,,,,,,,,,,,,,
2372,00000013 2fab4530,"     BMOV.32.CLEAR RZ, B5 ",,2,2,12800,409600,,,,,,,0,0,0,0,0,0,0,0,0,0,1,0,0,0,0,0,1,0,0,0,0,0,0,0,0,0,0,1,0,0,0,0,0,1
2373,00000013 2fab4540,"     BSSY B5, 0x132fab4680 ",,0,0,12800,409600,,,,,,,,,,,,,,,,,,,,,,,,,,,,,,,,,,,,,,,,
2374,00000013 2fab4550,@P4  BRA 0x132fab4670 ,,1,0,12800,0,,,,,,,0,0,0,0,0,0,0,0,0,0,0,0,1,0,0,0,0,0,0,0,0,0,0,0,0,0,0,0,0,0,0,0,0,0
2375,00000013 2fab4560,"     LDS.U R19, [R10+0x100] ",,2,0,12800,409600,Shared,Load,32,,12800,,0,0,0,0,0,0,0,0,0,0,0,0,1,0,0,0,1,0,0,0,0,0,0,0,0,0,0,0,0,0,0,0,0,0
2376,00000013 2fab4570,"     FSETP.GEU.FTZ.AND P4, PT, |R14|, +INF , PT ",,1,0,12800,409600,,,,,,,0,0,0,0,0,0,0,0,0,0,0,0,1,0,0,0,0,0,0,0,0,0,0,0,0,0,0,0,0,0,0,0,0,0
2377,00000013 2fab4580,"     FADD.FTZ R19, -R18, R19 ",,16,12,12800,409600,,,,,,,0,0,0,0,0,0,0,0,0,0,7,0,1,8,0,0,0,0,0,0,0,0,0,0,0,0,0,7,0,0,5,0,0,0
2378,00000013 2fab4590,"     FSETP.GT.FTZ.AND P2, PT, R19, -12, PT ",,4,1,12800,409600,,,,,,,0,0,0,0,0,0,1,0,0,0,0,0,0,0,0,0,3,0,0,0,0,0,0,0,0,0,0,0,0,0,0,0,0,1
2379,00000013 2fab45a0,"     FSETP.GEU.FTZ.AND P0, PT, R19, 20, PT ",,0,0,12800,409600,,,,,,,,,,,,,,,,,,,,,,,,,,,,,,,,,,,,,,,,
2380,00000013 2fab45b0,"     PLOP3.LUT P2, PT, P4, P2, P0, 0xfb, 0x0 ",,3,0,12800,409600,,,,,,,0,0,0,0,0,0,1,0,0,0,0,0,1,0,0,0,1,0,0,0,0,0,0,0,0,0,0,0,0,0,0,0,0,0
2381,00000013 2fab45c0,"@!P2 FMUL.FTZ R55, R19, 1.4426950216293334961 ",,7,4,12800,409600,,,,,,,0,0,0,0,0,0,0,0,0,0,0,1,0,0,0,0,6,0,0,0,0,0,0,0,0,0,0,0,0,0,0,0,0,4
2382,00000013 2fab45d0,"     IADD3 R19, P4, R59, 0x40, RZ ",,1,0,12800,409600,,,,,,,0,0,0,0,0,0,0,0,0,0,0,0,1,0,0,0,0,0,0,0,0,0,0,0,0,0,0,0,0,0,0,0,0,0
2383,00000013 2fab45e0,"     ISETP.GE.U32.AND P0, PT, R19, R2, PT ",,3,3,12800,409600,,,,,,,0,0,0,0,0,0,1,0,0,0,0,0,0,0,0,0,2,0,0,0,0,0,0,1,0,0,0,0,0,0,0,0,0,2
2384,00000013 2fab45f0,"@!P2 MUFU.EX2 R55, R55 ",,0,0,12800,409600,,,,,,,,,,,,,,,,,,,,,,,,,,,,,,,,,,,,,,,,
2385,00000013 2fab4600,"     IMAD.X R19, RZ, RZ, R61, P4 ",,39,36,12800,409600,,,,,,,0,0,0,0,0,0,0,0,0,0,39,0,0,0,0,0,0,0,0,0,0,0,0,0,0,0,0,36,0,0,0,0,0,0
2386,00000013 2fab4610,"     ISETP.GE.U32.AND.EX P0, PT, R19, R0, PT, P0 ",,2,0,12800,409600,,,,,,,0,0,0,0,0,0,0,0,0,0,0,0,0,0,0,0,2,0,0,0,0,0,0,0,0,0,0,0,0,0,0,0,0,0
2387,00000013 2fab4620,"     IMAD.MOV.U32 R19, RZ, RZ, RZ ",,1,0,12800,409600,,,,,,,0,0,0,0,0,0,0,0,0,0,0,0,1,0,0,0,0,0,0,0,0,0,0,0,0,0,0,0,0,0,0,0,0,0
2388,00000013 2fab4630,"@!P2 FFMA.FTZ.SAT R19, R55, R14, RZ ",,1,1,12800,409600,,,,,,,0,0,0,0,0,0,0,0,0,0,0,0,0,1,0,0,0,0,0,0,0,0,0,0,0,0,0,0,0,0,1,0,0,0
2389,00000013 2fab4640,"@!P0 F2F.F16.F32 R57, R19 ",,3,0,12800,409600,,,,,,,0,0,0,0,0,0,0,0,0,0,0,0,0,0,0,0,3,0,0,0,0,0,0,0,0,0,0,0,0,0,0,0,0,0
2390,00000013 2fab4650,"     STS [R10+0x100], R19 ",,0,0,12800,409600,Shared,Store,32,,12800,,,,,,,,,,,,,,,,,,,,,,,,,,,,,,,,,,,
2391,00000013 2fab4660,"@!P0 STG.E.U16.SYS [R16+0x80], R57 ",,7,1,12800,409600,Global,Store,16,12800,,25600,0,0,0,0,0,0,0,0,0,0,0,0,1,5,0,0,1,0,0,0,0,0,0,0,0,0,0,0,0,0,1,0,0,0
2392,00000013 2fab4670,     BSYNC B5 ,,1,0,12800,409600,,,,,,,0,0,0,0,0,0,0,0,0,0,0,0,1,0,0,0,0,0,0,0,0,0,0,0,0,0,0,0,0,0,0,0,0,0
2393,00000013 2fab4680,"     BMOV.32.CLEAR RZ, B5 ",,11,9,12800,409600,,,,,,,0,0,0,0,0,0,0,0,0,0,11,0,0,0,0,0,0,0,0,0,0,0,0,0,0,0,0,9,0,0,0,0,0,0
2394,00000013 2fab4690,"     BSSY B5, 0x132fab47d0 ",,0,0,12800,409600,,,,,,,,,,,,,,,,,,,,,,,,,,,,,,,,,,,,,,,,
2395,00000013 2fab46a0,@P3  BRA 0x132fab47c0 ,,1,0,12800,0,,,,,,,0,0,0,0,0,0,0,0,0,0,0,0,1,0,0,0,0,0,0,0,0,0,0,0,0,0,0,0,0,0,0,0,0,0
2396,00000013 2fab46b0,"     LDS.U R19, [R10+0x180] ",,0,0,12800,409600,Shared,Load,32,,12800,,,,,,,,,,,,,,,,,,,,,,,,,,,,,,,,,,,
2397,00000013 2fab46c0,"     FSETP.GEU.FTZ.AND P3, PT, |R14|, +INF , PT ",,0,0,12800,409600,,,,,,,,,,,,,,,,,,,,,,,,,,,,,,,,,,,,,,,,
2398,00000013 2fab46d0,"     FADD.FTZ R19, -R18, R19 ",,14,9,12800,409600,,,,,,,0,0,0,0,0,0,1,0,0,0,0,0,0,13,0,0,0,0,0,0,0,0,0,1,0,0,0,0,0,0,8,0,0,0
2399,00000013 2fab46e0,"     FSETP.GT.FTZ.AND P2, PT, R19, -12, PT ",,5,0,12800,409600,,,,,,,0,0,0,0,0,0,2,0,0,0,0,1,0,0,0,0,2,0,0,0,0,0,0,0,0,0,0,0,0,0,0,0,0,0
2400,00000013 2fab46f0,"     FSETP.GEU.FTZ.AND P0, PT, R19, 20, PT ",,0,0,12800,409600,,,,,,,,,,,,,,,,,,,,,,,,,,,,,,,,,,,,,,,,
2401,00000013 2fab4700,"     PLOP3.LUT P2, PT, P3, P2, P0, 0xfb, 0x0 ",,3,3,12800,409600,,,,,,,0,0,0,0,0,0,0,0,0,0,2,0,0,0,0,0,1,0,0,0,0,0,0,0,0,0,0,2,0,0,0,0,0,1
2402,00000013 2fab4710,"@!P2 FMUL.FTZ R55, R19, 1.4426950216293334961 ",,4,1,12800,409600,,,,,,,0,0,0,0,0,0,0,0,0,0,0,0,2,0,0,0,2,0,0,0,0,0,0,0,0,0,0,0,0,0,0,0,0,1
2403,00000013 2fab4720,"     IADD3 R19, P3, R59, 0x60, RZ ",,1,0,12800,409600,,,,,,,0,0,0,0,0,0,0,0,0,0,0,0,1,0,0,0,0,0,0,0,0,0,0,0,0,0,0,0,0,0,0,0,0,0
2404,00000013 2fab4730,"     ISETP.GE.U32.AND P0, PT, R19, R2, PT ",,3,1,12800,409600,,,,,,,0,0,0,0,0,0,1,0,0,0,0,0,0,0,0,0,2,0,0,0,0,0,0,0,0,0,0,0,0,0,0,0,0,1
2405,00000013 2fab4740,"@!P2 MUFU.EX2 R55, R55 ",,0,0,12800,409600,,,,,,,,,,,,,,,,,,,,,,,,,,,,,,,,,,,,,,,,
2406,00000013 2fab4750,"     IMAD.X R19, RZ, RZ, R61, P3 ",,0,0,12800,409600,,,,,,,,,,,,,,,,,,,,,,,,,,,,,,,,,,,,,,,,
2407,00000013 2fab4760,"     ISETP.GE.U32.AND.EX P0, PT, R19, R0, PT, P0 ",,5,3,12800,409600,,,,,,,0,0,0,0,0,0,1,0,0,0,0,1,0,0,0,0,3,0,0,0,0,0,0,0,0,0,0,0,0,0,0,0,0,3
2408,00000013 2fab4770,"     IMAD.MOV.U32 R19, RZ, RZ, RZ ",,0,0,12800,409600,,,,,,,,,,,,,,,,,,,,,,,,,,,,,,,,,,,,,,,,
2409,00000013 2fab4780,"@!P2 FFMA.FTZ.SAT R19, R55, R14, RZ ",,6,4,12800,409600,,,,,,,0,0,0,0,0,0,0,0,0,0,5,0,0,0,0,0,1,0,0,0,0,0,0,0,0,0,0,3,0,0,0,0,0,1
2410,00000013 2fab4790,"@!P0 F2F.F16.F32 R57, R19 ",,2,1,12800,409600,,,,,,,0,0,0,0,0,0,0,0,0,0,0,1,0,0,0,0,1,0,0,0,0,0,0,0,0,0,0,0,0,0,0,0,0,1
2411,00000013 2fab47a0,"     STS [R10+0x180], R19 ",,1,0,12800,409600,Shared,Store,32,,12800,,0,0,0,0,0,0,0,0,0,0,0,0,1,0,0,0,0,0,0,0,0,0,0,0,0,0,0,0,0,0,0,0,0,0
2412,00000013 2fab47b0,"@!P0 STG.E.U16.SYS [R16+0xc0], R57 ",,5,3,12800,409600,Global,Store,16,12800,,25600,0,0,0,0,0,0,0,0,0,0,0,0,0,2,0,0,3,0,0,0,0,0,0,0,0,0,0,0,0,0,1,0,0,2
2413,00000013 2fab47c0,     BSYNC B5 ,,1,0,12800,409600,,,,,,,0,1,0,0,0,0,0,0,0,0,0,0,0,0,0,0,0,0,0,0,0,0,0,0,0,0,0,0,0,0,0,0,0,0
2414,00000013 2fab47d0,"     IADD3 R16, P0, R16, 0x100, RZ ",,3,0,12800,409600,,,,,,,0,0,0,0,0,0,0,0,0,0,2,1,0,0,0,0,0,0,0,0,0,0,0,0,0,0,0,0,0,0,0,0,0,0
2415,00000013 2fab47e0,"     IADD3 R20, R20, 0x80, RZ ",,3,2,12800,409600,,,,,,,0,0,0,0,0,0,0,0,0,0,0,0,1,0,0,0,2,0,0,0,0,0,0,0,0,0,0,0,0,0,0,0,0,2
2416,00000013 2fab47f0,"     IADD3 R59, P2, R59, 0x80, RZ ",,1,0,12800,409600,,,,,,,0,0,0,0,0,0,0,0,0,0,0,0,0,0,0,0,1,0,0,0,0,0,0,0,0,0,0,0,0,0,0,0,0,0
2417,00000013 2fab4800,"     IMAD.X R17, RZ, RZ, R17, P0 ",,4,4,12800,409600,,,,,,,0,0,0,0,0,0,0,0,0,0,4,0,0,0,0,0,0,0,0,0,0,0,0,0,0,0,0,4,0,0,0,0,0,0
2418,00000013 2fab4810,"     ISETP.GE.AND P0, PT, R20, R13, PT ",,0,0,12800,409600,,,,,,,,,,,,,,,,,,,,,,,,,,,,,,,,,,,,,,,,
2419,00000013 2fab4820,"     IADD3 R21, R21, 0x80, RZ ",,2,1,12800,409600,,,,,,,0,0,0,0,0,0,1,0,0,0,0,1,0,0,0,0,0,0,0,0,0,0,0,1,0,0,0,0,0,0,0,0,0,0
2420,00000013 2fab4830,"     IMAD.X R61, RZ, RZ, R61, P2 ",,1,0,12800,409600,,,,,,,0,0,0,0,0,0,0,0,0,0,0,0,1,0,0,0,0,0,0,0,0,0,0,0,0,0,0,0,0,0,0,0,0,0
2421,00000013 2fab4840,"     IADD3 R10, R10, 0x200, RZ ",,0,0,12800,409600,,,,,,,,,,,,,,,,,,,,,,,,,,,,,,,,,,,,,,,,
2422,00000013 2fab4850,@!P0 BRA 0x132fab4230 ,,2,1,12800,0,,,,,,,0,0,0,0,0,0,0,0,0,0,0,0,0,0,0,0,2,0,0,0,0,0,0,0,0,0,0,0,0,0,0,0,0,1
2423,00000013 2fab4860,     BSYNC B2 ,,5,0,12800,409600,,,,,,,0,0,0,0,0,0,0,0,0,0,0,0,2,0,0,0,3,0,0,0,0,0,0,0,0,0,0,0,0,0,0,0,0,0
2424,00000013 2fab4870,"     ISETP.GE.AND P0, PT, R20, R27, PT ",,8,3,12800,409600,,,,,,,0,0,0,0,0,0,1,0,0,0,4,1,0,0,0,0,2,0,0,0,0,0,0,1,0,0,0,1,0,0,0,0,0,1
2425,00000013 2fab4880,@P0  BREAK B3 ,,6,2,12800,409600,,,,,,,0,0,0,0,0,0,0,0,0,0,1,0,1,0,0,0,4,0,0,0,0,0,0,0,0,0,0,1,0,0,0,0,0,1
2426,00000013 2fab4890,@P0  BRA 0x132fab4b90 ,,8,3,12800,409600,,,,,,,0,0,0,0,0,0,0,0,0,0,8,0,0,0,0,0,0,0,0,0,0,0,0,0,0,0,0,3,0,0,0,0,0,0
2427,00000013 2fab48a0,     BSYNC B3 ,,12,6,12800,409600,,,,,,,0,0,0,0,0,0,0,0,0,0,10,0,0,0,0,0,2,0,0,0,0,0,0,0,0,0,0,5,0,0,0,0,0,1
2428,00000013 2fab48b0,"     IMAD R15, R44, 0x3, R15 ",,3,3,12800,409600,,,,,,,0,0,0,0,0,0,0,0,0,0,1,0,0,0,0,0,2,0,0,0,0,0,0,0,0,0,0,1,0,0,0,0,0,2
2429,00000013 2fab48c0,"     IMAD.IADD R16, R20, 0x1, R53 ",,0,0,12800,409600,,,,,,,,,,,,,,,,,,,,,,,,,,,,,,,,,,,,,,,,
2430,00000013 2fab48d0,"     IMAD R19, R15, c[0x0][0x18c], RZ ",,0,0,12800,409600,,,,,,,,,,,,,,,,,,,,,,,,,,,,,,,,,,,,,,,,
2431,00000013 2fab48e0,"     IMAD R11, R44, 0x3, R11 ",,1,1,12800,409600,,,,,,,0,0,0,0,0,0,0,0,0,0,0,0,0,0,0,0,1,0,0,0,0,0,0,0,0,0,0,0,0,0,0,0,0,1
2432,00000013 2fab48f0,"     SHF.R.S32.HI R15, RZ, 0x1f, R16 ",,0,0,12800,409600,,,,,,,,,,,,,,,,,,,,,,,,,,,,,,,,,,,,,,,,
2433,00000013 2fab4900,"     IMAD.SHL.U32 R10, R20, 0x4, RZ ",,1,0,12800,409600,,,,,,,0,0,0,0,0,0,0,0,0,0,0,0,1,0,0,0,0,0,0,0,0,0,0,0,0,0,0,0,0,0,0,0,0,0
2434,00000013 2fab4910,"     IADD3 R17, P0, R19, R16, RZ ",,0,0,12800,409600,,,,,,,,,,,,,,,,,,,,,,,,,,,,,,,,,,,,,,,,
2435,00000013 2fab4920,"     IMAD R11, R52, R11, R10 ",,0,0,12800,409600,,,,,,,,,,,,,,,,,,,,,,,,,,,,,,,,,,,,,,,,
2436,00000013 2fab4930,"     LEA.HI.X.SX32 R10, R19, R15, 0x1, P0 ",,0,0,12800,409600,,,,,,,,,,,,,,,,,,,,,,,,,,,,,,,,,,,,,,,,
2437,00000013 2fab4940,"     IADD3 R19, P2, R17, R24, RZ ",,1,0,12800,409600,,,,,,,0,0,0,0,0,0,0,0,0,0,0,1,0,0,0,0,0,0,0,0,0,0,0,0,0,0,0,0,0,0,0,0,0,0
2438,00000013 2fab4950,"     IMAD.IADD R15, R50, 0x1, R11 ",,0,0,12800,409600,,,,,,,,,,,,,,,,,,,,,,,,,,,,,,,,,,,,,,,,
2439,00000013 2fab4960,"     LEA R55, P0, R17, R22, 0x1 ",,0,0,12800,409600,,,,,,,,,,,,,,,,,,,,,,,,,,,,,,,,,,,,,,,,
2440,00000013 2fab4970,"     IMAD.X R21, R10, 0x1, R49, P2 ",,6,1,12800,409600,,,,,,,0,0,0,0,0,0,2,0,0,0,0,0,3,0,0,0,1,0,0,0,0,0,0,0,0,0,0,0,0,0,0,0,0,1
2441,00000013 2fab4980,"     LEA.HI.X R58, R17, R23, R10, 0x1, P0 ",,1,1,12800,409600,,,,,,,0,0,0,0,0,0,0,0,0,0,1,0,0,0,0,0,0,0,0,0,0,0,0,0,0,0,0,1,0,0,0,0,0,0
2442,00000013 2fab4990,"@!PT SHFL.IDX PT, RZ, RZ, RZ, RZ ",,2,2,12800,0,,,,,,,0,0,0,0,0,0,0,0,0,0,0,0,0,0,0,0,2,0,0,0,0,0,0,0,0,0,0,0,0,0,0,0,0,2
2443,00000013 2fab49a0,"     ISETP.GE.AND P0, PT, R16, c[0x0][0x18c], PT ",,1,0,12800,409600,,,,,,,0,0,0,0,0,0,0,0,0,0,0,0,1,0,0,0,0,0,0,0,0,0,0,0,0,0,0,0,0,0,0,0,0,0
2444,00000013 2fab49b0,"     BMOV.32.CLEAR RZ, B2 ",,0,0,12800,409600,,,,,,,,,,,,,,,,,,,,,,,,,,,,,,,,,,,,,,,,
2445,00000013 2fab49c0,"     IADD3 R20, R20, 0x20, RZ ",,0,0,12800,409600,,,,,,,,,,,,,,,,,,,,,,,,,,,,,,,,,,,,,,,,
2446,00000013 2fab49d0,"     BSSY B2, 0x132fab4b20 ",,0,0,12800,409600,,,,,,,,,,,,,,,,,,,,,,,,,,,,,,,,,,,,,,,,
2447,00000013 2fab49e0,"     ISETP.GE.AND P3, PT, R20, R27, PT ",,1,1,12800,409600,,,,,,,0,0,0,0,0,0,0,0,0,0,0,0,0,0,0,0,1,0,0,0,0,0,0,0,0,0,0,0,0,0,0,0,0,1
2448,00000013 2fab49f0,@P0  BRA 0x132fab4b10 ,,2,1,12800,0,,,,,,,0,0,0,0,0,0,0,0,0,0,0,0,0,0,0,0,2,0,0,0,0,0,0,0,0,0,0,0,0,0,0,0,0,1
2449,00000013 2fab4a00,"     LDS.U R11, [R15] ",,0,0,12800,409600,Shared,Load,32,,12800,,,,,,,,,,,,,,,,,,,,,,,,,,,,,,,,,,,
2450,00000013 2fab4a10,"     FSETP.GEU.FTZ.AND P4, PT, |R14|, +INF , PT ",,0,0,12800,409600,,,,,,,,,,,,,,,,,,,,,,,,,,,,,,,,,,,,,,,,
2451,00000013 2fab4a20,"     IMAD.MOV.U32 R56, RZ, RZ, RZ ",,0,0,12800,409600,,,,,,,,,,,,,,,,,,,,,,,,,,,,,,,,,,,,,,,,
2452,00000013 2fab4a30,"     FADD.FTZ R11, -R18, R11 ",,5,3,12800,409600,,,,,,,0,0,0,0,0,0,0,0,0,0,0,1,0,4,0,0,0,0,0,0,0,0,0,0,0,0,0,0,0,0,3,0,0,0
2453,00000013 2fab4a40,"     FSETP.GT.FTZ.AND P2, PT, R11, -12, PT ",,1,0,12800,409600,,,,,,,0,0,0,0,0,0,0,0,0,0,0,1,0,0,0,0,0,0,0,0,0,0,0,0,0,0,0,0,0,0,0,0,0,0
2454,00000013 2fab4a50,"     FSETP.GEU.FTZ.AND P0, PT, R11, 20, PT ",,0,0,12800,409600,,,,,,,,,,,,,,,,,,,,,,,,,,,,,,,,,,,,,,,,
2455,00000013 2fab4a60,"     PLOP3.LUT P2, PT, P4, P2, P0, 0xfb, 0x0 ",,4,1,12800,409600,,,,,,,0,0,0,0,0,0,1,0,0,0,0,0,2,0,0,0,1,0,0,0,0,0,0,0,0,0,0,0,0,0,0,0,0,1
2456,00000013 2fab4a70,"     ISETP.GE.U32.AND P0, PT, R19, R2, PT ",,2,0,12800,409600,,,,,,,0,0,0,0,0,0,0,0,0,0,0,1,0,0,0,0,1,0,0,0,0,0,0,0,0,0,0,0,0,0,0,0,0,0
2457,00000013 2fab4a80,"     ISETP.GE.U32.AND.EX P0, PT, R21, R0, PT, P0 ",,3,0,12800,409600,,,,,,,0,0,0,0,0,0,1,0,0,0,0,1,1,0,0,0,0,0,0,0,0,0,0,0,0,0,0,0,0,0,0,0,0,0
2458,00000013 2fab4a90,"@!P2 FMUL.FTZ R10, R11, 1.4426950216293334961 ",,3,0,12800,409600,,,,,,,0,0,0,0,0,0,0,0,0,0,0,1,0,0,0,0,2,0,0,0,0,0,0,0,0,0,0,0,0,0,0,0,0,0
2459,00000013 2fab4aa0,"@!P2 MUFU.EX2 R11, R10 ",,2,0,12800,409600,,,,,,,0,0,0,0,0,0,0,0,0,0,0,1,1,0,0,0,0,0,0,0,0,0,0,0,0,0,0,0,0,0,0,0,0,0
2460,00000013 2fab4ab0,"@!P0 IMAD.MOV.U32 R10, RZ, RZ, R55 ",,6,2,12800,409600,,,,,,,0,0,0,0,0,0,0,0,0,0,0,0,0,6,0,0,0,0,0,0,0,0,0,0,0,0,0,0,0,0,2,0,0,0
2461,00000013 2fab4ac0,"@!P2 FFMA.FTZ.SAT R56, R11, R14, RZ ",,0,0,12800,409600,,,,,,,,,,,,,,,,,,,,,,,,,,,,,,,,,,,,,,,,
2462,00000013 2fab4ad0,"@!P0 IMAD.MOV.U32 R11, RZ, RZ, R58 ",,1,0,12800,409600,,,,,,,0,0,0,0,0,0,0,0,0,0,0,0,1,0,0,0,0,0,0,0,0,0,0,0,0,0,0,0,0,0,0,0,0,0
2463,00000013 2fab4ae0,"@!P0 F2F.F16.F32 R17, R56 ",,2,1,12800,409600,,,,,,,0,0,0,0,0,0,0,0,0,0,0,0,0,0,0,0,2,0,0,0,0,0,0,0,0,0,0,0,0,0,0,0,0,1
2464,00000013 2fab4af0,"     STS [R15], R56 ",,1,0,12800,409600,Shared,Store,32,,12800,,0,0,0,0,0,0,0,0,0,0,0,0,1,0,0,0,0,0,0,0,0,0,0,0,0,0,0,0,0,0,0,0,0,0
2465,00000013 2fab4b00,"@!P0 STG.E.U16.SYS [R10], R17 ",,7,1,12800,409600,Global,Store,16,12800,,25600,0,0,0,0,0,0,0,0,0,0,0,0,2,2,0,0,3,0,0,0,0,0,0,0,0,0,0,0,0,0,1,0,0,0
2466,00000013 2fab4b10,     BSYNC B2 ,,0,0,12800,409600,,,,,,,,,,,,,,,,,,,,,,,,,,,,,,,,,,,,,,,,
2467,00000013 2fab4b20,"     IADD3 R55, P0, R55, 0x40, RZ ",,2,0,12800,409600,,,,,,,0,1,0,0,0,0,0,0,0,0,1,0,0,0,0,0,0,0,0,0,0,0,0,0,0,0,0,0,0,0,0,0,0,0
2468,00000013 2fab4b30,"     IADD3 R19, P2, R19, 0x20, RZ ",,1,0,12800,409600,,,,,,,0,0,0,0,0,0,0,0,0,0,0,0,1,0,0,0,0,0,0,0,0,0,0,0,0,0,0,0,0,0,0,0,0,0
2469,00000013 2fab4b40,"     IADD3 R16, R16, 0x20, RZ ",,2,1,12800,409600,,,,,,,0,0,0,0,0,0,0,0,0,0,0,0,1,0,0,0,1,0,0,0,0,0,0,0,0,0,0,0,0,0,0,0,0,1
2470,00000013 2fab4b50,"     IMAD.X R58, RZ, RZ, R58, P0 ",,0,0,12800,409600,,,,,,,,,,,,,,,,,,,,,,,,,,,,,,,,,,,,,,,,
2471,00000013 2fab4b60,"     IADD3 R15, R15, 0x80, RZ ",,0,0,12800,409600,,,,,,,,,,,,,,,,,,,,,,,,,,,,,,,,,,,,,,,,
2472,00000013 2fab4b70,"     IMAD.X R21, RZ, RZ, R21, P2 ",,0,0,12800,409600,,,,,,,,,,,,,,,,,,,,,,,,,,,,,,,,,,,,,,,,
2473,00000013 2fab4b80,@!P3 BRA 0x132fab4990 ,,0,0,12800,0,,,,,,,,,,,,,,,,,,,,,,,,,,,,,,,,,,,,,,,,
2474,00000013 2fab4b90,     BSYNC B4 ,,28,20,25600,819200,,,,,,,0,0,0,0,0,0,0,0,0,0,25,0,1,0,0,0,2,0,0,0,0,0,0,0,0,0,0,20,0,0,0,0,0,0
2475,00000013 2fab4ba0,     BRA 0x132fab52d0 ,,9,7,25600,819200,,,,,,,0,0,0,0,0,0,0,0,0,0,7,1,0,0,0,0,1,0,0,0,0,0,0,0,0,0,0,6,0,0,0,0,0,1
2476,00000013 2fab4bb0,"     ISETP.GT.AND P0, PT, R13, R54, PT ",,2,1,0,0,,,,,,,0,0,0,0,0,0,0,0,0,0,0,0,1,0,0,0,1,0,0,0,0,0,0,0,0,0,0,0,0,0,0,0,0,1
2477,00000013 2fab4bc0,"     BMOV.32.CLEAR RZ, B3 ",,0,0,0,0,,,,,,,,,,,,,,,,,,,,,,,,,,,,,,,,,,,,,,,,
2478,00000013 2fab4bd0,"     BSSY B3, 0x132fab5120 ",,0,0,0,0,,,,,,,,,,,,,,,,,,,,,,,,,,,,,,,,,,,,,,,,
2479,00000013 2fab4be0,"     IMAD.MOV.U32 R16, RZ, RZ, R54 ",,0,0,0,0,,,,,,,,,,,,,,,,,,,,,,,,,,,,,,,,,,,,,,,,
2480,00000013 2fab4bf0,@!P0 BRA 0x132fab5110 ,,0,0,0,0,,,,,,,,,,,,,,,,,,,,,,,,,,,,,,,,,,,,,,,,
2481,00000013 2fab4c00,"     BMOV.32.CLEAR RZ, B2 ",,0,0,0,0,,,,,,,,,,,,,,,,,,,,,,,,,,,,,,,,,,,,,,,,
2482,00000013 2fab4c10,"     BSSY B2, 0x132fab50e0 ",,0,0,0,0,,,,,,,,,,,,,,,,,,,,,,,,,,,,,,,,,,,,,,,,
2483,00000013 2fab4c20,"     IMAD.MOV.U32 R15, RZ, RZ, R7 ",,0,0,0,0,,,,,,,,,,,,,,,,,,,,,,,,,,,,,,,,,,,,,,,,
2484,00000013 2fab4c30,"     IMAD.MOV.U32 R16, RZ, RZ, R54 ",,0,0,0,0,,,,,,,,,,,,,,,,,,,,,,,,,,,,,,,,,,,,,,,,
2485,00000013 2fab4c40,"@!PT SHFL.IDX PT, RZ, RZ, RZ, RZ ",,0,0,0,0,,,,,,,,,,,,,,,,,,,,,,,,,,,,,,,,,,,,,,,,
2486,00000013 2fab4c50,"     ISETP.GE.AND P0, PT, R15, c[0x0][0x18c], PT ",,0,0,0,0,,,,,,,,,,,,,,,,,,,,,,,,,,,,,,,,,,,,,,,,
2487,00000013 2fab4c60,"     BMOV.32.CLEAR RZ, B4 ",,0,0,0,0,,,,,,,,,,,,,,,,,,,,,,,,,,,,,,,,,,,,,,,,
2488,00000013 2fab4c70,"     IADD3 R17, R15, 0x20, RZ ",,0,0,0,0,,,,,,,,,,,,,,,,,,,,,,,,,,,,,,,,,,,,,,,,
2489,00000013 2fab4c80,"     BSSY B4, 0x132fab4db0 ",,0,0,0,0,,,,,,,,,,,,,,,,,,,,,,,,,,,,,,,,,,,,,,,,
2490,00000013 2fab4c90,"     IADD3 R19, R15, 0x40, RZ ",,0,0,0,0,,,,,,,,,,,,,,,,,,,,,,,,,,,,,,,,,,,,,,,,
2491,00000013 2fab4ca0,"     IADD3 R20, R15, 0x60, RZ ",,0,0,0,0,,,,,,,,,,,,,,,,,,,,,,,,,,,,,,,,,,,,,,,,
2492,00000013 2fab4cb0,"     ISETP.GE.AND P5, PT, R17, c[0x0][0x18c], PT ",,0,0,0,0,,,,,,,,,,,,,,,,,,,,,,,,,,,,,,,,,,,,,,,,
2493,00000013 2fab4cc0,"     ISETP.GE.AND P4, PT, R19, c[0x0][0x18c], PT ",,0,0,0,0,,,,,,,,,,,,,,,,,,,,,,,,,,,,,,,,,,,,,,,,
2494,00000013 2fab4cd0,"     ISETP.GE.AND P3, PT, R20, c[0x0][0x18c], PT ",,0,0,0,0,,,,,,,,,,,,,,,,,,,,,,,,,,,,,,,,,,,,,,,,
2495,00000013 2fab4ce0,@P0  BRA 0x132fab4da0 ,,0,0,0,0,,,,,,,,,,,,,,,,,,,,,,,,,,,,,,,,,,,,,,,,
2496,00000013 2fab4cf0,"     LDS.U R17, [R10] ",,0,0,0,0,,,,,0,,,,,,,,,,,,,,,,,,,,,,,,,,,,,,,,,,,
2497,00000013 2fab4d00,"     FSETP.GEU.FTZ.AND P6, PT, |R14|, +INF , PT ",,0,0,0,0,,,,,,,,,,,,,,,,,,,,,,,,,,,,,,,,,,,,,,,,
2498,00000013 2fab4d10,"     FADD.FTZ R17, -R18, R17 ",,0,0,0,0,,,,,,,,,,,,,,,,,,,,,,,,,,,,,,,,,,,,,,,,
2499,00000013 2fab4d20,"     FSETP.GT.FTZ.AND P2, PT, R17, -12, PT ",,0,0,0,0,,,,,,,,,,,,,,,,,,,,,,,,,,,,,,,,,,,,,,,,
2500,00000013 2fab4d30,"     FSETP.GEU.FTZ.AND P0, PT, R17, 20, PT ",,0,0,0,0,,,,,,,,,,,,,,,,,,,,,,,,,,,,,,,,,,,,,,,,
2501,00000013 2fab4d40,"     PLOP3.LUT P0, PT, P6, P2, P0, 0xfb, 0x0 ",,0,0,0,0,,,,,,,,,,,,,,,,,,,,,,,,,,,,,,,,,,,,,,,,
2502,00000013 2fab4d50,"@!P0 FMUL.FTZ R19, R17, 1.4426950216293334961 ",,0,0,0,0,,,,,,,,,,,,,,,,,,,,,,,,,,,,,,,,,,,,,,,,
2503,00000013 2fab4d60,"     IMAD.MOV.U32 R17, RZ, RZ, RZ ",,0,0,0,0,,,,,,,,,,,,,,,,,,,,,,,,,,,,,,,,,,,,,,,,
2504,00000013 2fab4d70,"@!P0 MUFU.EX2 R19, R19 ",,0,0,0,0,,,,,,,,,,,,,,,,,,,,,,,,,,,,,,,,,,,,,,,,
2505,00000013 2fab4d80,"@!P0 FFMA.FTZ.SAT R17, R19, R14, RZ ",,0,0,0,0,,,,,,,,,,,,,,,,,,,,,,,,,,,,,,,,,,,,,,,,
2506,00000013 2fab4d90,"     STS [R10], R17 ",,0,0,0,0,,,,,0,,,,,,,,,,,,,,,,,,,,,,,,,,,,,,,,,,,
2507,00000013 2fab4da0,     BSYNC B4 ,,0,0,0,0,,,,,,,,,,,,,,,,,,,,,,,,,,,,,,,,,,,,,,,,
2508,00000013 2fab4db0,"     BMOV.32.CLEAR RZ, B4 ",,0,0,0,0,,,,,,,,,,,,,,,,,,,,,,,,,,,,,,,,,,,,,,,,
2509,00000013 2fab4dc0,"     BSSY B4, 0x132fab4ea0 ",,0,0,0,0,,,,,,,,,,,,,,,,,,,,,,,,,,,,,,,,,,,,,,,,
2510,00000013 2fab4dd0,@P5  BRA 0x132fab4e90 ,,0,0,0,0,,,,,,,,,,,,,,,,,,,,,,,,,,,,,,,,,,,,,,,,
2511,00000013 2fab4de0,"     LDS.U R17, [R10+0x80] ",,0,0,0,0,,,,,0,,,,,,,,,,,,,,,,,,,,,,,,,,,,,,,,,,,
2512,00000013 2fab4df0,"     FSETP.GEU.FTZ.AND P5, PT, |R14|, +INF , PT ",,0,0,0,0,,,,,,,,,,,,,,,,,,,,,,,,,,,,,,,,,,,,,,,,
2513,00000013 2fab4e00,"     FADD.FTZ R17, -R18, R17 ",,0,0,0,0,,,,,,,,,,,,,,,,,,,,,,,,,,,,,,,,,,,,,,,,
2514,00000013 2fab4e10,"     FSETP.GT.FTZ.AND P2, PT, R17, -12, PT ",,0,0,0,0,,,,,,,,,,,,,,,,,,,,,,,,,,,,,,,,,,,,,,,,
2515,00000013 2fab4e20,"     FSETP.GEU.FTZ.AND P0, PT, R17, 20, PT ",,0,0,0,0,,,,,,,,,,,,,,,,,,,,,,,,,,,,,,,,,,,,,,,,
2516,00000013 2fab4e30,"     PLOP3.LUT P0, PT, P5, P2, P0, 0xfb, 0x0 ",,0,0,0,0,,,,,,,,,,,,,,,,,,,,,,,,,,,,,,,,,,,,,,,,
2517,00000013 2fab4e40,"@!P0 FMUL.FTZ R19, R17, 1.4426950216293334961 ",,0,0,0,0,,,,,,,,,,,,,,,,,,,,,,,,,,,,,,,,,,,,,,,,
2518,00000013 2fab4e50,"     IMAD.MOV.U32 R17, RZ, RZ, RZ ",,0,0,0,0,,,,,,,,,,,,,,,,,,,,,,,,,,,,,,,,,,,,,,,,
2519,00000013 2fab4e60,"@!P0 MUFU.EX2 R19, R19 ",,0,0,0,0,,,,,,,,,,,,,,,,,,,,,,,,,,,,,,,,,,,,,,,,
2520,00000013 2fab4e70,"@!P0 FFMA.FTZ.SAT R17, R19, R14, RZ ",,0,0,0,0,,,,,,,,,,,,,,,,,,,,,,,,,,,,,,,,,,,,,,,,
2521,00000013 2fab4e80,"     STS [R10+0x80], R17 ",,0,0,0,0,,,,,0,,,,,,,,,,,,,,,,,,,,,,,,,,,,,,,,,,,
2522,00000013 2fab4e90,     BSYNC B4 ,,0,0,0,0,,,,,,,,,,,,,,,,,,,,,,,,,,,,,,,,,,,,,,,,
2523,00000013 2fab4ea0,"     BMOV.32.CLEAR RZ, B4 ",,0,0,0,0,,,,,,,,,,,,,,,,,,,,,,,,,,,,,,,,,,,,,,,,
2524,00000013 2fab4eb0,"     BSSY B4, 0x132fab4f90 ",,0,0,0,0,,,,,,,,,,,,,,,,,,,,,,,,,,,,,,,,,,,,,,,,
2525,00000013 2fab4ec0,@P4  BRA 0x132fab4f80 ,,0,0,0,0,,,,,,,,,,,,,,,,,,,,,,,,,,,,,,,,,,,,,,,,
2526,00000013 2fab4ed0,"     LDS.U R17, [R10+0x100] ",,0,0,0,0,,,,,0,,,,,,,,,,,,,,,,,,,,,,,,,,,,,,,,,,,
2527,00000013 2fab4ee0,"     FSETP.GEU.FTZ.AND P4, PT, |R14|, +INF , PT ",,0,0,0,0,,,,,,,,,,,,,,,,,,,,,,,,,,,,,,,,,,,,,,,,
2528,00000013 2fab4ef0,"     FADD.FTZ R17, -R18, R17 ",,0,0,0,0,,,,,,,,,,,,,,,,,,,,,,,,,,,,,,,,,,,,,,,,
2529,00000013 2fab4f00,"     FSETP.GT.FTZ.AND P2, PT, R17, -12, PT ",,0,0,0,0,,,,,,,,,,,,,,,,,,,,,,,,,,,,,,,,,,,,,,,,
2530,00000013 2fab4f10,"     FSETP.GEU.FTZ.AND P0, PT, R17, 20, PT ",,0,0,0,0,,,,,,,,,,,,,,,,,,,,,,,,,,,,,,,,,,,,,,,,
2531,00000013 2fab4f20,"     PLOP3.LUT P0, PT, P4, P2, P0, 0xfb, 0x0 ",,0,0,0,0,,,,,,,,,,,,,,,,,,,,,,,,,,,,,,,,,,,,,,,,
2532,00000013 2fab4f30,"@!P0 FMUL.FTZ R19, R17, 1.4426950216293334961 ",,0,0,0,0,,,,,,,,,,,,,,,,,,,,,,,,,,,,,,,,,,,,,,,,
2533,00000013 2fab4f40,"     IMAD.MOV.U32 R17, RZ, RZ, RZ ",,0,0,0,0,,,,,,,,,,,,,,,,,,,,,,,,,,,,,,,,,,,,,,,,
2534,00000013 2fab4f50,"@!P0 MUFU.EX2 R19, R19 ",,0,0,0,0,,,,,,,,,,,,,,,,,,,,,,,,,,,,,,,,,,,,,,,,
2535,00000013 2fab4f60,"@!P0 FFMA.FTZ.SAT R17, R19, R14, RZ ",,0,0,0,0,,,,,,,,,,,,,,,,,,,,,,,,,,,,,,,,,,,,,,,,
2536,00000013 2fab4f70,"     STS [R10+0x100], R17 ",,0,0,0,0,,,,,0,,,,,,,,,,,,,,,,,,,,,,,,,,,,,,,,,,,
2537,00000013 2fab4f80,     BSYNC B4 ,,0,0,0,0,,,,,,,,,,,,,,,,,,,,,,,,,,,,,,,,,,,,,,,,
2538,00000013 2fab4f90,"     BMOV.32.CLEAR RZ, B4 ",,0,0,0,0,,,,,,,,,,,,,,,,,,,,,,,,,,,,,,,,,,,,,,,,
2539,00000013 2fab4fa0,"     BSSY B4, 0x132fab5080 ",,0,0,0,0,,,,,,,,,,,,,,,,,,,,,,,,,,,,,,,,,,,,,,,,
2540,00000013 2fab4fb0,@P3  BRA 0x132fab5070 ,,0,0,0,0,,,,,,,,,,,,,,,,,,,,,,,,,,,,,,,,,,,,,,,,
2541,00000013 2fab4fc0,"     LDS.U R17, [R10+0x180] ",,0,0,0,0,,,,,0,,,,,,,,,,,,,,,,,,,,,,,,,,,,,,,,,,,
2542,00000013 2fab4fd0,"     FSETP.GEU.FTZ.AND P3, PT, |R14|, +INF , PT ",,0,0,0,0,,,,,,,,,,,,,,,,,,,,,,,,,,,,,,,,,,,,,,,,
2543,00000013 2fab4fe0,"     FADD.FTZ R17, -R18, R17 ",,0,0,0,0,,,,,,,,,,,,,,,,,,,,,,,,,,,,,,,,,,,,,,,,
2544,00000013 2fab4ff0,"     FSETP.GT.FTZ.AND P2, PT, R17, -12, PT ",,0,0,0,0,,,,,,,,,,,,,,,,,,,,,,,,,,,,,,,,,,,,,,,,
2545,00000013 2fab5000,"     FSETP.GEU.FTZ.AND P0, PT, R17, 20, PT ",,0,0,0,0,,,,,,,,,,,,,,,,,,,,,,,,,,,,,,,,,,,,,,,,
2546,00000013 2fab5010,"     PLOP3.LUT P0, PT, P3, P2, P0, 0xfb, 0x0 ",,0,0,0,0,,,,,,,,,,,,,,,,,,,,,,,,,,,,,,,,,,,,,,,,
2547,00000013 2fab5020,"@!P0 FMUL.FTZ R19, R17, 1.4426950216293334961 ",,0,0,0,0,,,,,,,,,,,,,,,,,,,,,,,,,,,,,,,,,,,,,,,,
2548,00000013 2fab5030,"     IMAD.MOV.U32 R17, RZ, RZ, RZ ",,0,0,0,0,,,,,,,,,,,,,,,,,,,,,,,,,,,,,,,,,,,,,,,,
2549,00000013 2fab5040,"@!P0 MUFU.EX2 R19, R19 ",,0,0,0,0,,,,,,,,,,,,,,,,,,,,,,,,,,,,,,,,,,,,,,,,
2550,00000013 2fab5050,"@!P0 FFMA.FTZ.SAT R17, R19, R14, RZ ",,0,0,0,0,,,,,,,,,,,,,,,,,,,,,,,,,,,,,,,,,,,,,,,,
2551,00000013 2fab5060,"     STS [R10+0x180], R17 ",,0,0,0,0,,,,,0,,,,,,,,,,,,,,,,,,,,,,,,,,,,,,,,,,,
2552,00000013 2fab5070,     BSYNC B4 ,,0,0,0,0,,,,,,,,,,,,,,,,,,,,,,,,,,,,,,,,,,,,,,,,
2553,00000013 2fab5080,"     IADD3 R16, R16, 0x80, RZ ",,0,0,0,0,,,,,,,,,,,,,,,,,,,,,,,,,,,,,,,,,,,,,,,,
2554,00000013 2fab5090,"     IADD3 R15, R15, 0x80, RZ ",,0,0,0,0,,,,,,,,,,,,,,,,,,,,,,,,,,,,,,,,,,,,,,,,
2555,00000013 2fab50a0,"     ISETP.GE.AND P0, PT, R16, R13, PT ",,0,0,0,0,,,,,,,,,,,,,,,,,,,,,,,,,,,,,,,,,,,,,,,,
2556,00000013 2fab50b0,"     IADD3 R10, R10, 0x200, RZ ",,0,0,0,0,,,,,,,,,,,,,,,,,,,,,,,,,,,,,,,,,,,,,,,,
2557,00000013 2fab50c0,@!P0 BRA 0x132fab4c40 ,,0,0,0,0,,,,,,,,,,,,,,,,,,,,,,,,,,,,,,,,,,,,,,,,
2558,00000013 2fab50d0,     BSYNC B2 ,,0,0,0,0,,,,,,,,,,,,,,,,,,,,,,,,,,,,,,,,,,,,,,,,
2559,00000013 2fab50e0,"     ISETP.GE.AND P0, PT, R16, R27, PT ",,0,0,0,0,,,,,,,,,,,,,,,,,,,,,,,,,,,,,,,,,,,,,,,,
2560,00000013 2fab50f0,@P0  BREAK B3 ,,0,0,0,0,,,,,,,,,,,,,,,,,,,,,,,,,,,,,,,,,,,,,,,,
2561,00000013 2fab5100,@P0  BRA 0x132fab52d0 ,,0,0,0,0,,,,,,,,,,,,,,,,,,,,,,,,,,,,,,,,,,,,,,,,
2562,00000013 2fab5110,     BSYNC B3 ,,0,0,0,0,,,,,,,,,,,,,,,,,,,,,,,,,,,,,,,,,,,,,,,,
2563,00000013 2fab5120,"     IMAD.SHL.U32 R15, R16, 0x4, RZ ",,0,0,0,0,,,,,,,,,,,,,,,,,,,,,,,,,,,,,,,,,,,,,,,,
2564,00000013 2fab5130,"     IMAD R11, R44, 0x3, R11 ",,0,0,0,0,,,,,,,,,,,,,,,,,,,,,,,,,,,,,,,,,,,,,,,,
2565,00000013 2fab5140,"     IMAD.IADD R17, R16, 0x1, R53 ",,0,0,0,0,,,,,,,,,,,,,,,,,,,,,,,,,,,,,,,,,,,,,,,,
2566,00000013 2fab5150,"     IMAD R15, R52, R11, R15 ",,0,0,0,0,,,,,,,,,,,,,,,,,,,,,,,,,,,,,,,,,,,,,,,,
2567,00000013 2fab5160,"     IMAD.IADD R15, R50, 0x1, R15 ",,0,0,0,0,,,,,,,,,,,,,,,,,,,,,,,,,,,,,,,,,,,,,,,,
2568,00000013 2fab5170,"@!PT SHFL.IDX PT, RZ, RZ, RZ, RZ ",,0,0,0,0,,,,,,,,,,,,,,,,,,,,,,,,,,,,,,,,,,,,,,,,
2569,00000013 2fab5180,"     ISETP.GE.AND P0, PT, R17, c[0x0][0x18c], PT ",,0,0,0,0,,,,,,,,,,,,,,,,,,,,,,,,,,,,,,,,,,,,,,,,
2570,00000013 2fab5190,"     BMOV.32.CLEAR RZ, B2 ",,0,0,0,0,,,,,,,,,,,,,,,,,,,,,,,,,,,,,,,,,,,,,,,,
2571,00000013 2fab51a0,"     IADD3 R16, R16, 0x20, RZ ",,0,0,0,0,,,,,,,,,,,,,,,,,,,,,,,,,,,,,,,,,,,,,,,,
2572,00000013 2fab51b0,"     BSSY B2, 0x132fab52a0 ",,0,0,0,0,,,,,,,,,,,,,,,,,,,,,,,,,,,,,,,,,,,,,,,,
2573,00000013 2fab51c0,"     ISETP.GE.AND P4, PT, R16, R27, PT ",,0,0,0,0,,,,,,,,,,,,,,,,,,,,,,,,,,,,,,,,,,,,,,,,
2574,00000013 2fab51d0,@P0  BRA 0x132fab5290 ,,0,0,0,0,,,,,,,,,,,,,,,,,,,,,,,,,,,,,,,,,,,,,,,,
2575,00000013 2fab51e0,"     LDS.U R11, [R15] ",,0,0,0,0,,,,,0,,,,,,,,,,,,,,,,,,,,,,,,,,,,,,,,,,,
2576,00000013 2fab51f0,"     FSETP.GEU.FTZ.AND P3, PT, |R14|, +INF , PT ",,0,0,0,0,,,,,,,,,,,,,,,,,,,,,,,,,,,,,,,,,,,,,,,,
2577,00000013 2fab5200,"     IMAD.MOV.U32 R10, RZ, RZ, RZ ",,0,0,0,0,,,,,,,,,,,,,,,,,,,,,,,,,,,,,,,,,,,,,,,,
2578,00000013 2fab5210,"     FADD.FTZ R11, -R18, R11 ",,0,0,0,0,,,,,,,,,,,,,,,,,,,,,,,,,,,,,,,,,,,,,,,,
2579,00000013 2fab5220,"     FSETP.GT.FTZ.AND P2, PT, R11, -12, PT ",,0,0,0,0,,,,,,,,,,,,,,,,,,,,,,,,,,,,,,,,,,,,,,,,
2580,00000013 2fab5230,"     FSETP.GEU.FTZ.AND P0, PT, R11, 20, PT ",,0,0,0,0,,,,,,,,,,,,,,,,,,,,,,,,,,,,,,,,,,,,,,,,
2581,00000013 2fab5240,"     PLOP3.LUT P0, PT, P3, P2, P0, 0xfb, 0x0 ",,0,0,0,0,,,,,,,,,,,,,,,,,,,,,,,,,,,,,,,,,,,,,,,,
2582,00000013 2fab5250,"@!P0 FMUL.FTZ R11, R11, 1.4426950216293334961 ",,0,0,0,0,,,,,,,,,,,,,,,,,,,,,,,,,,,,,,,,,,,,,,,,
2583,00000013 2fab5260,"@!P0 MUFU.EX2 R11, R11 ",,0,0,0,0,,,,,,,,,,,,,,,,,,,,,,,,,,,,,,,,,,,,,,,,
2584,00000013 2fab5270,"@!P0 FFMA.FTZ.SAT R10, R11, R14, RZ ",,0,0,0,0,,,,,,,,,,,,,,,,,,,,,,,,,,,,,,,,,,,,,,,,
2585,00000013 2fab5280,"     STS [R15], R10 ",,0,0,0,0,,,,,0,,,,,,,,,,,,,,,,,,,,,,,,,,,,,,,,,,,
2586,00000013 2fab5290,     BSYNC B2 ,,0,0,0,0,,,,,,,,,,,,,,,,,,,,,,,,,,,,,,,,,,,,,,,,
2587,00000013 2fab52a0,"     IADD3 R17, R17, 0x20, RZ ",,0,0,0,0,,,,,,,,,,,,,,,,,,,,,,,,,,,,,,,,,,,,,,,,
2588,00000013 2fab52b0,"     IADD3 R15, R15, 0x80, RZ ",,0,0,0,0,,,,,,,,,,,,,,,,,,,,,,,,,,,,,,,,,,,,,,,,
2589,00000013 2fab52c0,@!P4 BRA 0x132fab5170 ,,0,0,0,0,,,,,,,,,,,,,,,,,,,,,,,,,,,,,,,,,,,,,,,,
2590,00000013 2fab52d0,     BSYNC B1 ,,28,13,25600,819200,,,,,,,0,0,0,0,0,0,0,0,0,0,28,0,0,0,0,0,0,0,0,0,0,0,0,0,0,0,0,13,0,0,0,0,0,0
2591,00000013 2fab52e0,"     IMAD.IADD R11, R44, 0x1, R12 ",,4,3,25600,819200,,,,,,,0,0,0,0,0,0,0,0,0,0,2,0,1,0,0,0,1,0,0,0,0,0,0,0,0,0,0,2,0,0,0,0,0,1
2592,00000013 2fab52f0,"     IADD3 R6, R6, 0x1, RZ ",,1,0,25600,819200,,,,,,,0,0,0,0,0,0,0,0,0,0,0,0,1,0,0,0,0,0,0,0,0,0,0,0,0,0,0,0,0,0,0,0,0,0
2593,00000013 2fab5300,"     ISETP.GE.AND P0, PT, R11, 0x10, PT ",,21,14,25600,819200,,,,,,,0,0,0,0,0,0,1,0,0,0,18,0,0,0,0,0,2,0,0,0,0,0,0,1,0,0,0,11,0,0,0,0,0,2
2594,00000013 2fab5310,@!P0 BRA 0x132fab0720 ,,6,3,25600,0,,,,,,,0,0,0,0,0,0,0,0,0,0,0,0,1,0,0,0,5,0,0,0,0,0,0,0,0,0,0,0,0,0,0,0,0,3
2595,00000013 2fab5320,     BSYNC B0 ,,8,2,25600,819200,,,,,,,0,0,0,0,0,0,0,0,0,0,0,0,2,0,0,0,6,0,0,0,0,0,0,0,0,0,0,0,0,0,0,0,0,2
2596,00000013 2fab5330,     NOP ,,7,5,25600,819200,,,,,,,0,0,0,0,0,0,0,0,0,0,4,0,0,0,0,0,3,0,0,0,0,0,0,0,0,0,0,3,0,0,0,0,0,2
2597,00000013 2fab5340,     BAR.SYNC 0x0 ,,0,0,25600,819200,,,,,,,,,,,,,,,,,,,,,,,,,,,,,,,,,,,,,,,,
2598,00000013 2fab5350,@!P1 BRA 0x132fab68e0 ,,24,9,25600,0,,,,,,,20,0,0,0,0,0,0,0,0,0,0,1,1,0,0,0,2,9,0,0,0,0,0,0,0,0,0,0,0,0,0,0,0,0
2599,00000013 2fab5360,"     IMAD.MOV.U32 R56, RZ, RZ, RZ ",,2,0,25600,819200,,,,,,,0,0,0,0,0,0,0,0,0,0,0,0,0,0,0,0,2,0,0,0,0,0,0,0,0,0,0,0,0,0,0,0,0,0
2600,00000013 2fab5370,"@!PT SHFL.IDX PT, RZ, RZ, RZ, RZ ",,50,30,128000,0,,,,,,,0,0,0,0,0,0,0,0,2,1,37,3,1,0,0,0,6,0,0,0,0,0,0,0,0,2,1,24,0,0,0,0,0,3
2601,00000013 2fab5380,"     ISETP.GT.AND P1, PT, R26, 0xff, PT ",,14,5,128000,4096000,,,,,,,0,1,0,0,0,0,0,0,0,0,9,0,4,0,0,0,0,0,0,0,0,0,0,0,0,0,0,5,0,0,0,0,0,0
2602,00000013 2fab5390,"     BMOV.32.CLEAR RZ, B0 ",,0,0,128000,4096000,,,,,,,,,,,,,,,,,,,,,,,,,,,,,,,,,,,,,,,,
2603,00000013 2fab53a0,"     BSSY B0, 0x132fab59a0 ",,5,0,128000,4096000,,,,,,,0,0,0,0,0,0,0,0,0,0,0,0,5,0,0,0,0,0,0,0,0,0,0,0,0,0,0,0,0,0,0,0,0,0
2604,00000013 2fab53b0,@P1  BRA 0x132fab5990 ,,39,15,128000,0,,,,,,,0,0,0,0,0,0,0,0,0,0,0,2,3,0,0,0,34,0,0,0,0,0,0,0,0,0,0,0,0,0,0,0,0,15
2605,00000013 2fab53c0,"     IMAD.MOV.U32 R4, RZ, RZ, R26 ",,24,5,128000,4096000,,,,,,,0,0,0,0,0,0,0,0,0,0,0,3,4,0,0,0,17,0,0,0,0,0,0,0,0,0,0,0,0,0,0,0,0,5
2606,00000013 2fab53d0,"     SHF.R.S32.HI R5, RZ, 0x1f, R4 ",,44,15,128000,4096000,,,,,,,0,1,0,0,0,0,10,0,0,0,0,7,3,0,0,0,23,0,0,0,0,0,0,3,0,0,0,0,0,0,0,0,0,12
2607,00000013 2fab53e0,"     LEA.HI R5, R5, R4, RZ, 0x4 ",,17,5,128000,4096000,,,,,,,0,1,0,0,0,0,0,0,0,0,0,3,4,0,0,0,9,0,0,0,0,0,0,0,0,0,0,0,0,0,0,0,0,5
2608,00000013 2fab53f0,"     LOP3.LUT R7, R5, 0xfffffff0, RZ, 0xc0, !PT ",,26,10,128000,4096000,,,,,,,0,1,0,0,0,0,2,0,0,0,0,3,5,0,0,0,15,0,0,0,0,0,0,2,0,0,0,0,0,0,0,0,0,8
2609,00000013 2fab5400,"     SHF.R.S32.HI R8, RZ, 0x4, R5 ",,11,2,128000,4096000,,,,,,,0,1,0,0,0,0,0,0,0,0,3,0,3,0,0,0,4,0,0,0,0,0,0,0,0,0,0,1,0,0,0,0,0,1
2610,00000013 2fab5410,"     IMAD.IADD R9, R4, 0x1, -R7 ",,20,4,128000,4096000,,,,,,,0,0,0,0,0,0,1,0,0,0,0,7,7,0,0,0,5,0,0,0,0,0,0,0,0,0,0,0,0,0,0,0,0,4
2611,00000013 2fab5420,"     IMAD.IADD R7, R43, 0x1, R8 ",,12,3,128000,4096000,,,,,,,0,2,0,0,0,0,0,0,0,0,0,2,4,0,0,0,4,0,0,0,0,0,0,0,0,0,0,0,0,0,0,0,0,3
2612,00000013 2fab5430,"     IMAD.IADD R6, R9, 0x1, R56 ",,11,0,128000,4096000,,,,,,,0,1,0,0,0,0,1,0,0,0,0,0,7,0,0,0,2,0,0,0,0,0,0,0,0,0,0,0,0,0,0,0,0,0
2613,00000013 2fab5440,"     IMAD R9, R8, 0x18, R9 ",,4,0,128000,4096000,,,,,,,0,0,0,0,0,0,0,0,0,0,0,2,2,0,0,0,0,0,0,0,0,0,0,0,0,0,0,0,0,0,0,0,0,0
2614,00000013 2fab5450,"     IMAD.IADD R5, R6, 0x1, R53 ",,8,2,128000,4096000,,,,,,,0,0,0,0,0,0,0,0,0,0,0,0,4,0,0,0,4,0,0,0,0,0,0,0,0,0,0,0,0,0,0,0,0,2
2615,00000013 2fab5460,"     ISETP.GE.AND P0, PT, R6, R27, PT ",,9,0,128000,4096000,,,,,,,0,0,0,0,0,0,0,0,0,0,0,0,9,0,0,0,0,0,0,0,0,0,0,0,0,0,0,0,0,0,0,0,0,0
2616,00000013 2fab5470,"     ISETP.GE.OR P0, PT, R7, c[0x0][0x18c], P0 ",,20,7,128000,4096000,,,,,,,0,0,0,0,0,0,2,0,0,0,0,5,2,0,0,0,11,0,0,0,0,0,0,2,0,0,0,0,0,0,0,0,0,5
2617,00000013 2fab5480,"     ISETP.GE.OR P0, PT, R5, c[0x0][0x18c], P0 ",,25,6,128000,4096000,,,,,,,0,1,0,0,0,0,1,0,0,0,6,6,3,0,0,0,8,0,0,0,0,0,0,0,0,0,0,2,0,0,0,0,0,4
2618,00000013 2fab5490,"     IMAD.MOV.U32 R5, RZ, RZ, RZ ",,5,0,128000,4096000,,,,,,,0,0,0,0,0,0,0,0,0,0,0,0,5,0,0,0,0,0,0,0,0,0,0,0,0,0,0,0,0,0,0,0,0,0
2619,00000013 2fab54a0,"@!P0 IMAD R7, R8, c[0x0][0x198], R6 ",,30,10,128000,4096000,,,,,,,0,0,0,0,0,0,2,0,0,0,0,1,3,0,0,0,24,0,0,0,0,0,0,1,0,0,0,0,0,0,0,0,0,9
2620,00000013 2fab54b0,"     IADD3 R8, R4, c[0x0][0x0], RZ ",,2,0,128000,4096000,,,,,,,0,0,0,0,0,0,0,0,0,0,0,0,2,0,0,0,0,0,0,0,0,0,0,0,0,0,0,0,0,0,0,0,0,0
2621,00000013 2fab54c0,"     IMAD.IADD R6, R9, 0x1, R38 ",,6,0,128000,4096000,,,,,,,0,1,0,0,0,0,0,0,0,0,0,0,5,0,0,0,0,0,0,0,0,0,0,0,0,0,0,0,0,0,0,0,0,0
2622,00000013 2fab54d0,"@!P0 IMAD R7, R7, 0x4, R36 ",,8,1,128000,4096000,,,,,,,0,1,0,0,0,0,2,0,0,0,0,0,4,0,0,0,1,0,0,0,0,0,0,0,0,0,0,0,0,0,0,0,0,1
2623,00000013 2fab54e0,"     IMAD.SHL.U32 R6, R6, 0x2, RZ ",,14,2,128000,4096000,,,,,,,0,0,0,0,0,0,1,0,0,0,0,0,6,0,0,0,7,0,0,0,0,0,0,0,0,0,0,0,0,0,0,0,0,2
2624,00000013 2fab54f0,"@!P0 LDS.U R5, [R7+0x300] ",,22,6,128000,4096000,Shared,Load,32,,256000,,0,1,0,0,0,0,0,0,0,0,0,5,2,0,0,0,14,0,0,0,0,0,0,0,0,0,0,0,0,0,0,0,0,6
2625,00000013 2fab5500,"     ISETP.GT.AND P0, PT, R8, 0xff, PT ",,22,13,128000,4096000,,,,,,,0,0,0,0,0,0,0,0,0,0,16,0,6,0,0,0,0,0,0,0,0,0,0,0,0,0,0,13,0,0,0,0,0,0
2626,00000013 2fab5510,"     F2F.F16.F32 R5, R5 ",,83,33,128000,4096000,,,,,,,0,1,0,0,0,0,0,0,0,1,0,2,8,71,0,0,0,0,0,0,0,0,0,0,0,0,1,0,0,0,32,0,0,0
2627,00000013 2fab5520,"     STS.U16 [R6], R5 ",,53,27,128000,4096000,Shared,Store,16,,128000,,0,0,0,0,0,0,0,0,0,0,0,0,3,43,0,0,7,0,0,0,0,0,0,0,0,0,0,0,0,0,24,0,0,3
2628,00000013 2fab5530,@P0  BRA 0x132fab5990 ,,34,20,128000,0,,,,,,,0,0,0,0,0,0,0,0,0,0,0,0,1,0,0,0,33,0,0,0,0,0,0,0,0,0,0,0,0,0,0,0,0,20
2629,00000013 2fab5540,"     SHF.R.S32.HI R4, RZ, 0x1f, R8 ",,17,12,128000,4096000,,,,,,,0,0,0,0,0,0,1,0,0,0,0,0,2,0,0,0,14,0,0,0,0,0,0,1,0,0,0,0,0,0,0,0,0,11
2630,00000013 2fab5550,"     LEA.HI R4, R4, R8, RZ, 0x4 ",,24,10,128000,4096000,,,,,,,0,1,0,0,0,0,2,0,0,0,0,7,3,0,0,0,11,0,0,0,0,0,0,1,0,0,0,0,0,0,0,0,0,9
2631,00000013 2fab5560,"     LOP3.LUT R5, R4, 0xfffffff0, RZ, 0xc0, !PT ",,21,7,128000,4096000,,,,,,,0,0,0,0,0,0,1,0,0,0,0,5,1,1,0,0,13,0,0,0,0,0,0,0,0,0,0,0,0,0,1,0,0,6
2632,00000013 2fab5570,"     SHF.R.S32.HI R6, RZ, 0x4, R4 ",,11,5,128000,4096000,,,,,,,0,0,0,0,0,0,1,0,0,0,0,0,4,0,0,0,6,0,0,0,0,0,0,0,0,0,0,0,0,0,0,0,0,5
2633,00000013 2fab5580,"     IMAD.IADD R7, R8, 0x1, -R5 ",,16,3,128000,4096000,,,,,,,0,0,0,0,0,0,0,0,0,0,2,4,3,0,0,0,7,0,0,0,0,0,0,0,0,0,0,0,0,0,0,0,0,3
2634,00000013 2fab5590,"     IADD3 R8, R8, c[0x0][0x0], RZ ",,2,1,128000,4096000,,,,,,,0,0,0,1,0,0,0,0,0,0,0,0,1,0,0,0,0,0,0,0,1,0,0,0,0,0,0,0,0,0,0,0,0,0
2635,00000013 2fab55a0,"     IMAD.IADD R9, R43, 0x1, R6 ",,3,0,128000,4096000,,,,,,,0,0,0,0,0,0,0,0,0,0,0,0,3,0,0,0,0,0,0,0,0,0,0,0,0,0,0,0,0,0,0,0,0,0
2636,00000013 2fab55b0,"     IMAD.IADD R4, R7, 0x1, R56 ",,7,3,128000,4096000,,,,,,,0,1,0,0,0,0,1,0,0,0,0,0,2,0,0,0,3,0,0,0,0,0,0,0,0,0,0,0,0,0,0,0,0,3
2637,00000013 2fab55c0,"     IMAD R7, R6, 0x18, R7 ",,8,0,128000,4096000,,,,,,,0,0,0,0,0,0,1,0,0,0,0,0,5,0,0,0,2,0,0,0,0,0,0,0,0,0,0,0,0,0,0,0,0,0
2638,00000013 2fab55d0,"     IMAD.IADD R5, R4, 0x1, R53 ",,9,1,128000,4096000,,,,,,,0,0,0,0,0,0,0,0,0,0,0,0,5,0,0,0,4,0,0,0,0,0,0,0,0,0,0,0,0,0,0,0,0,1
2639,00000013 2fab55e0,"     ISETP.GE.AND P0, PT, R4, R27, PT ",,5,0,128000,4096000,,,,,,,0,0,0,0,0,0,0,0,0,0,0,0,5,0,0,0,0,0,0,0,0,0,0,0,0,0,0,0,0,0,0,0,0,0
2640,00000013 2fab55f0,"     IMAD.IADD R7, R7, 0x1, R38 ",,4,0,128000,4096000,,,,,,,0,0,0,0,0,0,0,0,0,0,0,0,4,0,0,0,0,0,0,0,0,0,0,0,0,0,0,0,0,0,0,0,0,0
2641,00000013 2fab5600,"     ISETP.GE.OR P0, PT, R9, c[0x0][0x18c], P0 ",,26,7,128000,4096000,,,,,,,0,1,0,0,0,0,5,0,0,0,4,4,6,0,0,0,6,0,1,0,0,0,0,2,0,0,0,3,0,0,0,0,0,1
2642,00000013 2fab5610,"     IMAD.SHL.U32 R7, R7, 0x2, RZ ",,2,0,128000,4096000,,,,,,,0,0,0,0,0,0,0,0,0,0,0,0,2,0,0,0,0,0,0,0,0,0,0,0,0,0,0,0,0,0,0,0,0,0
2643,00000013 2fab5620,"     ISETP.GE.OR P0, PT, R5, c[0x0][0x18c], P0 ",,16,4,128000,4096000,,,,,,,0,0,0,0,0,0,2,0,0,0,0,4,4,0,0,0,6,0,0,0,0,0,0,0,0,0,0,0,0,0,0,0,0,4
2644,00000013 2fab5630,"@!P0 IMAD R5, R6, c[0x0][0x198], R4 ",,49,23,128000,4096000,,,,,,,0,0,0,0,0,0,1,0,0,0,0,3,3,0,0,0,42,0,0,0,0,0,0,0,0,0,0,0,0,0,0,0,0,23
2645,00000013 2fab5640,"     IMAD.MOV.U32 R4, RZ, RZ, RZ ",,5,1,128000,4096000,,,,,,,0,0,0,0,0,0,0,0,0,0,0,1,3,0,0,0,1,0,0,0,0,0,0,0,0,0,0,0,0,0,0,0,0,1
2646,00000013 2fab5650,"@!P0 IMAD R5, R5, 0x4, R36 ",,5,1,128000,4096000,,,,,,,0,0,0,0,0,0,1,0,0,0,0,0,3,0,0,0,1,0,0,0,0,0,0,0,0,0,0,0,0,0,0,0,0,1
2647,00000013 2fab5660,"@!P0 LDS.U R4, [R5+0x300] ",,29,5,128000,4096000,Shared,Load,32,,256000,,0,0,0,0,0,0,0,0,0,0,0,9,3,0,0,0,17,0,0,0,0,0,0,0,0,0,0,0,0,0,0,0,0,5
2648,00000013 2fab5670,"     ISETP.GT.AND P0, PT, R8, 0xff, PT ",,1,0,128000,4096000,,,,,,,0,0,0,0,0,0,0,0,0,0,0,0,1,0,0,0,0,0,0,0,0,0,0,0,0,0,0,0,0,0,0,0,0,0
2649,00000013 2fab5680,"     F2F.F16.F32 R4, R4 ",,87,41,128000,4096000,,,,,,,0,0,0,0,0,0,0,0,0,0,9,1,3,74,0,0,0,0,0,0,0,0,0,0,0,0,0,7,0,0,34,0,0,0
2650,00000013 2fab5690,"     STS.U16 [R7], R4 ",,43,18,128000,4096000,Shared,Store,16,,128000,,0,1,0,0,0,0,0,0,2,0,0,2,0,37,0,0,1,0,0,0,0,0,0,0,0,1,0,0,0,0,17,0,0,0
2651,00000013 2fab56a0,@P0  BRA 0x132fab5990 ,,25,10,128000,4096000,,,,,,,0,0,0,0,0,0,0,0,0,0,0,3,2,0,0,0,20,0,0,0,0,0,0,0,0,0,0,0,0,0,0,0,0,10
2652,00000013 2fab56b0,"     SHF.R.S32.HI R4, RZ, 0x1f, R8 ",,12,5,0,0,,,,,,,0,0,0,0,0,0,0,0,0,0,0,0,3,0,0,0,9,0,0,0,0,0,0,0,0,0,0,0,0,0,0,0,0,5
2653,00000013 2fab56c0,"     LEA.HI R4, R4, R8, RZ, 0x4 ",,0,0,0,0,,,,,,,,,,,,,,,,,,,,,,,,,,,,,,,,,,,,,,,,
2654,00000013 2fab56d0,"     LOP3.LUT R5, R4, 0xfffffff0, RZ, 0xc0, !PT ",,0,0,0,0,,,,,,,,,,,,,,,,,,,,,,,,,,,,,,,,,,,,,,,,
2655,00000013 2fab56e0,"     SHF.R.S32.HI R6, RZ, 0x4, R4 ",,0,0,0,0,,,,,,,,,,,,,,,,,,,,,,,,,,,,,,,,,,,,,,,,
2656,00000013 2fab56f0,"     IMAD.IADD R7, R8, 0x1, -R5 ",,0,0,0,0,,,,,,,,,,,,,,,,,,,,,,,,,,,,,,,,,,,,,,,,
2657,00000013 2fab5700,"     IADD3 R8, R8, c[0x0][0x0], RZ ",,0,0,0,0,,,,,,,,,,,,,,,,,,,,,,,,,,,,,,,,,,,,,,,,
2658,00000013 2fab5710,"     IMAD.IADD R9, R43, 0x1, R6 ",,0,0,0,0,,,,,,,,,,,,,,,,,,,,,,,,,,,,,,,,,,,,,,,,
2659,00000013 2fab5720,"     IMAD.IADD R4, R7, 0x1, R56 ",,0,0,0,0,,,,,,,,,,,,,,,,,,,,,,,,,,,,,,,,,,,,,,,,
2660,00000013 2fab5730,"     IMAD R7, R6, 0x18, R7 ",,0,0,0,0,,,,,,,,,,,,,,,,,,,,,,,,,,,,,,,,,,,,,,,,
2661,00000013 2fab5740,"     IMAD.IADD R5, R4, 0x1, R53 ",,0,0,0,0,,,,,,,,,,,,,,,,,,,,,,,,,,,,,,,,,,,,,,,,
2662,00000013 2fab5750,"     ISETP.GE.AND P0, PT, R4, R27, PT ",,0,0,0,0,,,,,,,,,,,,,,,,,,,,,,,,,,,,,,,,,,,,,,,,
2663,00000013 2fab5760,"     IMAD.IADD R7, R7, 0x1, R38 ",,0,0,0,0,,,,,,,,,,,,,,,,,,,,,,,,,,,,,,,,,,,,,,,,
2664,00000013 2fab5770,"     ISETP.GE.OR P0, PT, R9, c[0x0][0x18c], P0 ",,0,0,0,0,,,,,,,,,,,,,,,,,,,,,,,,,,,,,,,,,,,,,,,,
2665,00000013 2fab5780,"     IMAD.SHL.U32 R7, R7, 0x2, RZ ",,0,0,0,0,,,,,,,,,,,,,,,,,,,,,,,,,,,,,,,,,,,,,,,,
2666,00000013 2fab5790,"     ISETP.GE.OR P0, PT, R5, c[0x0][0x18c], P0 ",,0,0,0,0,,,,,,,,,,,,,,,,,,,,,,,,,,,,,,,,,,,,,,,,
2667,00000013 2fab57a0,"@!P0 IMAD R5, R6, c[0x0][0x198], R4 ",,0,0,0,0,,,,,,,,,,,,,,,,,,,,,,,,,,,,,,,,,,,,,,,,
2668,00000013 2fab57b0,"     IMAD.MOV.U32 R4, RZ, RZ, RZ ",,0,0,0,0,,,,,,,,,,,,,,,,,,,,,,,,,,,,,,,,,,,,,,,,
2669,00000013 2fab57c0,"@!P0 IMAD R5, R5, 0x4, R36 ",,0,0,0,0,,,,,,,,,,,,,,,,,,,,,,,,,,,,,,,,,,,,,,,,
2670,00000013 2fab57d0,"@!P0 LDS.U R4, [R5+0x300] ",,0,0,0,0,,,,,0,,,,,,,,,,,,,,,,,,,,,,,,,,,,,,,,,,,
2671,00000013 2fab57e0,"     ISETP.GT.AND P0, PT, R8, 0xff, PT ",,0,0,0,0,,,,,,,,,,,,,,,,,,,,,,,,,,,,,,,,,,,,,,,,
2672,00000013 2fab57f0,"     F2F.F16.F32 R4, R4 ",,0,0,0,0,,,,,,,,,,,,,,,,,,,,,,,,,,,,,,,,,,,,,,,,
2673,00000013 2fab5800,"     STS.U16 [R7], R4 ",,0,0,0,0,,,,,0,,,,,,,,,,,,,,,,,,,,,,,,,,,,,,,,,,,
2674,00000013 2fab5810,@P0  BRA 0x132fab5990 ,,0,0,0,0,,,,,,,,,,,,,,,,,,,,,,,,,,,,,,,,,,,,,,,,
2675,00000013 2fab5820,"     SHF.R.S32.HI R4, RZ, 0x1f, R8 ",,0,0,0,0,,,,,,,,,,,,,,,,,,,,,,,,,,,,,,,,,,,,,,,,
2676,00000013 2fab5830,"     LEA.HI R4, R4, R8, RZ, 0x4 ",,0,0,0,0,,,,,,,,,,,,,,,,,,,,,,,,,,,,,,,,,,,,,,,,
2677,00000013 2fab5840,"     LOP3.LUT R5, R4, 0xfffffff0, RZ, 0xc0, !PT ",,0,0,0,0,,,,,,,,,,,,,,,,,,,,,,,,,,,,,,,,,,,,,,,,
2678,00000013 2fab5850,"     SHF.R.S32.HI R4, RZ, 0x4, R4 ",,0,0,0,0,,,,,,,,,,,,,,,,,,,,,,,,,,,,,,,,,,,,,,,,
2679,00000013 2fab5860,"     IMAD.IADD R9, R8, 0x1, -R5 ",,0,0,0,0,,,,,,,,,,,,,,,,,,,,,,,,,,,,,,,,,,,,,,,,
2680,00000013 2fab5870,"     IMAD.IADD R7, R43, 0x1, R4 ",,0,0,0,0,,,,,,,,,,,,,,,,,,,,,,,,,,,,,,,,,,,,,,,,
2681,00000013 2fab5880,"     IMAD.IADD R6, R9, 0x1, R56 ",,0,0,0,0,,,,,,,,,,,,,,,,,,,,,,,,,,,,,,,,,,,,,,,,
2682,00000013 2fab5890,"     IMAD R9, R4, 0x18, R9 ",,0,0,0,0,,,,,,,,,,,,,,,,,,,,,,,,,,,,,,,,,,,,,,,,
2683,00000013 2fab58a0,"     IMAD.IADD R5, R6, 0x1, R53 ",,0,0,0,0,,,,,,,,,,,,,,,,,,,,,,,,,,,,,,,,,,,,,,,,
2684,00000013 2fab58b0,"     ISETP.GE.AND P0, PT, R6, R27, PT ",,0,0,0,0,,,,,,,,,,,,,,,,,,,,,,,,,,,,,,,,,,,,,,,,
2685,00000013 2fab58c0,"     ISETP.GE.OR P0, PT, R7, c[0x0][0x18c], P0 ",,0,0,0,0,,,,,,,,,,,,,,,,,,,,,,,,,,,,,,,,,,,,,,,,
2686,00000013 2fab58d0,"     ISETP.GE.OR P0, PT, R5, c[0x0][0x18c], P0 ",,0,0,0,0,,,,,,,,,,,,,,,,,,,,,,,,,,,,,,,,,,,,,,,,
2687,00000013 2fab58e0,"     IMAD.MOV.U32 R5, RZ, RZ, RZ ",,0,0,0,0,,,,,,,,,,,,,,,,,,,,,,,,,,,,,,,,,,,,,,,,
2688,00000013 2fab58f0,"@!P0 IMAD R7, R4, c[0x0][0x198], R6 ",,0,0,0,0,,,,,,,,,,,,,,,,,,,,,,,,,,,,,,,,,,,,,,,,
2689,00000013 2fab5900,"     IADD3 R4, R8, c[0x0][0x0], RZ ",,0,0,0,0,,,,,,,,,,,,,,,,,,,,,,,,,,,,,,,,,,,,,,,,
2690,00000013 2fab5910,"     IMAD.IADD R6, R9, 0x1, R38 ",,0,0,0,0,,,,,,,,,,,,,,,,,,,,,,,,,,,,,,,,,,,,,,,,
2691,00000013 2fab5920,"@!P0 IMAD R7, R7, 0x4, R36 ",,0,0,0,0,,,,,,,,,,,,,,,,,,,,,,,,,,,,,,,,,,,,,,,,
2692,00000013 2fab5930,"     IMAD.SHL.U32 R6, R6, 0x2, RZ ",,0,0,0,0,,,,,,,,,,,,,,,,,,,,,,,,,,,,,,,,,,,,,,,,
2693,00000013 2fab5940,"@!P0 LDS.U R5, [R7+0x300] ",,0,0,0,0,,,,,0,,,,,,,,,,,,,,,,,,,,,,,,,,,,,,,,,,,
2694,00000013 2fab5950,"     ISETP.GE.AND P0, PT, R4, 0x100, PT ",,0,0,0,0,,,,,,,,,,,,,,,,,,,,,,,,,,,,,,,,,,,,,,,,
2695,00000013 2fab5960,"     F2F.F16.F32 R5, R5 ",,0,0,0,0,,,,,,,,,,,,,,,,,,,,,,,,,,,,,,,,,,,,,,,,
2696,00000013 2fab5970,"     STS.U16 [R6], R5 ",,0,0,0,0,,,,,0,,,,,,,,,,,,,,,,,,,,,,,,,,,,,,,,,,,
2697,00000013 2fab5980,@!P0 BRA 0x132fab53d0 ,,0,0,0,0,,,,,,,,,,,,,,,,,,,,,,,,,,,,,,,,,,,,,,,,
2698,00000013 2fab5990,     BSYNC B0 ,,72,41,128000,4096000,,,,,,,0,0,0,0,0,0,0,0,0,0,70,2,0,0,0,0,0,0,0,0,0,0,0,0,0,0,0,41,0,0,0,0,0,0
2699,00000013 2fab59a0,     NOP ,,49,16,128000,4096000,,,,,,,0,0,0,0,0,0,0,0,0,0,27,3,4,0,0,0,15,0,0,0,0,0,0,0,0,0,0,10,0,0,0,0,0,6
2700,00000013 2fab59b0,     BAR.SYNC 0x0 ,,2,0,128000,4096000,,,,,,,0,0,0,0,0,0,0,0,0,0,0,0,2,0,0,0,0,0,0,0,0,0,0,0,0,0,0,0,0,0,0,0,0,0
2701,00000013 2fab59c0,"     ISETP.LT.AND P0, PT, RZ, c[0x0][0x190], PT ",,106,42,128000,4096000,,,,,,,85,0,0,0,0,0,3,0,0,0,0,4,1,0,0,0,13,36,0,0,0,0,0,2,0,0,0,0,0,0,0,0,0,4
2702,00000013 2fab59d0,@!P0 BRA 0x132fab68b0 ,,43,19,128000,0,,,,,,,0,0,0,0,0,0,0,0,0,0,0,1,2,0,0,0,40,0,0,0,0,0,0,0,0,0,0,0,0,0,0,0,0,19
2703,00000013 2fab59e0,"     S2R R4, SR_LANEID ",,19,6,128000,4096000,,,,,,,0,0,0,0,0,0,0,0,1,0,0,0,4,0,0,0,14,0,0,0,0,0,0,0,0,0,0,0,0,0,0,0,0,6
2704,00000013 2fab59f0,"     IMAD.IADD R59, R56, 0x1, R53 ",,4,0,128000,4096000,,,,,,,0,0,0,0,0,0,0,0,0,0,0,0,4,0,0,0,0,0,0,0,0,0,0,0,0,0,0,0,0,0,0,0,0,0
2705,00000013 2fab5a00,"     IMAD.SHL.U32 R57, R39, 0x2, RZ ",,11,2,128000,4096000,,,,,,,0,0,0,0,0,0,0,0,0,0,4,0,3,0,0,0,4,0,0,0,0,0,0,0,0,0,0,1,0,0,0,0,0,1
2706,00000013 2fab5a10,"     IMAD.MOV.U32 R55, RZ, RZ, RZ ",,10,2,128000,4096000,,,,,,,0,0,0,0,0,0,0,0,0,0,0,2,4,0,0,0,4,0,0,0,0,0,0,0,0,0,0,0,0,0,0,0,0,2
2707,00000013 2fab5a20,"     IMAD.MOV.U32 R58, RZ, RZ, RZ ",,8,1,128000,4096000,,,,,,,0,0,0,0,0,0,1,0,0,0,0,0,6,0,0,0,1,0,0,0,0,0,0,0,0,0,0,0,0,0,0,0,0,1
2708,00000013 2fab5a30,"     SHF.R.U32.HI R5, RZ, 0x2, R4 ",,74,28,128000,4096000,,,,,,,0,0,0,0,0,0,1,0,0,1,0,5,4,63,0,0,0,0,0,0,0,0,0,0,0,0,1,0,0,0,27,0,0,0
2709,00000013 2fab5a40,"     LOP3.LUT R6, R5, 0x3, RZ, 0xc0, !PT ",,26,14,128000,4096000,,,,,,,0,0,0,0,0,0,3,0,0,0,0,4,3,0,0,0,16,0,0,0,0,0,0,1,0,0,0,0,0,0,0,0,0,13
2710,00000013 2fab5a50,"     LOP3.LUT R5, R4, 0x3, RZ, 0xc0, !PT ",,7,4,128000,4096000,,,,,,,0,0,0,0,0,0,2,0,0,0,0,2,1,0,0,0,2,0,0,0,0,0,0,2,0,0,0,0,0,0,0,0,0,2
2711,00000013 2fab5a60,"     SHF.R.U32.HI R4, RZ, 0x4, R4 ",,14,5,128000,4096000,,,,,,,0,0,0,0,0,0,2,0,0,0,0,2,4,0,0,0,6,0,0,0,0,0,0,2,0,0,0,0,0,0,0,0,0,3
2712,00000013 2fab5a70,"     IMAD.SHL.U32 R6, R6, 0x8, RZ ",,1,0,128000,4096000,,,,,,,0,0,0,0,0,0,0,0,0,0,0,0,1,0,0,0,0,0,0,0,0,0,0,0,0,0,0,0,0,0,0,0,0,0
2713,00000013 2fab5a80,"     LOP3.LUT R4, R4, 0x1, RZ, 0xc0, !PT ",,16,2,128000,4096000,,,,,,,0,0,0,0,0,0,1,0,0,0,0,6,5,0,0,0,4,0,0,0,0,0,0,1,0,0,0,0,0,0,0,0,0,1
2714,00000013 2fab5a90,"     LOP3.LUT R5, R6, 0x8, R5, 0xe2, !PT ",,11,5,128000,4096000,,,,,,,0,0,0,0,0,0,1,0,0,0,0,0,6,0,0,0,4,0,0,0,0,0,0,1,0,0,0,0,0,0,0,0,0,4
2715,00000013 2fab5aa0,"     IMAD R4, R4, 0x4, R5 ",,26,11,128000,4096000,,,,,,,0,1,0,0,0,0,1,0,0,0,0,3,2,0,0,0,19,0,1,0,0,0,0,0,0,0,0,0,0,0,0,0,0,10
2716,00000013 2fab5ab0,"     IMAD.SHL.U32 R5, R4, 0x2, RZ ",,21,2,128000,4096000,,,,,,,0,0,0,0,0,0,0,0,0,0,0,6,6,0,0,0,9,0,0,0,0,0,0,0,0,0,0,0,0,0,0,0,0,2
2717,00000013 2fab5ac0,"     IMAD R4, R5, 0x18, R36 ",,15,4,128000,4096000,,,,,,,0,1,0,0,0,0,1,0,0,0,0,2,1,0,0,0,10,0,0,0,0,0,0,0,0,0,0,0,0,0,0,0,0,4
2718,00000013 2fab5ad0,"     LDS.U.128 R16, [R4] ",,33,14,128000,4096000,Shared,Load,128,,384000,,0,0,0,0,0,0,0,0,3,0,0,2,3,0,0,0,25,0,0,0,0,0,0,0,0,1,0,0,0,0,0,0,0,13
2719,00000013 2fab5ae0,"     LDS.U.128 R12, [R4+0x10] ",,15,7,128000,4096000,Shared,Load,128,,384000,,0,0,0,0,0,0,0,0,1,0,0,1,1,0,0,0,12,0,0,0,0,0,0,0,0,1,0,0,0,0,0,0,0,6
2720,00000013 2fab5af0,"@!PT SHFL.IDX PT, RZ, RZ, RZ, RZ ",,86,36,512000,0,,,,,,,0,0,0,0,0,0,0,0,3,1,69,6,3,0,0,0,4,0,0,0,0,0,0,0,0,2,0,32,0,0,0,0,0,2
2721,00000013 2fab5b00,"     BMOV.32.CLEAR RZ, B0 ",,46,17,512000,16384000,,,,,,,0,2,0,0,0,0,0,0,0,0,29,2,13,0,0,0,0,0,0,0,0,0,0,0,0,0,0,17,0,0,0,0,0,0
2722,00000013 2fab5b10,"     BSSY B0, 0x132fab6360 ",,12,0,512000,16384000,,,,,,,0,0,0,0,0,0,0,0,0,0,0,0,12,0,0,0,0,0,0,0,0,0,0,0,0,0,0,0,0,0,0,0,0,0
2723,00000013 2fab5b20,@P1  BRA 0x132fab6350 ,,14,0,512000,0,,,,,,,0,0,0,0,0,0,0,0,0,0,0,1,13,0,0,0,0,0,0,0,0,0,0,0,0,0,0,0,0,0,0,0,0,0
2724,00000013 2fab5b30,"     IMAD.MOV.U32 R6, RZ, RZ, R26 ",,57,20,512000,16384000,,,,,,,0,1,0,0,0,0,2,0,0,0,0,3,13,0,0,0,38,0,0,0,0,0,0,1,0,0,0,0,0,0,0,0,0,19
2725,00000013 2fab5b40,"@!PT SHFL.IDX PT, RZ, RZ, RZ, RZ ",,157,59,512000,0,,,,,,,0,4,0,0,0,0,0,0,8,0,0,19,11,0,0,0,115,0,0,0,0,0,0,0,0,8,0,0,0,0,0,0,0,51
2726,00000013 2fab5b50,"     SHF.R.S32.HI R5, RZ, 0x1f, R6 ",,13,0,512000,16384000,,,,,,,0,0,0,0,0,0,0,0,0,0,0,0,13,0,0,0,0,0,0,0,0,0,0,0,0,0,0,0,0,0,0,0,0,0
2727,00000013 2fab5b60,"     BMOV.32.CLEAR RZ, B1 ",,9,0,512000,16384000,,,,,,,0,0,0,0,0,0,0,0,0,0,0,0,9,0,0,0,0,0,0,0,0,0,0,0,0,0,0,0,0,0,0,0,0,0
2728,00000013 2fab5b70,"     BSSY B1, 0x132fab5d10 ",,19,0,512000,16384000,,,,,,,0,0,0,0,0,0,0,0,0,0,0,0,19,0,0,0,0,0,0,0,0,0,0,0,0,0,0,0,0,0,0,0,0,0
2729,00000013 2fab5b80,"     LEA.HI R5, R5, R6, RZ, 0x4 ",,58,15,512000,16384000,,,,,,,0,0,0,0,0,0,6,0,0,0,15,11,11,0,0,0,15,0,0,0,0,0,0,3,0,0,0,11,0,0,0,0,0,1
2730,00000013 2fab5b90,"     LOP3.LUT R7, R5, 0xfffffff0, RZ, 0xc0, !PT ",,105,28,512000,16384000,,,,,,,0,1,0,0,0,0,15,0,0,0,0,27,13,0,0,0,49,0,0,0,0,0,0,7,0,0,0,0,0,0,0,0,0,21
2731,00000013 2fab5ba0,"     SHF.R.S32.HI R5, RZ, 0x4, R5 ",,41,7,512000,16384000,,,,,,,0,0,0,0,0,0,3,0,0,0,0,3,19,0,0,0,16,0,0,0,0,0,0,2,0,0,0,0,0,0,0,0,0,5
2732,00000013 2fab5bb0,"     IMAD.IADD R4, R6, 0x1, -R7 ",,51,14,512000,16384000,,,,,,,0,0,0,0,0,0,5,0,0,0,0,11,7,0,0,0,28,0,0,0,0,0,0,1,0,0,0,0,0,0,0,0,0,13
2733,00000013 2fab5bc0,"     IMAD.IADD R8, R59, 0x1, R5 ",,26,7,512000,16384000,,,,,,,0,0,0,0,0,0,1,0,0,0,0,1,11,0,0,0,13,0,0,0,0,0,0,0,0,0,0,0,0,0,0,0,0,7
2734,00000013 2fab5bd0,"     IMAD.IADD R10, R4, 0x1, R55 ",,38,11,512000,16384000,,,,,,,0,0,0,0,0,0,2,0,0,0,0,0,16,0,0,0,20,0,0,0,0,0,0,2,0,0,0,0,0,0,0,0,0,9
2735,00000013 2fab5be0,"     IMAD.IADD R4, R39, 0x1, R4 ",,42,7,512000,16384000,,,,,,,0,1,0,0,0,0,1,0,0,0,0,3,15,0,0,0,22,0,0,0,0,0,0,0,0,0,0,0,0,0,0,0,0,7
2736,00000013 2fab5bf0,"     ISETP.GE.AND P0, PT, R10, c[0x0][0x190], PT ",,73,25,512000,16384000,,,,,,,0,2,0,1,0,0,20,0,0,0,0,12,11,0,0,0,27,0,0,0,0,0,0,11,0,0,0,0,0,0,0,0,0,14
2737,00000013 2fab5c00,"     IMAD R4, R5, 0x18, R4 ",,23,7,512000,16384000,,,,,,,0,1,0,0,0,0,0,0,0,0,11,1,10,0,0,0,0,0,0,0,0,0,0,0,0,0,0,7,0,0,0,0,0,0
2738,00000013 2fab5c10,"     ISETP.GE.OR P0, PT, R8, c[0x0][0x18c], P0 ",,63,19,512000,16384000,,,,,,,0,1,0,0,0,0,7,0,0,0,0,14,11,0,0,0,30,0,0,0,0,0,0,2,0,0,0,0,0,0,0,0,0,17
2739,00000013 2fab5c20,"     IMAD.SHL.U32 R7, R4, 0x2, RZ ",,12,0,512000,16384000,,,,,,,0,1,0,0,0,0,0,0,0,0,0,0,11,0,0,0,0,0,0,0,0,0,0,0,0,0,0,0,0,0,0,0,0,0
2740,00000013 2fab5c30,"     PRMT R4, RZ, 0x7610, R4 ",,14,0,512000,16384000,,,,,,,0,1,0,0,0,0,0,0,0,0,0,0,13,0,0,0,0,0,0,0,0,0,0,0,0,0,0,0,0,0,0,0,0,0
2741,00000013 2fab5c40,@P0  BRA 0x132fab5d00 ,,163,68,512000,0,,,,,,,0,3,0,0,0,0,0,0,0,0,0,10,8,0,0,0,142,0,0,0,0,0,0,0,0,0,0,0,0,0,0,0,0,68
2742,00000013 2fab5c50,"     IMAD R5, R8, c[0x0][0x190], RZ ",,59,22,512000,16384000,,,,,,,0,0,0,0,0,0,2,0,0,0,0,3,7,0,0,0,47,0,0,0,0,0,0,0,0,0,0,0,0,0,0,0,0,22
2743,00000013 2fab5c60,"     SHF.R.S32.HI R9, RZ, 0x1f, R10 ",,20,0,512000,16384000,,,,,,,0,1,0,0,0,0,0,0,0,0,0,0,19,0,0,0,0,0,0,0,0,0,0,0,0,0,0,0,0,0,0,0,0,0
2744,00000013 2fab5c70,"     IADD3 R11, P0, P2, R10, R5, R30 ",,76,24,512000,16384000,,,,,,,0,3,0,0,0,0,12,0,0,0,0,16,12,0,0,0,33,0,0,0,0,0,0,9,0,0,0,0,0,0,0,0,0,15
2745,00000013 2fab5c80,"     SHF.R.S32.HI R8, RZ, 0x1f, R5 ",,37,17,512000,16384000,,,,,,,0,1,0,0,0,0,0,0,0,0,12,1,12,0,0,0,11,0,0,0,0,0,0,0,0,0,0,8,0,0,0,0,0,9
2746,00000013 2fab5c90,"     IADD3.X R8, R9, R8, R33, P0, P2 ",,80,25,512000,16384000,,,,,,,0,1,0,0,0,0,9,0,0,0,0,9,15,0,0,0,46,0,0,0,0,0,0,6,0,0,0,0,0,0,0,0,0,19
2747,00000013 2fab5ca0,"     ISETP.GE.U32.AND P0, PT, R11, R28, PT ",,27,9,512000,16384000,,,,,,,0,3,0,0,0,0,0,0,0,0,0,3,11,0,0,0,10,0,1,0,0,0,0,0,0,0,0,0,0,0,0,0,0,8
2748,00000013 2fab5cb0,"     ISETP.GE.U32.AND.EX P0, PT, R8, R34, PT, P0 ",,68,24,512000,16384000,,,,,,,0,0,0,0,0,0,7,0,0,0,0,12,12,0,0,0,37,0,0,0,0,0,0,6,0,0,0,0,0,0,0,0,0,18
2749,00000013 2fab5cc0,@P0  BRA 0x132fab5d00 ,,167,72,512000,0,,,,,,,0,3,0,0,0,0,0,0,0,0,0,8,14,0,0,0,142,0,0,0,0,0,0,0,0,0,0,0,0,0,0,0,0,72
2750,00000013 2fab5cd0,"     LEA R4, P0, R11, c[0x0][0x170], 0x1 ",,70,24,512000,16384000,,,,,,,0,1,0,0,0,0,2,0,0,0,0,2,12,0,0,0,53,0,0,0,0,0,0,2,0,0,0,0,0,0,0,0,0,22
2751,00000013 2fab5ce0,"     LEA.HI.X R5, R11, c[0x0][0x174], R8, 0x1, P0 ",,80,25,512000,16384000,,,,,,,0,2,0,0,0,0,10,0,0,0,0,21,13,0,0,0,34,0,0,0,0,0,0,7,0,0,0,0,0,0,0,0,0,18
2752,00000013 2fab5cf0,"     LDG.E.U16.CONSTANT.SYS R4, [R4] ",,129,50,512000,16384000,Global,Load,16,1024000,,1024000,0,0,0,0,0,0,0,0,3,0,0,10,10,0,0,0,106,0,0,0,0,0,0,0,0,1,0,0,0,0,0,0,0,49
2753,00000013 2fab5d00,     BSYNC B1 ,,32,8,512000,16384000,,,,,,,0,0,0,0,0,0,0,0,0,0,3,5,13,0,0,0,11,0,0,0,0,0,0,0,0,0,0,2,0,0,0,0,0,6
2754,00000013 2fab5d10,"     STS.U16 [R7], R4 ",,3198,1699,512000,16384000,Shared,Store,16,,512000,,0,2,0,0,0,3014,0,0,10,0,121,10,13,0,0,0,28,0,0,0,0,0,1617,0,0,7,0,63,0,0,0,0,0,12
2755,00000013 2fab5d20,"     IADD3 R9, R6, c[0x0][0x0], RZ ",,13,2,512000,16384000,,,,,,,0,1,0,2,0,0,0,0,0,0,0,0,10,0,0,0,0,0,0,0,2,0,0,0,0,0,0,0,0,0,0,0,0,0
2756,00000013 2fab5d30,"     ISETP.GT.AND P0, PT, R9, 0xff, PT ",,94,23,512000,16384000,,,,,,,0,0,0,0,0,0,15,0,0,0,0,26,16,0,0,0,37,0,0,0,0,0,0,7,0,0,0,0,0,0,0,0,0,16
2757,00000013 2fab5d40,@P0  BRA 0x132fab6350 ,,172,74,512000,0,,,,,,,0,0,0,0,0,0,0,0,1,0,0,12,12,0,0,0,147,0,0,0,0,0,0,0,0,1,0,0,0,0,0,0,0,73
2758,00000013 2fab5d50,"     SHF.R.S32.HI R4, RZ, 0x1f, R9 ",,97,37,512000,16384000,,,,,,,0,0,0,0,0,0,6,0,0,0,0,10,17,4,0,0,60,0,0,0,0,0,0,5,0,0,0,0,0,0,2,0,0,30
2759,00000013 2fab5d60,"     BMOV.32.CLEAR RZ, B1 ",,13,0,512000,16384000,,,,,,,0,0,0,0,0,0,0,0,0,0,0,0,13,0,0,0,0,0,0,0,0,0,0,0,0,0,0,0,0,0,0,0,0,0
2760,00000013 2fab5d70,"     BSSY B1, 0x132fab5f10 ",,16,0,512000,16384000,,,,,,,0,1,0,0,0,0,0,0,0,0,0,0,15,0,0,0,0,0,0,0,0,0,0,0,0,0,0,0,0,0,0,0,0,0
2761,00000013 2fab5d80,"     LEA.HI R4, R4, R9, RZ, 0x4 ",,37,4,512000,16384000,,,,,,,0,0,0,0,0,0,4,0,0,0,0,4,15,0,0,0,14,0,0,0,0,0,0,2,0,0,0,0,0,0,0,0,0,2
2762,00000013 2fab5d90,"     LOP3.LUT R5, R4, 0xfffffff0, RZ, 0xc0, !PT ",,105,25,512000,16384000,,,,,,,0,1,0,0,0,0,21,0,0,0,0,31,9,0,0,0,43,0,0,0,0,0,0,10,0,0,0,0,0,0,0,0,0,15
2763,00000013 2fab5da0,"     IMAD.IADD R6, R9, 0x1, -R5 ",,94,22,512000,16384000,,,,,,,0,2,0,0,0,0,3,0,0,0,0,18,9,0,0,0,62,0,0,0,0,0,0,1,0,0,0,0,0,0,0,0,0,21
2764,00000013 2fab5db0,"     SHF.R.S32.HI R5, RZ, 0x4, R4 ",,13,0,512000,16384000,,,,,,,0,1,0,0,0,0,0,0,0,0,0,0,12,0,0,0,0,0,0,0,0,0,0,0,0,0,0,0,0,0,0,0,0,0
2765,00000013 2fab5dc0,"     IMAD.IADD R8, R6, 0x1, R55 ",,59,15,512000,16384000,,,,,,,0,3,0,0,0,0,6,0,0,0,0,6,12,0,0,0,32,0,0,0,0,0,0,0,0,0,0,0,0,0,0,0,0,15
2766,00000013 2fab5dd0,"     IMAD.IADD R7, R59, 0x1, R5 ",,26,3,512000,16384000,,,,,,,0,1,0,0,0,0,1,0,0,0,0,2,13,0,0,0,9,0,0,0,0,0,0,0,0,0,0,0,0,0,0,0,0,3
2767,00000013 2fab5de0,"     IMAD.IADD R4, R39, 0x1, R6 ",,20,5,512000,16384000,,,,,,,0,1,0,0,0,0,3,0,0,0,0,3,7,0,0,0,6,0,0,0,0,0,0,1,0,0,0,0,0,0,0,0,0,4
2768,00000013 2fab5df0,"     ISETP.GE.AND P0, PT, R8, c[0x0][0x190], PT ",,9,0,512000,16384000,,,,,,,0,1,0,0,0,0,0,0,0,0,0,0,8,0,0,0,0,0,0,0,0,0,0,0,0,0,0,0,0,0,0,0,0,0
2769,00000013 2fab5e00,"     IMAD R4, R5, 0x18, R4 ",,71,13,512000,16384000,,,,,,,0,3,0,0,0,0,4,0,0,0,5,16,15,0,0,0,28,0,0,0,0,0,0,1,0,0,0,3,0,0,0,0,0,9
2770,00000013 2fab5e10,"     ISETP.GE.OR P0, PT, R7, c[0x0][0x18c], P0 ",,17,0,512000,16384000,,,,,,,0,1,0,0,0,0,0,0,0,0,0,0,16,0,0,0,0,0,0,0,0,0,0,0,0,0,0,0,0,0,0,0,0,0
2771,00000013 2fab5e20,"     IMAD.SHL.U32 R6, R4, 0x2, RZ ",,68,16,512000,16384000,,,,,,,0,5,0,0,0,0,6,0,0,0,0,13,17,0,0,0,27,0,0,0,0,0,0,4,0,0,0,0,0,0,0,0,0,12
2772,00000013 2fab5e30,"     PRMT R4, RZ, 0x7610, R4 ",,20,0,512000,16384000,,,,,,,0,1,0,0,0,0,0,0,0,0,0,0,19,0,0,0,0,0,0,0,0,0,0,0,0,0,0,0,0,0,0,0,0,0
2773,00000013 2fab5e40,@P0  BRA 0x132fab5f00 ,,117,43,512000,0,,,,,,,0,5,0,0,0,0,0,0,0,0,0,9,9,0,0,0,94,0,0,0,0,0,0,0,0,0,0,0,0,0,0,0,0,43
2774,00000013 2fab5e50,"     IMAD R5, R7, c[0x0][0x190], RZ ",,70,25,512000,16384000,,,,,,,0,0,0,0,0,0,5,0,0,0,0,2,17,0,0,0,46,0,0,0,0,0,0,3,0,0,0,0,0,0,0,0,0,22
2775,00000013 2fab5e60,"     SHF.R.S32.HI R7, RZ, 0x1f, R8 ",,17,0,512000,16384000,,,,,,,0,1,0,0,0,0,0,0,0,0,0,0,16,0,0,0,0,0,0,0,0,0,0,0,0,0,0,0,0,0,0,0,0,0
2776,00000013 2fab5e70,"     IADD3 R11, P0, P2, R8, R5, R30 ",,123,32,512000,16384000,,,,,,,0,4,0,0,0,0,28,0,0,0,0,34,15,0,0,0,42,0,1,0,0,0,0,12,0,0,0,0,0,0,0,0,0,19
2777,00000013 2fab5e80,"     SHF.R.S32.HI R8, RZ, 0x1f, R5 ",,33,12,512000,16384000,,,,,,,0,0,0,0,0,0,3,0,0,0,3,2,9,0,0,0,16,0,0,0,0,0,0,0,0,0,0,2,0,0,0,0,0,10
2778,00000013 2fab5e90,"     IADD3.X R7, R7, R8, R33, P0, P2 ",,86,25,512000,16384000,,,,,,,0,3,0,0,0,0,18,0,0,0,0,17,13,0,0,0,35,0,0,0,0,0,0,9,0,0,0,0,0,0,0,0,0,16
2779,00000013 2fab5ea0,"     ISETP.GE.U32.AND P0, PT, R11, R28, PT ",,30,5,512000,16384000,,,,,,,0,5,0,0,0,0,4,0,0,0,0,3,10,0,0,0,8,0,0,0,0,0,0,2,0,0,0,0,0,0,0,0,0,3
2780,00000013 2fab5eb0,"     ISETP.GE.U32.AND.EX P0, PT, R7, R34, PT, P0 ",,77,20,512000,16384000,,,,,,,0,0,0,0,0,0,11,0,0,0,0,12,16,0,0,0,38,0,0,0,0,0,0,6,0,0,0,0,0,0,0,0,0,14
2781,00000013 2fab5ec0,@P0  BRA 0x132fab5f00 ,,174,75,512000,0,,,,,,,0,0,0,0,0,0,0,0,0,0,0,15,11,0,0,0,148,0,0,0,0,0,0,0,0,0,0,0,0,0,0,0,0,75
2782,00000013 2fab5ed0,"     LEA R4, P0, R11, c[0x0][0x170], 0x1 ",,74,25,512000,16384000,,,,,,,0,0,0,0,0,0,8,0,0,0,0,7,17,0,0,0,42,0,0,0,0,0,0,5,0,0,0,0,0,0,0,0,0,20
2783,00000013 2fab5ee0,"     LEA.HI.X R5, R11, c[0x0][0x174], R7, 0x1, P0 ",,88,25,512000,16384000,,,,,,,0,0,0,0,0,0,10,0,0,0,0,27,9,0,0,0,42,0,0,0,0,0,0,3,0,0,0,0,0,0,0,0,0,22
2784,00000013 2fab5ef0,"     LDG.E.U16.CONSTANT.SYS R4, [R4] ",,124,48,512000,16384000,Global,Load,16,1024000,,1024000,0,0,0,0,0,0,0,0,1,0,0,15,14,0,0,0,94,0,0,0,0,0,0,0,0,0,0,0,0,0,0,0,0,48
2785,00000013 2fab5f00,     BSYNC B1 ,,40,7,512000,16384000,,,,,,,0,2,0,0,0,0,0,0,0,0,5,3,17,0,0,0,13,0,0,0,0,0,0,0,0,0,0,4,0,0,0,0,0,3
2786,00000013 2fab5f10,"     STS.U16 [R6], R4 ",,3413,1846,512000,16384000,Shared,Store,16,,512000,,0,3,0,0,0,3208,0,0,7,0,114,16,14,0,0,0,51,0,0,0,0,0,1771,0,0,4,0,52,0,0,0,0,0,19
2787,00000013 2fab5f20,"     IADD3 R9, R9, c[0x0][0x0], RZ ",,22,1,512000,16384000,,,,,,,0,2,0,1,0,0,0,0,0,0,0,0,19,0,0,0,0,0,0,0,1,0,0,0,0,0,0,0,0,0,0,0,0,0
2788,00000013 2fab5f30,"     ISETP.GT.AND P0, PT, R9, 0xff, PT ",,85,19,512000,16384000,,,,,,,0,0,0,0,0,0,14,0,0,0,0,19,17,0,0,0,35,0,0,0,0,0,0,8,0,0,0,0,0,0,0,0,0,11
2789,00000013 2fab5f40,@P0  BRA 0x132fab6350 ,,175,68,512000,16384000,,,,,,,0,1,0,0,0,0,0,0,0,0,0,12,19,0,0,0,143,0,0,0,0,0,0,0,0,0,0,0,0,0,0,0,0,68
2790,00000013 2fab5f50,"     SHF.R.S32.HI R4, RZ, 0x1f, R9 ",,56,19,0,0,,,,,,,0,0,0,0,0,0,0,0,0,0,0,0,11,0,0,0,45,0,0,0,0,0,0,0,0,0,0,0,0,0,0,0,0,19
2791,00000013 2fab5f60,"     BMOV.32.CLEAR RZ, B1 ",,0,0,0,0,,,,,,,,,,,,,,,,,,,,,,,,,,,,,,,,,,,,,,,,
2792,00000013 2fab5f70,"     BSSY B1, 0x132fab6110 ",,0,0,0,0,,,,,,,,,,,,,,,,,,,,,,,,,,,,,,,,,,,,,,,,
2793,00000013 2fab5f80,"     LEA.HI R4, R4, R9, RZ, 0x4 ",,0,0,0,0,,,,,,,,,,,,,,,,,,,,,,,,,,,,,,,,,,,,,,,,
2794,00000013 2fab5f90,"     LOP3.LUT R5, R4, 0xfffffff0, RZ, 0xc0, !PT ",,0,0,0,0,,,,,,,,,,,,,,,,,,,,,,,,,,,,,,,,,,,,,,,,
2795,00000013 2fab5fa0,"     IMAD.IADD R6, R9, 0x1, -R5 ",,0,0,0,0,,,,,,,,,,,,,,,,,,,,,,,,,,,,,,,,,,,,,,,,
2796,00000013 2fab5fb0,"     SHF.R.S32.HI R5, RZ, 0x4, R4 ",,0,0,0,0,,,,,,,,,,,,,,,,,,,,,,,,,,,,,,,,,,,,,,,,
2797,00000013 2fab5fc0,"     IMAD.IADD R8, R6, 0x1, R55 ",,0,0,0,0,,,,,,,,,,,,,,,,,,,,,,,,,,,,,,,,,,,,,,,,
2798,00000013 2fab5fd0,"     IMAD.IADD R7, R59, 0x1, R5 ",,0,0,0,0,,,,,,,,,,,,,,,,,,,,,,,,,,,,,,,,,,,,,,,,
2799,00000013 2fab5fe0,"     IMAD.IADD R4, R39, 0x1, R6 ",,0,0,0,0,,,,,,,,,,,,,,,,,,,,,,,,,,,,,,,,,,,,,,,,
2800,00000013 2fab5ff0,"     ISETP.GE.AND P0, PT, R8, c[0x0][0x190], PT ",,0,0,0,0,,,,,,,,,,,,,,,,,,,,,,,,,,,,,,,,,,,,,,,,
2801,00000013 2fab6000,"     IMAD R4, R5, 0x18, R4 ",,0,0,0,0,,,,,,,,,,,,,,,,,,,,,,,,,,,,,,,,,,,,,,,,
2802,00000013 2fab6010,"     ISETP.GE.OR P0, PT, R7, c[0x0][0x18c], P0 ",,0,0,0,0,,,,,,,,,,,,,,,,,,,,,,,,,,,,,,,,,,,,,,,,
2803,00000013 2fab6020,"     IMAD.SHL.U32 R6, R4, 0x2, RZ ",,0,0,0,0,,,,,,,,,,,,,,,,,,,,,,,,,,,,,,,,,,,,,,,,
2804,00000013 2fab6030,"     PRMT R4, RZ, 0x7610, R4 ",,0,0,0,0,,,,,,,,,,,,,,,,,,,,,,,,,,,,,,,,,,,,,,,,
2805,00000013 2fab6040,@P0  BRA 0x132fab6100 ,,0,0,0,0,,,,,,,,,,,,,,,,,,,,,,,,,,,,,,,,,,,,,,,,
2806,00000013 2fab6050,"     IMAD R5, R7, c[0x0][0x190], RZ ",,0,0,0,0,,,,,,,,,,,,,,,,,,,,,,,,,,,,,,,,,,,,,,,,
2807,00000013 2fab6060,"     SHF.R.S32.HI R7, RZ, 0x1f, R8 ",,0,0,0,0,,,,,,,,,,,,,,,,,,,,,,,,,,,,,,,,,,,,,,,,
2808,00000013 2fab6070,"     IADD3 R11, P0, P2, R8, R5, R30 ",,0,0,0,0,,,,,,,,,,,,,,,,,,,,,,,,,,,,,,,,,,,,,,,,
2809,00000013 2fab6080,"     SHF.R.S32.HI R8, RZ, 0x1f, R5 ",,0,0,0,0,,,,,,,,,,,,,,,,,,,,,,,,,,,,,,,,,,,,,,,,
2810,00000013 2fab6090,"     IADD3.X R7, R7, R8, R33, P0, P2 ",,0,0,0,0,,,,,,,,,,,,,,,,,,,,,,,,,,,,,,,,,,,,,,,,
2811,00000013 2fab60a0,"     ISETP.GE.U32.AND P0, PT, R11, R28, PT ",,0,0,0,0,,,,,,,,,,,,,,,,,,,,,,,,,,,,,,,,,,,,,,,,
2812,00000013 2fab60b0,"     ISETP.GE.U32.AND.EX P0, PT, R7, R34, PT, P0 ",,0,0,0,0,,,,,,,,,,,,,,,,,,,,,,,,,,,,,,,,,,,,,,,,
2813,00000013 2fab60c0,@P0  BRA 0x132fab6100 ,,0,0,0,0,,,,,,,,,,,,,,,,,,,,,,,,,,,,,,,,,,,,,,,,
2814,00000013 2fab60d0,"     LEA R4, P0, R11, c[0x0][0x170], 0x1 ",,0,0,0,0,,,,,,,,,,,,,,,,,,,,,,,,,,,,,,,,,,,,,,,,
2815,00000013 2fab60e0,"     LEA.HI.X R5, R11, c[0x0][0x174], R7, 0x1, P0 ",,0,0,0,0,,,,,,,,,,,,,,,,,,,,,,,,,,,,,,,,,,,,,,,,
2816,00000013 2fab60f0,"     LDG.E.U16.CONSTANT.SYS R4, [R4] ",,0,0,0,0,,,,0,,0,,,,,,,,,,,,,,,,,,,,,,,,,,,,,,,,,,
2817,00000013 2fab6100,     BSYNC B1 ,,0,0,0,0,,,,,,,,,,,,,,,,,,,,,,,,,,,,,,,,,,,,,,,,
2818,00000013 2fab6110,"     STS.U16 [R6], R4 ",,0,0,0,0,,,,,0,,,,,,,,,,,,,,,,,,,,,,,,,,,,,,,,,,,
2819,00000013 2fab6120,"     IADD3 R9, R9, c[0x0][0x0], RZ ",,0,0,0,0,,,,,,,,,,,,,,,,,,,,,,,,,,,,,,,,,,,,,,,,
2820,00000013 2fab6130,"     ISETP.GT.AND P0, PT, R9, 0xff, PT ",,0,0,0,0,,,,,,,,,,,,,,,,,,,,,,,,,,,,,,,,,,,,,,,,
2821,00000013 2fab6140,@P0  BRA 0x132fab6350 ,,0,0,0,0,,,,,,,,,,,,,,,,,,,,,,,,,,,,,,,,,,,,,,,,
2822,00000013 2fab6150,"     SHF.R.S32.HI R4, RZ, 0x1f, R9 ",,0,0,0,0,,,,,,,,,,,,,,,,,,,,,,,,,,,,,,,,,,,,,,,,
2823,00000013 2fab6160,"     BMOV.32.CLEAR RZ, B1 ",,0,0,0,0,,,,,,,,,,,,,,,,,,,,,,,,,,,,,,,,,,,,,,,,
2824,00000013 2fab6170,"     BSSY B1, 0x132fab62e0 ",,0,0,0,0,,,,,,,,,,,,,,,,,,,,,,,,,,,,,,,,,,,,,,,,
2825,00000013 2fab6180,"     LEA.HI R4, R4, R9, RZ, 0x4 ",,0,0,0,0,,,,,,,,,,,,,,,,,,,,,,,,,,,,,,,,,,,,,,,,
2826,00000013 2fab6190,"     LOP3.LUT R5, R4, 0xfffffff0, RZ, 0xc0, !PT ",,0,0,0,0,,,,,,,,,,,,,,,,,,,,,,,,,,,,,,,,,,,,,,,,
2827,00000013 2fab61a0,"     SHF.R.S32.HI R8, RZ, 0x4, R4 ",,0,0,0,0,,,,,,,,,,,,,,,,,,,,,,,,,,,,,,,,,,,,,,,,
2828,00000013 2fab61b0,"     PRMT R4, RZ, 0x7610, R4 ",,0,0,0,0,,,,,,,,,,,,,,,,,,,,,,,,,,,,,,,,,,,,,,,,
2829,00000013 2fab61c0,"     IMAD.IADD R10, R9, 0x1, -R5 ",,0,0,0,0,,,,,,,,,,,,,,,,,,,,,,,,,,,,,,,,,,,,,,,,
2830,00000013 2fab61d0,"     IMAD.IADD R5, R59, 0x1, R8 ",,0,0,0,0,,,,,,,,,,,,,,,,,,,,,,,,,,,,,,,,,,,,,,,,
2831,00000013 2fab61e0,"     IMAD.IADD R6, R10, 0x1, R55 ",,0,0,0,0,,,,,,,,,,,,,,,,,,,,,,,,,,,,,,,,,,,,,,,,
2832,00000013 2fab61f0,"     ISETP.GE.AND P0, PT, R6, c[0x0][0x190], PT ",,0,0,0,0,,,,,,,,,,,,,,,,,,,,,,,,,,,,,,,,,,,,,,,,
2833,00000013 2fab6200,"     ISETP.GE.OR P0, PT, R5, c[0x0][0x18c], P0 ",,0,0,0,0,,,,,,,,,,,,,,,,,,,,,,,,,,,,,,,,,,,,,,,,
2834,00000013 2fab6210,@P0  BRA 0x132fab62d0 ,,0,0,0,0,,,,,,,,,,,,,,,,,,,,,,,,,,,,,,,,,,,,,,,,
2835,00000013 2fab6220,"     IMAD R5, R5, c[0x0][0x190], RZ ",,0,0,0,0,,,,,,,,,,,,,,,,,,,,,,,,,,,,,,,,,,,,,,,,
2836,00000013 2fab6230,"     SHF.R.S32.HI R7, RZ, 0x1f, R6 ",,0,0,0,0,,,,,,,,,,,,,,,,,,,,,,,,,,,,,,,,,,,,,,,,
2837,00000013 2fab6240,"     IADD3 R11, P0, P2, R6, R5, R30 ",,0,0,0,0,,,,,,,,,,,,,,,,,,,,,,,,,,,,,,,,,,,,,,,,
2838,00000013 2fab6250,"     SHF.R.S32.HI R6, RZ, 0x1f, R5 ",,0,0,0,0,,,,,,,,,,,,,,,,,,,,,,,,,,,,,,,,,,,,,,,,
2839,00000013 2fab6260,"     IADD3.X R6, R7, R6, R33, P0, P2 ",,0,0,0,0,,,,,,,,,,,,,,,,,,,,,,,,,,,,,,,,,,,,,,,,
2840,00000013 2fab6270,"     ISETP.GE.U32.AND P0, PT, R11, R28, PT ",,0,0,0,0,,,,,,,,,,,,,,,,,,,,,,,,,,,,,,,,,,,,,,,,
2841,00000013 2fab6280,"     ISETP.GE.U32.AND.EX P0, PT, R6, R34, PT, P0 ",,0,0,0,0,,,,,,,,,,,,,,,,,,,,,,,,,,,,,,,,,,,,,,,,
2842,00000013 2fab6290,@P0  BRA 0x132fab62d0 ,,0,0,0,0,,,,,,,,,,,,,,,,,,,,,,,,,,,,,,,,,,,,,,,,
2843,00000013 2fab62a0,"     LEA R4, P0, R11, c[0x0][0x170], 0x1 ",,0,0,0,0,,,,,,,,,,,,,,,,,,,,,,,,,,,,,,,,,,,,,,,,
2844,00000013 2fab62b0,"     LEA.HI.X R5, R11, c[0x0][0x174], R6, 0x1, P0 ",,0,0,0,0,,,,,,,,,,,,,,,,,,,,,,,,,,,,,,,,,,,,,,,,
2845,00000013 2fab62c0,"     LDG.E.U16.CONSTANT.SYS R4, [R4] ",,0,0,0,0,,,,0,,0,,,,,,,,,,,,,,,,,,,,,,,,,,,,,,,,,,
2846,00000013 2fab62d0,     BSYNC B1 ,,0,0,0,0,,,,,,,,,,,,,,,,,,,,,,,,,,,,,,,,,,,,,,,,
2847,00000013 2fab62e0,"     IMAD.IADD R5, R39, 0x1, R10 ",,0,0,0,0,,,,,,,,,,,,,,,,,,,,,,,,,,,,,,,,,,,,,,,,
2848,00000013 2fab62f0,"     IADD3 R6, R9, c[0x0][0x0], RZ ",,0,0,0,0,,,,,,,,,,,,,,,,,,,,,,,,,,,,,,,,,,,,,,,,
2849,00000013 2fab6300,"     IMAD R5, R8, 0x18, R5 ",,0,0,0,0,,,,,,,,,,,,,,,,,,,,,,,,,,,,,,,,,,,,,,,,
2850,00000013 2fab6310,"     ISETP.GE.AND P0, PT, R6, 0x100, PT ",,0,0,0,0,,,,,,,,,,,,,,,,,,,,,,,,,,,,,,,,,,,,,,,,
2851,00000013 2fab6320,"     IMAD.SHL.U32 R5, R5, 0x2, RZ ",,0,0,0,0,,,,,,,,,,,,,,,,,,,,,,,,,,,,,,,,,,,,,,,,
2852,00000013 2fab6330,"     STS.U16 [R5], R4 ",,0,0,0,0,,,,,0,,,,,,,,,,,,,,,,,,,,,,,,,,,,,,,,,,,
2853,00000013 2fab6340,@!P0 BRA 0x132fab5b40 ,,0,0,0,0,,,,,,,,,,,,,,,,,,,,,,,,,,,,,,,,,,,,,,,,
2854,00000013 2fab6350,     BSYNC B0 ,,172,97,512000,16384000,,,,,,,0,1,0,0,0,0,0,0,0,0,161,5,0,5,0,0,0,0,0,0,0,0,0,0,0,0,0,93,0,0,4,0,0,0
2855,00000013 2fab6360,"     S2R R5, SR_LANEID ",,202,84,512000,16384000,,,,,,,0,1,0,0,0,0,0,0,3,0,124,11,17,0,0,0,46,0,0,0,0,0,0,0,0,0,0,64,0,0,0,0,0,20
2856,00000013 2fab6370,"     CS2R R8, SRZ ",,17,0,512000,16384000,,,,,,,0,0,0,0,0,0,0,0,0,0,0,0,17,0,0,0,0,0,0,0,0,0,0,0,0,0,0,0,0,0,0,0,0,0
2857,00000013 2fab6380,"     CS2R R10, SRZ ",,61,14,512000,16384000,,,,,,,0,1,0,0,0,0,22,0,0,0,13,6,19,0,0,0,0,0,0,0,0,0,0,8,0,0,0,6,0,0,0,0,0,0
2858,00000013 2fab6390,     NOP ,,36,15,512000,16384000,,,,,,,0,0,0,0,0,0,0,0,0,0,0,1,16,0,0,0,19,0,0,0,0,0,0,0,0,0,0,0,0,0,0,0,0,15
2859,00000013 2fab63a0,     BAR.SYNC 0x0 ,,22,2,512000,16384000,,,,,,,0,1,0,0,0,0,0,0,3,0,0,2,16,0,0,0,0,0,0,0,0,0,0,0,0,2,0,0,0,0,0,0,0,0
2860,00000013 2fab63b0,"     ISETP.GE.AND P0, PT, R55, c[0x0][0x190], PT ",,630,264,512000,16384000,,,,,,,535,1,0,0,0,0,14,0,0,1,0,11,11,0,0,0,57,235,0,0,0,0,0,8,0,0,0,0,0,0,0,0,0,21
2861,00000013 2fab63c0,"     IADD3 R58, R58, 0x1, RZ ",,89,21,512000,16384000,,,,,,,0,0,0,0,0,0,28,0,0,0,0,28,22,0,0,0,11,0,0,0,0,0,0,14,0,0,0,0,0,0,0,0,0,7
2862,00000013 2fab63d0,"     SHF.R.U32.HI R4, RZ, 0x2, R5 ",,32,10,512000,16384000,,,,,,,0,3,0,0,0,0,2,0,0,0,0,0,9,4,0,0,14,0,1,0,0,0,0,0,0,0,0,0,0,0,3,0,0,6
2863,00000013 2fab63e0,"     SHF.R.U32.HI R6, RZ, 0x4, R5 ",,31,8,512000,16384000,,,,,,,0,0,0,0,0,0,3,0,0,0,0,3,10,0,0,0,15,0,0,0,0,0,0,2,0,0,0,0,0,0,0,0,0,6
2864,00000013 2fab63f0,"     LOP3.LUT R4, R4, 0x3, RZ, 0xc0, !PT ",,22,5,512000,16384000,,,,,,,0,2,0,0,0,0,1,0,0,0,0,2,7,0,0,0,10,0,0,0,0,0,0,0,0,0,0,0,0,0,0,0,0,5
2865,00000013 2fab6400,"     LOP3.LUT R6, R6, 0x1, RZ, 0xc0, !PT ",,36,9,512000,16384000,,,,,,,0,0,0,0,0,0,2,0,0,0,10,4,10,0,0,0,10,0,0,0,0,0,0,1,0,0,0,5,0,0,0,0,0,3
2866,00000013 2fab6410,"     SHF.R.U32.HI R7, RZ, 0x1, R4 ",,33,4,512000,16384000,,,,,,,0,1,0,0,0,0,0,0,0,0,0,4,17,0,0,0,11,0,0,0,0,0,0,0,0,0,0,0,0,0,0,0,0,4
2867,00000013 2fab6420,"     LOP3.LUT R5, R5, 0x3, RZ, 0xc0, !PT ",,66,17,512000,16384000,,,,,,,0,3,0,0,0,0,18,0,0,0,0,19,15,0,0,0,11,0,0,0,0,0,0,11,0,0,0,0,0,0,0,0,0,6
2868,00000013 2fab6430,"     IMAD R4, R7, 0x2, R6 ",,63,12,512000,16384000,,,,,,,0,2,0,0,0,0,5,0,0,0,0,9,15,0,0,0,32,0,0,0,0,0,0,2,0,0,0,0,0,0,0,0,0,10
2869,00000013 2fab6440,"     IMAD.SHL.U32 R4, R4, 0x4, RZ ",,77,25,512000,16384000,,,,,,,0,2,0,0,0,0,4,0,0,0,0,13,14,0,0,0,44,0,0,0,0,0,0,4,0,0,0,0,0,0,0,0,0,21
2870,00000013 2fab6450,"     IMAD R4, R5, 0x18, R4 ",,63,24,512000,16384000,,,,,,,0,0,0,0,0,0,2,0,0,0,0,11,5,0,0,0,45,0,0,0,0,0,0,1,0,0,0,0,0,0,0,0,0,23
2871,00000013 2fab6460,"     IMAD.U32 R60, R4, 0x2, R57 ",,65,11,512000,16384000,,,,,,,0,3,0,0,0,0,6,0,0,0,0,11,13,0,0,0,32,0,0,0,0,0,0,1,0,0,0,0,0,0,0,0,0,10
2872,00000013 2fab6470,"     CS2R R4, SRZ ",,40,10,512000,16384000,,,,,,,0,3,0,0,0,0,9,0,0,0,0,2,14,0,0,0,12,0,0,0,0,0,0,5,0,0,0,0,0,0,0,0,0,5
2873,00000013 2fab6480,"     CS2R R6, SRZ ",,46,11,512000,16384000,,,,,,,0,2,0,0,0,0,14,0,0,0,11,3,16,0,0,0,0,0,0,0,0,0,0,5,0,0,0,6,0,0,0,0,0,0
2874,00000013 2fab6490,"     LDS.U.64 R20, [R60] ",,91,32,512000,16384000,Shared,Load,64,,1536000,,0,1,0,0,0,0,0,0,2,0,0,6,18,0,0,0,64,0,0,0,0,0,0,0,0,1,0,0,0,0,0,0,0,31
2875,00000013 2fab64a0,"     HMMA.884.F32.F32.STEP0 R8, R16.ROW, R20.ROW, R8 ",,493,220,512000,16384000,,,,,,,0,2,0,0,0,0,1,0,0,2,0,6,14,453,0,0,15,0,0,0,0,0,0,0,0,0,0,0,0,0,217,0,0,3
2876,00000013 2fab64b0,"     HMMA.884.F32.F32.STEP1 R10, R16.ROW, R20.ROW, R10 ",,40,8,512000,16384000,,,,,,,0,0,0,0,0,0,0,0,0,0,0,4,16,0,0,0,20,0,0,0,0,0,0,0,0,0,0,0,0,0,0,0,0,8
2877,00000013 2fab64c0,"     HMMA.884.F32.F32.STEP2 R4, R16.ROW, R20.ROW, R4 ",,32,6,512000,16384000,,,,,,,0,2,0,0,0,0,0,0,0,0,0,2,17,0,0,0,11,0,0,0,0,0,0,0,0,0,0,0,0,0,0,0,0,6
2878,00000013 2fab64d0,"     HMMA.884.F32.F32.STEP3 R6, R16.ROW, R20.ROW, R6 ",,37,4,512000,16384000,,,,,,,0,6,0,0,0,0,0,0,0,0,0,1,11,0,0,0,19,0,0,0,0,0,0,0,0,0,0,0,0,0,0,0,0,4
2879,00000013 2fab64e0,"     LDS.U.64 R20, [R60+0xc0] ",,48,3,512000,16384000,Shared,Load,64,,1536000,,0,7,0,0,0,0,0,0,1,0,0,4,7,0,0,0,29,0,0,0,0,0,0,0,0,0,0,0,0,0,0,0,0,3
2880,00000013 2fab64f0,"     HMMA.884.F32.F32.STEP0 R8, R18.ROW, R20.ROW, R8 ",,474,202,512000,16384000,,,,,,,0,0,0,0,0,0,2,0,0,2,0,5,12,432,0,0,21,0,0,0,0,0,0,0,0,0,0,0,0,0,199,0,0,3
2881,00000013 2fab6500,"     HMMA.884.F32.F32.STEP1 R10, R18.ROW, R20.ROW, R10 ",,37,14,512000,16384000,,,,,,,0,0,0,0,0,0,0,0,0,0,5,1,12,0,0,0,19,0,0,0,0,0,0,0,0,0,0,5,0,0,0,0,0,9
2882,00000013 2fab6510,"     HMMA.884.F32.F32.STEP2 R4, R18.ROW, R20.ROW, R4 ",,42,10,512000,16384000,,,,,,,0,0,0,0,0,0,1,0,0,0,0,2,18,0,0,0,21,0,0,0,0,0,0,0,0,0,0,0,0,0,0,0,0,10
2883,00000013 2fab6520,"     HMMA.884.F32.F32.STEP3 R6, R18.ROW, R20.ROW, R6 ",,39,7,512000,16384000,,,,,,,0,5,0,0,0,0,1,0,0,0,0,1,13,0,0,0,19,0,1,0,0,0,0,0,0,0,0,0,0,0,0,0,0,6
2884,00000013 2fab6530,"     LDS.U.64 R20, [R60+0x180] ",,41,3,512000,16384000,Shared,Load,64,,1536000,,0,10,0,0,0,0,0,0,0,0,0,3,13,0,0,0,15,0,1,0,0,0,0,0,0,0,0,0,0,0,0,0,0,2
2885,00000013 2fab6540,"     HMMA.884.F32.F32.STEP0 R8, R12.ROW, R20.ROW, R8 ",,514,239,512000,16384000,,,,,,,0,0,0,0,0,0,0,0,0,1,0,7,10,473,0,0,23,0,0,0,0,0,0,0,0,0,0,0,0,0,234,0,0,5
2886,00000013 2fab6550,"     HMMA.884.F32.F32.STEP1 R10, R12.ROW, R20.ROW, R10 ",,32,7,512000,16384000,,,,,,,0,1,0,0,0,0,1,0,0,0,0,4,13,0,0,0,13,0,0,0,0,0,0,0,0,0,0,0,0,0,0,0,0,7
2887,00000013 2fab6560,"     HMMA.884.F32.F32.STEP2 R4, R12.ROW, R20.ROW, R4 ",,38,9,512000,16384000,,,,,,,0,4,0,0,0,0,0,0,0,0,0,4,9,0,0,0,21,0,1,0,0,0,0,0,0,0,0,0,0,0,0,0,0,8
2888,00000013 2fab6570,"     HMMA.884.F32.F32.STEP3 R6, R12.ROW, R20.ROW, R6 ",,35,8,512000,16384000,,,,,,,0,5,0,0,0,0,0,0,0,0,0,0,11,0,0,0,19,0,0,0,0,0,0,0,0,0,0,0,0,0,0,0,0,8
2889,00000013 2fab6580,"     LDS.U.64 R20, [R60+0x240] ",,47,17,512000,16384000,Shared,Load,64,,1536000,,0,5,0,0,0,0,0,0,2,0,3,3,11,0,0,0,23,0,2,0,0,0,0,0,0,1,0,3,0,0,0,0,0,11
2890,00000013 2fab6590,"     HMMA.884.F32.F32.STEP0 R8, R14.ROW, R20.ROW, R8 ",,468,202,512000,16384000,,,,,,,0,2,0,0,0,0,0,0,0,0,0,10,9,431,0,0,16,0,0,0,0,0,0,0,0,0,0,0,0,0,197,0,0,5
2891,00000013 2fab65a0,"     HMMA.884.F32.F32.STEP1 R10, R14.ROW, R20.ROW, R10 ",,23,8,512000,16384000,,,,,,,0,1,0,0,0,0,0,0,0,0,0,1,10,0,0,0,11,0,0,0,0,0,0,0,0,0,0,0,0,0,0,0,0,8
2892,00000013 2fab65b0,"     HMMA.884.F32.F32.STEP2 R4, R14.ROW, R20.ROW, R4 ",,27,5,512000,16384000,,,,,,,0,1,0,0,0,0,0,0,0,0,0,1,13,0,0,0,12,0,0,0,0,0,0,0,0,0,0,0,0,0,0,0,0,5
2893,00000013 2fab65c0,"     HMMA.884.F32.F32.STEP3 R6, R14.ROW, R20.ROW, R6 ",,43,7,512000,16384000,,,,,,,0,4,0,0,0,0,0,0,0,0,0,4,11,0,0,0,24,0,0,0,0,0,0,0,0,0,0,0,0,0,0,0,0,7
2894,00000013 2fab65d0,"     IMAD.IADD R21, R55, 0x1, R32 ",,41,9,512000,16384000,,,,,,,0,2,0,0,0,0,6,0,0,0,0,2,7,0,0,0,24,0,1,0,0,0,0,1,0,0,0,0,0,0,0,0,0,7
2895,00000013 2fab65e0,"     IADD3 R20, R55, 0x1, RZ ",,22,0,512000,16384000,,,,,,,0,9,0,0,0,0,0,0,0,0,0,0,13,0,0,0,0,0,0,0,0,0,0,0,0,0,0,0,0,0,0,0,0,0
2896,00000013 2fab65f0,"     IMAD R61, R21, 0x4, R36 ",,76,19,512000,16384000,,,,,,,0,9,0,0,0,0,8,0,0,0,0,12,9,0,0,0,38,0,0,0,0,0,0,3,0,0,0,0,0,0,0,0,0,16
2897,00000013 2fab6600,"     ISETP.GE.AND P2, PT, R20, c[0x0][0x190], PT ",,33,5,512000,16384000,,,,,,,0,5,0,0,0,0,0,0,0,0,8,0,20,0,0,0,0,0,0,0,0,0,0,0,0,0,0,5,0,0,0,0,0,0
2898,00000013 2fab6610,"@!P0 LDS.U R21, [R61+0x300] ",,101,32,512000,16384000,Shared,Load,32,,512000,,0,4,0,0,0,0,0,0,9,0,0,13,16,0,0,0,59,0,0,0,0,0,0,0,0,7,0,0,0,0,0,0,0,25
2899,00000013 2fab6620,"@!P2 LDS.U R20, [R61+0x304] ",,85,34,512000,16384000,Shared,Load,32,,512000,,0,3,0,0,0,0,0,0,4,0,0,7,11,0,0,0,60,0,0,0,0,0,0,0,0,3,0,0,0,0,0,0,0,31
2900,00000013 2fab6630,"@!P0 FADD.FTZ R8, R8, R21 ",,269,110,512000,16384000,,,,,,,0,2,0,0,0,0,9,0,0,1,0,21,11,225,0,0,0,0,0,0,0,0,0,3,0,0,0,0,0,0,107,0,0,0
2901,00000013 2fab6640,"@!P2 FADD.FTZ R9, R9, R20 ",,105,50,512000,16384000,,,,,,,0,1,0,0,0,0,9,0,0,0,0,9,14,52,0,0,20,0,0,0,0,0,0,5,0,0,0,0,0,0,32,0,0,13
2902,00000013 2fab6650,"     IADD3 R20, R55, 0x2, RZ ",,13,0,512000,16384000,,,,,,,0,1,0,0,0,0,0,0,0,0,0,0,12,0,0,0,0,0,0,0,0,0,0,0,0,0,0,0,0,0,0,0,0,0
2903,00000013 2fab6660,"@!P0 STS [R61+0x300], R8 ",,88,30,512000,16384000,Shared,Store,32,,512000,,0,2,0,0,0,0,0,0,9,0,0,13,10,0,0,0,54,0,1,0,0,0,0,0,0,4,0,0,0,0,0,0,0,25
2904,00000013 2fab6670,"     ISETP.GE.AND P0, PT, R20, c[0x0][0x190], PT ",,12,1,512000,16384000,,,,,,,0,1,0,1,0,0,0,0,0,0,0,0,10,0,0,0,0,0,0,0,1,0,0,0,0,0,0,0,0,0,0,0,0,0
2905,00000013 2fab6680,"     IADD3 R20, R55, 0x3, RZ ",,62,17,512000,16384000,,,,,,,0,2,0,0,0,0,7,0,0,0,5,14,16,0,0,0,18,0,0,0,0,0,0,3,0,0,0,2,0,0,0,0,0,12
2906,00000013 2fab6690,"@!P2 STS [R61+0x304], R9 ",,25,1,512000,16384000,Shared,Store,32,,512000,,0,1,0,0,0,0,0,0,3,0,0,3,18,0,0,0,0,0,0,0,0,0,0,0,0,1,0,0,0,0,0,0,0,0
2907,00000013 2fab66a0,"     ISETP.GE.AND P2, PT, R20, c[0x0][0x190], PT ",,65,16,512000,16384000,,,,,,,0,0,0,0,0,0,7,0,0,0,0,12,12,0,0,0,34,0,0,0,0,0,0,4,0,0,0,0,0,0,0,0,0,12
2908,00000013 2fab66b0,"     IADD3 R8, R55, 0x4, RZ ",,69,13,512000,16384000,,,,,,,0,1,0,0,0,0,7,0,0,0,0,28,14,10,0,0,9,0,0,0,0,0,0,3,0,0,0,0,0,0,4,0,0,6
2909,00000013 2fab66c0,"@!P0 LDS.U R21, [R61+0x308] ",,88,31,512000,16384000,Shared,Load,32,,512000,,0,1,0,0,0,0,0,0,12,0,0,10,15,0,0,0,50,0,0,0,0,0,0,0,0,9,0,0,0,0,0,0,0,22
2910,00000013 2fab66d0,"     ISETP.GE.AND P3, PT, R8, c[0x0][0x190], PT ",,15,1,512000,16384000,,,,,,,0,0,0,1,0,0,0,0,0,0,0,0,14,0,0,0,0,0,0,0,1,0,0,0,0,0,0,0,0,0,0,0,0,0
2911,00000013 2fab66e0,"     IADD3 R8, R55, 0x5, RZ ",,48,11,512000,16384000,,,,,,,0,1,0,0,0,0,2,0,0,0,0,5,15,0,0,0,25,0,0,0,0,0,0,1,0,0,0,0,0,0,0,0,0,10
2912,00000013 2fab66f0,"@!P2 LDS.U R20, [R61+0x30c] ",,66,11,512000,16384000,Shared,Load,32,,512000,,0,2,0,0,0,0,0,0,7,1,0,12,13,0,0,0,31,0,0,0,0,0,0,0,0,3,0,0,0,0,0,0,0,8
2913,00000013 2fab6700,"     ISETP.GE.AND P4, PT, R8, c[0x0][0x190], PT ",,21,6,512000,16384000,,,,,,,0,1,0,0,0,0,1,0,0,0,5,1,13,0,0,0,0,0,0,0,0,0,0,1,0,0,0,5,0,0,0,0,0,0
2914,00000013 2fab6710,"     IADD3 R8, R55, 0x6, RZ ",,30,4,512000,16384000,,,,,,,0,2,0,0,0,0,2,0,0,0,0,6,9,0,0,0,11,0,0,0,0,0,0,0,0,0,0,0,0,0,0,0,0,4
2915,00000013 2fab6720,"     IADD3 R55, R55, 0x7, RZ ",,41,8,512000,16384000,,,,,,,0,0,0,0,0,0,0,0,0,0,0,5,14,0,0,0,22,0,0,0,0,0,0,0,0,0,0,0,0,0,0,0,0,8
2916,00000013 2fab6730,"     ISETP.GE.AND P5, PT, R8, c[0x0][0x190], PT ",,33,9,512000,16384000,,,,,,,0,0,0,0,0,0,2,0,0,0,0,3,14,0,0,0,14,0,0,0,0,0,0,1,0,0,0,0,0,0,0,0,0,8
2917,00000013 2fab6740,"     ISETP.GE.AND P6, PT, R55, c[0x0][0x190], PT ",,28,9,512000,16384000,,,,,,,0,0,0,0,0,0,1,0,0,0,0,4,11,0,0,0,12,0,0,0,0,0,0,0,0,0,0,0,0,0,0,0,0,9
2918,00000013 2fab6750,"     IMAD.SHL.U32 R55, R58, 0x10, RZ ",,15,0,512000,16384000,,,,,,,0,0,0,0,0,0,0,0,0,0,0,0,15,0,0,0,0,0,0,0,0,0,0,0,0,0,0,0,0,0,0,0,0,0
2919,00000013 2fab6760,"@!P4 LDS.U R8, [R61+0x314] ",,59,13,512000,16384000,Shared,Load,32,,512000,,0,1,0,0,0,0,0,0,5,0,0,17,13,0,0,0,23,0,1,0,0,0,0,0,0,3,0,0,0,0,0,0,0,9
2920,00000013 2fab6770,"@!P5 LDS.U R9, [R61+0x318] ",,106,45,512000,16384000,Shared,Load,32,,512000,,0,0,0,0,0,0,0,0,10,0,0,6,8,0,0,0,82,0,0,0,0,0,0,0,0,4,0,0,0,0,0,0,0,41
2921,00000013 2fab6780,"@!P0 FADD.FTZ R10, R10, R21 ",,36,8,512000,16384000,,,,,,,0,1,0,0,0,0,1,0,0,0,6,1,18,9,0,0,0,0,0,0,0,0,0,0,0,0,0,2,0,0,6,0,0,0
2922,00000013 2fab6790,"@!P3 LDS.U R21, [R61+0x310] ",,60,18,512000,16384000,Shared,Load,32,,512000,,0,2,0,0,0,0,0,0,9,0,0,11,13,0,0,0,25,0,0,0,0,0,0,0,0,7,0,0,0,0,0,0,0,11
2923,00000013 2fab67a0,"@!P2 FADD.FTZ R11, R11, R20 ",,24,1,512000,16384000,,,,,,,0,2,0,0,0,0,2,0,0,0,0,0,13,7,0,0,0,0,0,0,0,0,0,0,0,0,0,0,0,0,1,0,0,0
2924,00000013 2fab67b0,"@!P6 LDS.U R20, [R61+0x31c] ",,61,8,512000,16384000,Shared,Load,32,,512000,,0,3,0,0,0,0,0,0,10,0,0,13,15,0,0,0,20,0,0,0,0,0,0,0,0,4,0,0,0,0,0,0,0,4
2925,00000013 2fab67c0,"@!P0 STS [R61+0x308], R10 ",,56,23,512000,16384000,Shared,Store,32,,512000,,0,3,0,0,0,0,0,0,6,0,0,8,4,0,0,0,35,0,0,0,0,0,0,0,0,6,0,0,0,0,0,0,0,17
2926,00000013 2fab67d0,"     ISETP.GE.AND P0, PT, R55, c[0x0][0x190], PT ",,11,1,512000,16384000,,,,,,,0,0,0,1,0,0,0,0,0,0,0,0,10,0,0,0,0,0,0,0,1,0,0,0,0,0,0,0,0,0,0,0,0,0
2927,00000013 2fab67e0,"@!P2 STS [R61+0x30c], R11 ",,70,18,512000,16384000,Shared,Store,32,,512000,,0,1,0,0,0,0,0,0,14,0,0,12,15,0,0,0,28,0,0,0,0,0,0,0,0,6,0,0,0,0,0,0,0,12
2928,00000013 2fab67f0,"     ISETP.LT.AND P2, PT, R58, R41, PT ",,13,0,512000,16384000,,,,,,,0,0,0,0,0,0,0,0,0,0,0,0,13,0,0,0,0,0,0,0,0,0,0,0,0,0,0,0,0,0,0,0,0,0
2929,00000013 2fab6800,"@!P4 FADD.FTZ R5, R5, R8 ",,30,6,512000,16384000,,,,,,,0,2,0,0,0,0,2,0,0,0,11,1,13,1,0,0,0,0,0,0,0,0,0,0,0,0,0,5,0,0,1,0,0,0
2930,00000013 2fab6810,"@!P5 FADD.FTZ R6, R6, R9 ",,63,12,512000,16384000,,,,,,,0,3,0,0,0,0,1,0,0,0,0,3,23,16,0,0,17,0,0,0,0,0,0,1,0,0,0,0,0,0,8,0,0,3
2931,00000013 2fab6820,"@!P4 STS [R61+0x314], R5 ",,106,40,512000,16384000,Shared,Store,32,,512000,,0,3,0,0,0,0,0,0,6,0,0,10,15,0,0,0,72,0,0,0,0,0,0,0,0,5,0,0,0,0,0,0,0,35
2932,00000013 2fab6830,"@!P5 STS [R61+0x318], R6 ",,81,24,512000,16384000,Shared,Store,32,,512000,,0,1,0,0,0,0,0,0,6,0,0,4,21,0,0,0,49,0,1,0,0,0,0,0,0,2,0,0,0,0,0,0,0,21
2933,00000013 2fab6840,"@!P3 FADD.FTZ R4, R4, R21 ",,9,1,512000,16384000,,,,,,,0,0,0,0,0,0,0,0,0,0,0,0,8,1,0,0,0,0,0,0,0,0,0,0,0,0,0,0,0,0,1,0,0,0
2934,00000013 2fab6850,"@!P6 FADD.FTZ R7, R7, R20 ",,40,9,512000,16384000,,,,,,,0,1,0,0,0,0,2,0,0,0,0,5,13,2,0,0,17,0,0,0,0,0,0,0,0,0,0,0,0,0,1,0,0,8
2935,00000013 2fab6860,"@!P3 STS [R61+0x310], R4 ",,109,35,512000,16384000,Shared,Store,32,,512000,,0,4,0,0,0,0,0,0,9,0,0,16,12,0,0,0,68,0,1,0,0,0,0,0,0,7,0,0,0,0,0,0,0,27
2936,00000013 2fab6870,"@!P6 STS [R61+0x31c], R7 ",,74,30,512000,16384000,Shared,Store,32,,512000,,0,0,0,0,0,0,0,0,10,0,0,5,18,0,0,0,41,0,0,0,0,0,0,0,0,8,0,0,0,0,0,0,0,22
2937,00000013 2fab6880,     NOP ,,57,15,512000,16384000,,,,,,,0,1,0,0,0,0,0,0,0,0,5,2,13,0,0,0,36,0,0,0,0,0,0,0,0,0,0,2,0,0,0,0,0,13
2938,00000013 2fab6890,     BAR.SYNC 0x0 ,,14,3,512000,16384000,,,,,,,0,2,0,0,0,0,0,0,4,0,0,1,7,0,0,0,0,0,1,0,0,0,0,0,0,2,0,0,0,0,0,0,0,0
2939,00000013 2fab68a0,"@!P0 BRA P2, 0x132fab5af0 ",,525,226,512000,12288000,,,,,,,469,1,0,0,0,0,0,0,1,0,0,6,14,0,0,0,34,209,0,0,0,0,0,0,0,0,0,0,0,0,0,0,0,17
2940,00000013 2fab68b0,"     IADD3 R56, R56, 0x10, RZ ",,51,13,128000,4096000,,,,,,,0,0,0,0,0,0,0,0,0,0,0,1,12,0,0,0,38,0,0,0,0,0,0,0,0,0,0,0,0,0,0,0,0,13
2941,00000013 2fab68c0,"     ISETP.GE.AND P0, PT, R56, R27, PT ",,24,5,128000,4096000,,,,,,,0,2,0,0,0,0,5,0,0,0,0,5,2,0,0,0,10,0,0,0,0,0,0,2,0,0,0,0,0,0,0,0,0,3
2942,00000013 2fab68d0,@!P0 BRA 0x132fab5370 ,,46,17,128000,3276800,,,,,,,0,0,0,0,0,0,0,0,0,0,0,1,9,0,0,0,36,0,0,0,0,0,0,0,0,0,0,0,0,0,0,0,0,17
2943,00000013 2fab68e0,"     IADD3 R53, R53, c[0x0][0x198], RZ ",,10,2,25600,819200,,,,,,,0,0,0,0,0,0,0,0,0,0,0,0,0,0,0,0,10,0,0,0,0,0,0,0,0,0,0,0,0,0,0,0,0,2
2944,00000013 2fab68f0,"     ISETP.GE.AND P0, PT, R53, c[0x0][0x18c], PT ",,5,2,25600,819200,,,,,,,0,0,0,0,0,0,0,0,0,0,0,1,1,0,0,0,3,0,0,0,0,0,0,0,0,0,0,0,0,0,0,0,0,2
2945,00000013 2fab6900,@!P0 BRA 0x132fab0560 ,,13,6,25600,409600,,,,,,,0,0,0,0,0,0,0,0,0,0,0,2,1,0,0,0,10,0,0,0,0,0,0,0,0,0,0,0,0,0,0,0,0,6
2946,00000013 2fab6910,"     S2R R7, SR_TID.X ",,2,0,12800,409600,,,,,,,0,0,0,0,0,0,0,0,0,0,0,0,0,0,0,0,2,0,0,0,0,0,0,0,0,0,0,0,0,0,0,0,0,0
2947,00000013 2fab6920,     NOP ,,0,0,12800,409600,,,,,,,,,,,,,,,,,,,,,,,,,,,,,,,,,,,,,,,,
2948,00000013 2fab6930,     BAR.SYNC 0x0 ,,0,0,12800,409600,,,,,,,,,,,,,,,,,,,,,,,,,,,,,,,,,,,,,,,,
2949,00000013 2fab6940,"     ISETP.GE.AND P0, PT, R7, R40, PT ",,10,4,12800,409600,,,,,,,8,0,0,0,0,0,0,0,0,0,0,0,1,0,0,0,1,4,0,0,0,0,0,0,0,0,0,0,0,0,0,0,0,0
2950,00000013 2fab6950,@P0  EXIT ,,5,1,12800,0,,,,,,,0,0,0,0,0,0,0,0,0,0,0,1,2,0,0,0,2,0,0,0,0,0,0,0,0,0,0,0,0,0,0,0,0,1
2951,00000013 2fab6960,"     IABS R0, R35 ",,3,2,12800,409600,,,,,,,0,0,0,0,0,0,1,0,0,0,0,0,0,0,0,0,2,0,0,0,0,0,0,0,0,0,0,0,0,0,0,0,0,2
2952,00000013 2fab6970,"     IMAD.MOV.U32 R2, RZ, RZ, RZ ",,1,0,12800,409600,,,,,,,0,0,0,0,0,0,0,0,0,0,0,0,1,0,0,0,0,0,0,0,0,0,0,0,0,0,0,0,0,0,0,0,0,0
2953,00000013 2fab6980,"     I2F.RP R4, R0 ",,0,0,12800,409600,,,,,,,,,,,,,,,,,,,,,,,,,,,,,,,,,,,,,,,,
2954,00000013 2fab6990,"     MUFU.RCP R4, R4 ",,3,2,12800,409600,,,,,,,0,0,0,0,0,0,0,0,0,0,0,0,0,2,0,0,1,0,0,0,0,0,0,0,0,0,0,0,0,0,2,0,0,0
2955,00000013 2fab69a0,"     IADD3 R5, R4, 0xffffffe, RZ ",,4,1,12800,409600,,,,,,,0,0,0,0,0,0,1,0,0,0,0,0,0,3,0,0,0,0,0,0,0,0,0,0,0,0,0,0,0,0,1,0,0,0
2956,00000013 2fab69b0,"     F2I.FTZ.U32.TRUNC.NTZ R3, R5 ",,2,0,12800,409600,,,,,,,0,0,0,0,0,0,0,0,0,0,0,2,0,0,0,0,0,0,0,0,0,0,0,0,0,0,0,0,0,0,0,0,0,0
2957,00000013 2fab69c0,"     IMAD.MOV R9, RZ, RZ, -R3 ",,3,2,12800,409600,,,,,,,0,0,0,0,0,0,0,0,0,0,0,0,0,3,0,0,0,0,0,0,0,0,0,0,0,0,0,0,0,0,2,0,0,0
2958,00000013 2fab69d0,"     IMAD R9, R9, R0, RZ ",,3,0,12800,409600,,,,,,,0,0,0,0,0,0,0,0,0,0,0,0,1,0,0,0,2,0,0,0,0,0,0,0,0,0,0,0,0,0,0,0,0,0
2959,00000013 2fab69e0,"     IMAD.WIDE.U32 R2, R3, R9, R2 ",,0,0,12800,409600,,,,,,,,,,,,,,,,,,,,,,,,,,,,,,,,,,,,,,,,
2960,00000013 2fab69f0,"@!PT SHFL.IDX PT, RZ, RZ, RZ, RZ ",,25,13,102400,0,,,,,,,0,0,0,0,0,0,0,0,0,0,20,0,0,0,0,0,5,0,0,0,0,0,0,0,0,0,0,11,0,0,0,0,0,2
2961,00000013 2fab6a00,"     IABS R2, R35 ",,16,9,102400,3276800,,,,,,,0,0,0,0,0,0,4,0,0,0,10,0,2,0,0,0,0,0,0,0,0,0,0,2,0,0,0,7,0,0,0,0,0,0
2962,00000013 2fab6a10,"     BMOV.32.CLEAR RZ, B0 ",,2,0,102400,3276800,,,,,,,0,0,0,0,0,0,0,0,0,0,0,0,2,0,0,0,0,0,0,0,0,0,0,0,0,0,0,0,0,0,0,0,0,0
2963,00000013 2fab6a20,"     IABS R4, R7 ",,4,0,102400,3276800,,,,,,,0,0,0,0,0,0,1,0,0,0,0,0,3,0,0,0,0,0,0,0,0,0,0,0,0,0,0,0,0,0,0,0,0,0
2964,00000013 2fab6a30,"     BSSY B0, 0x132fab6d40 ",,1,0,102400,3276800,,,,,,,0,0,0,0,0,0,0,0,0,0,1,0,0,0,0,0,0,0,0,0,0,0,0,0,0,0,0,0,0,0,0,0,0,0
2965,00000013 2fab6a40,"     IABS R6, R35 ",,2,0,102400,3276800,,,,,,,0,0,0,0,0,0,0,0,0,0,0,0,2,0,0,0,0,0,0,0,0,0,0,0,0,0,0,0,0,0,0,0,0,0
2966,00000013 2fab6a50,"     IMAD.MOV R9, RZ, RZ, -R2 ",,1,0,102400,3276800,,,,,,,0,0,0,0,0,0,0,0,0,0,0,0,1,0,0,0,0,0,0,0,0,0,0,0,0,0,0,0,0,0,0,0,0,0
2967,00000013 2fab6a60,"     ISETP.GE.AND P3, PT, R7, RZ, PT ",,1,0,102400,3276800,,,,,,,0,0,0,0,0,0,0,0,0,0,0,0,1,0,0,0,0,0,0,0,0,0,0,0,0,0,0,0,0,0,0,0,0,0
2968,00000013 2fab6a70,"     IMAD.WIDE.U32 R2, R3, R4, RZ ",,5,0,102400,3276800,,,,,,,0,0,0,0,0,0,0,0,0,0,0,0,5,0,0,0,0,0,0,0,0,0,0,0,0,0,0,0,0,0,0,0,0,0
2969,00000013 2fab6a80,"     I2F.RP R5, R6 ",,15,2,102400,3276800,,,,,,,0,3,0,0,0,0,0,0,0,0,1,3,3,0,0,0,5,0,0,0,0,0,0,0,0,0,0,0,0,0,0,0,0,2
2970,00000013 2fab6a90,"     IMAD R9, R3, R9, R4 ",,20,6,102400,3276800,,,,,,,0,0,0,0,0,0,2,0,0,0,0,1,3,0,0,0,14,0,0,0,0,0,0,1,0,0,0,0,0,0,0,0,0,5
2971,00000013 2fab6aa0,"     LOP3.LUT R2, R7, 0xfffffff0, R42, 0x78, !PT ",,3,0,102400,3276800,,,,,,,0,1,0,0,0,0,0,0,0,0,0,0,2,0,0,0,0,0,0,0,0,0,0,0,0,0,0,0,0,0,0,0,0,0
2972,00000013 2fab6ab0,"     ISETP.GT.U32.AND P1, PT, R0, R9, PT ",,18,5,102400,3276800,,,,,,,0,1,0,0,0,0,5,0,0,0,0,3,3,0,0,0,6,0,0,0,0,0,0,2,0,0,0,0,0,0,0,0,0,3
2973,00000013 2fab6ac0,"     ISETP.GE.AND P2, PT, R2, RZ, PT ",,8,2,102400,3276800,,,,,,,0,0,0,0,0,0,1,0,0,0,0,1,3,0,0,0,3,0,0,0,0,0,0,0,0,0,0,0,0,0,0,0,0,2
2974,00000013 2fab6ad0,"     MUFU.RCP R5, R5 ",,16,5,102400,3276800,,,,,,,0,1,0,0,0,0,0,0,0,0,0,0,5,10,0,0,0,0,0,0,0,0,0,0,0,0,0,0,0,0,5,0,0,0
2975,00000013 2fab6ae0,"@!P1 IMAD.IADD R9, R9, 0x1, -R6 ",,35,19,102400,48000,,,,,,,0,0,0,0,0,0,2,0,0,0,0,0,4,0,0,0,29,0,0,0,0,0,0,1,0,0,0,0,0,0,0,0,0,18
2976,00000013 2fab6af0,"@!P1 IADD3 R3, R3, 0x1, RZ ",,1,0,102400,48000,,,,,,,0,0,0,0,0,0,0,0,0,0,0,0,1,0,0,0,0,0,0,0,0,0,0,0,0,0,0,0,0,0,0,0,0,0
2977,00000013 2fab6b00,"     IMAD.IADD R2, R9, 0x1, -R6 ",,12,3,102400,3276800,,,,,,,0,1,0,0,0,0,0,0,0,0,1,2,2,0,0,0,6,0,0,0,0,0,0,0,0,0,0,0,0,0,0,0,0,3
2978,00000013 2fab6b10,"     ISETP.GE.U32.AND P0, PT, R9, R0, PT ",,2,0,102400,3276800,,,,,,,0,0,0,0,0,0,0,0,0,0,0,0,2,0,0,0,0,0,0,0,0,0,0,0,0,0,0,0,0,0,0,0,0,0
2979,00000013 2fab6b20,"     IMAD.MOV.U32 R0, RZ, RZ, R6 ",,3,0,102400,3276800,,,,,,,0,0,0,0,0,0,0,0,0,0,0,0,3,0,0,0,0,0,0,0,0,0,0,0,0,0,0,0,0,0,0,0,0,0
2980,00000013 2fab6b30,"     ISETP.GT.U32.AND P1, PT, R0, R9, PT ",,36,8,102400,3276800,,,,,,,0,0,0,0,0,0,2,0,0,0,0,8,7,0,0,0,19,0,0,0,0,0,0,0,0,0,0,0,0,0,0,0,0,8
2981,00000013 2fab6b40,"     IADD3 R4, R5, 0xffffffe, RZ ",,13,2,102400,3276800,,,,,,,0,0,0,0,0,0,2,0,0,0,0,1,5,0,0,0,5,0,0,0,0,0,0,0,0,0,0,0,0,0,0,0,0,2
2982,00000013 2fab6b50,"     SEL R9, R2, R9, !P1 ",,9,1,102400,3276800,,,,,,,0,0,0,0,0,0,2,0,0,0,0,1,4,0,0,0,2,0,0,0,0,0,0,0,0,0,0,0,0,0,0,0,0,1
2983,00000013 2fab6b60,"@P0  IADD3 R3, R3, 0x1, RZ ",,9,0,102400,0,,,,,,,0,0,0,0,0,0,0,0,0,0,0,0,4,0,0,0,5,0,0,0,0,0,0,0,0,0,0,0,0,0,0,0,0,0
2984,00000013 2fab6b70,"     ISETP.NE.AND P0, PT, R35, RZ, PT ",,5,1,102400,3276800,,,,,,,0,0,0,0,0,0,0,0,0,0,0,0,4,0,0,0,1,0,0,0,0,0,0,0,0,0,0,0,0,0,0,0,0,1
2985,00000013 2fab6b80,"@!P3 IMAD.MOV R9, RZ, RZ, -R9 ",,1,0,102400,0,,,,,,,0,0,0,0,0,0,0,0,0,0,0,0,1,0,0,0,0,0,0,0,0,0,0,0,0,0,0,0,0,0,0,0,0,0
2986,00000013 2fab6b90,"     LOP3.LUT R2, RZ, R35, RZ, 0x33, !PT ",,3,0,102400,3276800,,,,,,,0,0,0,0,0,0,0,0,0,0,0,0,3,0,0,0,0,0,0,0,0,0,0,0,0,0,0,0,0,0,0,0,0,0
2987,00000013 2fab6ba0,"@!P2 IMAD.MOV R3, RZ, RZ, -R3 ",,8,0,102400,0,,,,,,,0,0,0,0,0,0,0,0,0,0,0,0,8,0,0,0,0,0,0,0,0,0,0,0,0,0,0,0,0,0,0,0,0,0
2988,00000013 2fab6bb0,"     F2I.FTZ.U32.TRUNC.NTZ R5, R4 ",,2,0,102400,3276800,,,,,,,0,0,0,0,0,0,0,0,0,0,0,0,2,0,0,0,0,0,0,0,0,0,0,0,0,0,0,0,0,0,0,0,0,0
2989,00000013 2fab6bc0,"     SEL R9, R2, R9, !P0 ",,8,1,102400,3276800,,,,,,,0,0,0,0,0,0,1,0,0,0,0,1,5,0,0,0,1,0,0,0,0,0,0,1,0,0,0,0,0,0,0,0,0,0
2990,00000013 2fab6bd0,"     SEL R2, R2, R3, !P0 ",,13,4,102400,3276800,,,,,,,0,0,0,0,0,0,5,0,0,0,0,5,1,0,0,0,2,0,0,0,0,0,0,2,0,0,0,0,0,0,0,0,0,2
2991,00000013 2fab6be0,"     ISETP.GE.AND P0, PT, R9, c[0x0][0x190], PT ",,7,2,102400,3276800,,,,,,,0,0,0,0,0,0,0,0,0,0,0,0,3,0,0,0,4,0,0,0,0,0,0,0,0,0,0,0,0,0,0,0,0,2
2992,00000013 2fab6bf0,"     IMAD.IADD R3, R43, 0x1, R2 ",,18,7,102400,3276800,,,,,,,0,0,0,0,0,0,0,0,0,0,0,4,3,0,0,0,11,0,0,0,0,0,0,0,0,0,0,0,0,0,0,0,0,7
2993,00000013 2fab6c00,"     ISETP.GT.OR P0, PT, R2, 0xf, P0 ",,5,4,102400,3276800,,,,,,,0,0,0,0,0,0,0,0,0,0,4,0,1,0,0,0,0,0,0,0,0,0,0,0,0,0,0,4,0,0,0,0,0,0
2994,00000013 2fab6c10,"     ISETP.GE.OR P0, PT, R3, c[0x0][0x18c], P0 ",,17,5,102400,3276800,,,,,,,0,1,0,0,0,0,3,0,0,0,0,0,3,0,0,0,10,0,1,0,0,0,0,1,0,0,0,0,0,0,0,0,0,3
2995,00000013 2fab6c20,"     IMAD.MOV R13, RZ, RZ, -R5 ",,3,0,102400,3276800,,,,,,,0,0,0,0,0,0,0,0,0,0,0,0,3,0,0,0,0,0,0,0,0,0,0,0,0,0,0,0,0,0,0,0,0,0
2996,00000013 2fab6c30,"     IMAD R13, R13, R6, RZ ",,19,8,102400,3276800,,,,,,,0,0,0,0,0,0,0,0,0,0,0,2,5,0,0,0,12,0,0,0,0,0,0,0,0,0,0,0,0,0,0,0,0,8
2997,00000013 2fab6c40,@P0  BRA 0x132fab6d30 ,,19,6,102400,0,,,,,,,0,1,0,0,0,0,0,0,0,0,0,1,6,0,0,0,11,0,0,0,0,0,0,0,0,0,0,0,0,0,0,0,0,6
2998,00000013 2fab6c50,"     IMAD R3, R3, c[0x0][0x190], RZ ",,21,8,102400,3276800,,,,,,,0,0,0,0,0,0,1,0,0,0,0,1,4,0,0,0,15,0,0,0,0,0,0,0,0,0,0,0,0,0,0,0,0,8
2999,00000013 2fab6c60,"     SHF.R.S32.HI R6, RZ, 0x1f, R9 ",,3,0,102400,3276800,,,,,,,0,0,0,0,0,0,0,0,0,0,0,0,3,0,0,0,0,0,0,0,0,0,0,0,0,0,0,0,0,0,0,0,0,0
3000,00000013 2fab6c70,"     IADD3 R11, P0, P1, R3, R9, R30 ",,19,2,102400,3276800,,,,,,,0,0,0,0,0,0,1,0,0,0,0,6,2,0,0,0,10,0,0,0,0,0,0,0,0,0,0,0,0,0,0,0,0,2
3001,00000013 2fab6c80,"     SHF.R.S32.HI R2, RZ, 0x1f, R3 ",,8,2,102400,3276800,,,,,,,0,0,0,0,0,0,0,0,0,0,0,0,3,0,0,0,5,0,0,0,0,0,0,0,0,0,0,0,0,0,0,0,0,2
3002,00000013 2fab6c90,"     IADD3.X R8, R2, R6, R33, P0, P1 ",,17,4,102400,3276800,,,,,,,0,1,0,0,0,0,2,0,0,0,0,2,5,0,0,0,7,0,0,0,0,0,0,1,0,0,0,0,0,0,0,0,0,3
3003,00000013 2fab6ca0,"     ISETP.GE.U32.AND P0, PT, R11, R28, PT ",,3,1,102400,3276800,,,,,,,0,0,0,0,0,0,0,0,0,0,0,0,1,0,0,0,2,0,0,0,0,0,0,0,0,0,0,0,0,0,0,0,0,1
3004,00000013 2fab6cb0,"     ISETP.GE.U32.AND.EX P0, PT, R8, R34, PT, P0 ",,21,9,102400,3276800,,,,,,,0,0,0,0,0,0,1,0,0,0,0,4,3,0,0,0,13,0,0,0,0,0,0,0,0,0,0,0,0,0,0,0,0,9
3005,00000013 2fab6cc0,"@!P0 IADD3 R3, R37, 0x20, R7 ",,54,23,102400,3276800,,,,,,,0,0,0,0,0,0,2,0,0,0,0,4,4,0,0,0,44,0,0,0,0,0,0,1,0,0,0,0,0,0,0,0,0,22
3006,00000013 2fab6cd0,"@!P0 LEA R2, P1, R11, c[0x0][0x178], 0x1 ",,5,1,102400,3276800,,,,,,,0,0,0,0,0,0,0,0,0,0,0,1,0,0,0,0,4,0,0,0,0,0,0,0,0,0,0,0,0,0,0,0,0,1
3007,00000013 2fab6ce0,"@!P0 IMAD R6, R3, 0x4, R36 ",,11,3,102400,3276800,,,,,,,0,0,0,0,0,0,2,0,0,0,0,1,4,0,0,0,4,0,0,0,0,0,0,0,0,0,0,0,0,0,0,0,0,3
3008,00000013 2fab6cf0,"@!P0 LEA.HI.X R3, R11, c[0x0][0x17c], R8, 0x1, P1 ",,6,0,102400,3276800,,,,,,,0,1,0,0,0,0,0,0,0,0,0,0,5,0,0,0,0,0,0,0,0,0,0,0,0,0,0,0,0,0,0,0,0,0
3009,00000013 2fab6d00,"@!P0 LDS.U R6, [R6+0x300] ",,26,8,102400,3276800,Shared,Load,32,,102400,,0,0,0,0,0,0,0,0,0,0,0,2,2,0,0,0,22,0,0,0,0,0,0,0,0,0,0,0,0,0,0,0,0,8
3010,00000013 2fab6d10,"@!P0 F2F.F16.F32 R9, R6 ",,60,25,102400,3276800,,,,,,,0,1,0,0,0,0,0,0,0,1,0,1,2,49,0,0,6,0,0,0,0,0,0,0,0,0,1,0,0,0,23,0,0,1
3011,00000013 2fab6d20,"@!P0 STG.E.U16.SYS [R2], R9 ",,50,23,102400,3276800,Global,Store,16,102400,,204800,0,0,0,0,0,0,0,0,0,0,0,1,3,42,0,0,4,0,0,0,0,0,0,0,0,0,0,0,0,0,20,0,0,3
3012,00000013 2fab6d30,     BSYNC B0 ,,8,0,102400,3276800,,,,,,,0,0,0,0,0,0,0,0,0,0,0,0,5,0,0,0,3,0,0,0,0,0,0,0,0,0,0,0,0,0,0,0,0,0
3013,00000013 2fab6d40,"     IADD3 R7, R7, c[0x0][0x0], RZ ",,46,17,102400,3276800,,,,,,,0,1,0,0,0,0,1,0,0,0,28,2,2,0,0,0,12,0,0,0,0,0,0,0,0,0,0,15,0,0,0,0,0,2
3014,00000013 2fab6d50,"     IMAD.MOV.U32 R4, RZ, RZ, RZ ",,5,0,102400,3276800,,,,,,,0,0,0,0,0,0,0,0,0,0,0,0,5,0,0,0,0,0,0,0,0,0,0,0,0,0,0,0,0,0,0,0,0,0
3015,00000013 2fab6d60,"     ISETP.GE.AND P0, PT, R7, R40, PT ",,17,6,102400,3276800,,,,,,,0,1,0,0,0,0,3,0,0,0,0,0,4,0,0,0,9,0,0,0,0,0,0,2,0,0,0,0,0,0,0,0,0,4
3016,00000013 2fab6d70,"     IMAD.WIDE.U32 R4, R5, R13, R4 ",,5,0,102400,3276800,,,,,,,0,0,0,0,0,0,0,0,0,0,0,0,5,0,0,0,0,0,0,0,0,0,0,0,0,0,0,0,0,0,0,0,0,0
3017,00000013 2fab6d80,"     IMAD.MOV.U32 R3, RZ, RZ, R5 ",,36,10,102400,3276800,,,,,,,0,0,0,0,0,0,4,0,0,0,0,7,1,0,0,0,24,0,0,0,0,0,0,2,0,0,0,0,0,0,0,0,0,8
3018,00000013 2fab6d90,@!P0 BRA 0x132fab69f0 ,,21,8,102400,2867200,,,,,,,0,0,0,0,0,0,0,0,0,0,0,4,2,0,0,0,15,0,0,0,0,0,0,0,0,0,0,0,0,0,0,0,0,8
3019,00000013 2fab6da0,     EXIT ,,15,6,12800,409600,,,,,,,0,0,0,0,0,0,0,0,0,0,0,0,5,0,0,0,10,0,0,0,0,0,0,0,0,0,0,0,0,0,0,0,0,6
3020,00000013 2fab6db0,"     IMAD.MOV.U32 R18, RZ, RZ, R12 ",,8,5,0,0,,,,,,,0,0,1,0,0,0,0,0,0,0,6,0,0,0,0,0,1,0,0,1,0,0,0,0,0,0,0,3,0,0,0,0,0,1
3021,00000013 2fab6dc0,"     MOV R22, 0xbd10 ",,0,0,0,0,,,,,,,,,,,,,,,,,,,,,,,,,,,,,,,,,,,,,,,,
3022,00000013 2fab6dd0,"     IMAD.MOV.U32 R17, RZ, RZ, 0x10 ",,0,0,0,0,,,,,,,,,,,,,,,,,,,,,,,,,,,,,,,,,,,,,,,,
3023,00000013 2fab6de0,"     IMAD.MOV.U32 R16, RZ, RZ, 0x1f ",,0,0,0,0,,,,,,,,,,,,,,,,,,,,,,,,,,,,,,,,,,,,,,,,
3024,00000013 2fab6df0,"     IMAD.MOV.U32 R21, RZ, RZ, -0x1 ",,0,0,0,0,,,,,,,,,,,,,,,,,,,,,,,,,,,,,,,,,,,,,,,,
3025,00000013 2fab6e00,     CALL.REL.NOINC 0x132fab7d60 ,,0,0,0,0,,,,,,,,,,,,,,,,,,,,,,,,,,,,,,,,,,,,,,,,
3026,00000013 2fab6e10,"     FMNMX.FTZ R18, R12, R21, !PT ",,0,0,0,0,,,,,,,,,,,,,,,,,,,,,,,,,,,,,,,,,,,,,,,,
3027,00000013 2fab6e20,"     IMAD.MOV.U32 R17, RZ, RZ, 0x8 ",,0,0,0,0,,,,,,,,,,,,,,,,,,,,,,,,,,,,,,,,,,,,,,,,
3028,00000013 2fab6e30,"     MOV R22, 0xbd70 ",,0,0,0,0,,,,,,,,,,,,,,,,,,,,,,,,,,,,,,,,,,,,,,,,
3029,00000013 2fab6e40,"     IMAD.MOV.U32 R16, RZ, RZ, 0x1f ",,0,0,0,0,,,,,,,,,,,,,,,,,,,,,,,,,,,,,,,,,,,,,,,,
3030,00000013 2fab6e50,"     IMAD.MOV.U32 R21, RZ, RZ, -0x1 ",,0,0,0,0,,,,,,,,,,,,,,,,,,,,,,,,,,,,,,,,,,,,,,,,
3031,00000013 2fab6e60,     CALL.REL.NOINC 0x132fab7d60 ,,0,0,0,0,,,,,,,,,,,,,,,,,,,,,,,,,,,,,,,,,,,,,,,,
3032,00000013 2fab6e70,"     FMNMX.FTZ R18, R18, R21, !PT ",,0,0,0,0,,,,,,,,,,,,,,,,,,,,,,,,,,,,,,,,,,,,,,,,
3033,00000013 2fab6e80,"     IMAD.MOV.U32 R17, RZ, RZ, 0x4 ",,0,0,0,0,,,,,,,,,,,,,,,,,,,,,,,,,,,,,,,,,,,,,,,,
3034,00000013 2fab6e90,"     MOV R22, 0xbdd0 ",,0,0,0,0,,,,,,,,,,,,,,,,,,,,,,,,,,,,,,,,,,,,,,,,
3035,00000013 2fab6ea0,"     IMAD.MOV.U32 R16, RZ, RZ, 0x1f ",,0,0,0,0,,,,,,,,,,,,,,,,,,,,,,,,,,,,,,,,,,,,,,,,
3036,00000013 2fab6eb0,"     IMAD.MOV.U32 R21, RZ, RZ, -0x1 ",,0,0,0,0,,,,,,,,,,,,,,,,,,,,,,,,,,,,,,,,,,,,,,,,
3037,00000013 2fab6ec0,     CALL.REL.NOINC 0x132fab7d60 ,,0,0,0,0,,,,,,,,,,,,,,,,,,,,,,,,,,,,,,,,,,,,,,,,
3038,00000013 2fab6ed0,"     FMNMX.FTZ R18, R18, R21, !PT ",,0,0,0,0,,,,,,,,,,,,,,,,,,,,,,,,,,,,,,,,,,,,,,,,
3039,00000013 2fab6ee0,"     IMAD.MOV.U32 R17, RZ, RZ, 0x2 ",,0,0,0,0,,,,,,,,,,,,,,,,,,,,,,,,,,,,,,,,,,,,,,,,
3040,00000013 2fab6ef0,"     MOV R22, 0xbe30 ",,0,0,0,0,,,,,,,,,,,,,,,,,,,,,,,,,,,,,,,,,,,,,,,,
3041,00000013 2fab6f00,"     IMAD.MOV.U32 R16, RZ, RZ, 0x1f ",,0,0,0,0,,,,,,,,,,,,,,,,,,,,,,,,,,,,,,,,,,,,,,,,
3042,00000013 2fab6f10,"     IMAD.MOV.U32 R21, RZ, RZ, -0x1 ",,0,0,0,0,,,,,,,,,,,,,,,,,,,,,,,,,,,,,,,,,,,,,,,,
3043,00000013 2fab6f20,     CALL.REL.NOINC 0x132fab7d60 ,,0,0,0,0,,,,,,,,,,,,,,,,,,,,,,,,,,,,,,,,,,,,,,,,
3044,00000013 2fab6f30,"     FMNMX.FTZ R18, R18, R21, !PT ",,0,0,0,0,,,,,,,,,,,,,,,,,,,,,,,,,,,,,,,,,,,,,,,,
3045,00000013 2fab6f40,"     IMAD.MOV.U32 R17, RZ, RZ, 0x1 ",,0,0,0,0,,,,,,,,,,,,,,,,,,,,,,,,,,,,,,,,,,,,,,,,
3046,00000013 2fab6f50,"     MOV R22, 0xbe90 ",,0,0,0,0,,,,,,,,,,,,,,,,,,,,,,,,,,,,,,,,,,,,,,,,
3047,00000013 2fab6f60,"     IMAD.MOV.U32 R16, RZ, RZ, 0x1f ",,0,0,0,0,,,,,,,,,,,,,,,,,,,,,,,,,,,,,,,,,,,,,,,,
3048,00000013 2fab6f70,"     IMAD.MOV.U32 R21, RZ, RZ, -0x1 ",,0,0,0,0,,,,,,,,,,,,,,,,,,,,,,,,,,,,,,,,,,,,,,,,
3049,00000013 2fab6f80,     CALL.REL.NOINC 0x132fab7d60 ,,0,0,0,0,,,,,,,,,,,,,,,,,,,,,,,,,,,,,,,,,,,,,,,,
3050,00000013 2fab6f90,     BRA 0x132faad2c0 ,,0,0,0,0,,,,,,,,,,,,,,,,,,,,,,,,,,,,,,,,,,,,,,,,
3051,00000013 2fab6fa0,"     IMAD.MOV.U32 R18, RZ, RZ, R12 ",,0,0,0,0,,,,,,,,,,,,,,,,,,,,,,,,,,,,,,,,,,,,,,,,
3052,00000013 2fab6fb0,"     MOV R22, 0xbf00 ",,0,0,0,0,,,,,,,,,,,,,,,,,,,,,,,,,,,,,,,,,,,,,,,,
3053,00000013 2fab6fc0,"     IMAD.MOV.U32 R17, RZ, RZ, 0x10 ",,0,0,0,0,,,,,,,,,,,,,,,,,,,,,,,,,,,,,,,,,,,,,,,,
3054,00000013 2fab6fd0,"     IMAD.MOV.U32 R16, RZ, RZ, 0x1f ",,0,0,0,0,,,,,,,,,,,,,,,,,,,,,,,,,,,,,,,,,,,,,,,,
3055,00000013 2fab6fe0,"     IMAD.MOV.U32 R21, RZ, RZ, -0x1 ",,0,0,0,0,,,,,,,,,,,,,,,,,,,,,,,,,,,,,,,,,,,,,,,,
3056,00000013 2fab6ff0,     CALL.REL.NOINC 0x132fab7d60 ,,0,0,0,0,,,,,,,,,,,,,,,,,,,,,,,,,,,,,,,,,,,,,,,,
3057,00000013 2fab7000,"     FADD.FTZ R18, R12, R21 ",,0,0,0,0,,,,,,,,,,,,,,,,,,,,,,,,,,,,,,,,,,,,,,,,
3058,00000013 2fab7010,"     MOV R22, 0xbf60 ",,0,0,0,0,,,,,,,,,,,,,,,,,,,,,,,,,,,,,,,,,,,,,,,,
3059,00000013 2fab7020,"     IMAD.MOV.U32 R17, RZ, RZ, 0x8 ",,0,0,0,0,,,,,,,,,,,,,,,,,,,,,,,,,,,,,,,,,,,,,,,,
3060,00000013 2fab7030,"     IMAD.MOV.U32 R16, RZ, RZ, 0x1f ",,0,0,0,0,,,,,,,,,,,,,,,,,,,,,,,,,,,,,,,,,,,,,,,,
3061,00000013 2fab7040,"     IMAD.MOV.U32 R21, RZ, RZ, -0x1 ",,0,0,0,0,,,,,,,,,,,,,,,,,,,,,,,,,,,,,,,,,,,,,,,,
3062,00000013 2fab7050,     CALL.REL.NOINC 0x132fab7d60 ,,0,0,0,0,,,,,,,,,,,,,,,,,,,,,,,,,,,,,,,,,,,,,,,,
3063,00000013 2fab7060,"     FADD.FTZ R18, R18, R21 ",,0,0,0,0,,,,,,,,,,,,,,,,,,,,,,,,,,,,,,,,,,,,,,,,
3064,00000013 2fab7070,"     MOV R22, 0xbfc0 ",,0,0,0,0,,,,,,,,,,,,,,,,,,,,,,,,,,,,,,,,,,,,,,,,
3065,00000013 2fab7080,"     IMAD.MOV.U32 R17, RZ, RZ, 0x4 ",,0,0,0,0,,,,,,,,,,,,,,,,,,,,,,,,,,,,,,,,,,,,,,,,
3066,00000013 2fab7090,"     IMAD.MOV.U32 R16, RZ, RZ, 0x1f ",,0,0,0,0,,,,,,,,,,,,,,,,,,,,,,,,,,,,,,,,,,,,,,,,
3067,00000013 2fab70a0,"     IMAD.MOV.U32 R21, RZ, RZ, -0x1 ",,0,0,0,0,,,,,,,,,,,,,,,,,,,,,,,,,,,,,,,,,,,,,,,,
3068,00000013 2fab70b0,     CALL.REL.NOINC 0x132fab7d60 ,,0,0,0,0,,,,,,,,,,,,,,,,,,,,,,,,,,,,,,,,,,,,,,,,
3069,00000013 2fab70c0,"     FADD.FTZ R18, R18, R21 ",,0,0,0,0,,,,,,,,,,,,,,,,,,,,,,,,,,,,,,,,,,,,,,,,
3070,00000013 2fab70d0,"     MOV R22, 0xc020 ",,0,0,0,0,,,,,,,,,,,,,,,,,,,,,,,,,,,,,,,,,,,,,,,,
3071,00000013 2fab70e0,"     IMAD.MOV.U32 R17, RZ, RZ, 0x2 ",,0,0,0,0,,,,,,,,,,,,,,,,,,,,,,,,,,,,,,,,,,,,,,,,
3072,00000013 2fab70f0,"     IMAD.MOV.U32 R16, RZ, RZ, 0x1f ",,0,0,0,0,,,,,,,,,,,,,,,,,,,,,,,,,,,,,,,,,,,,,,,,
3073,00000013 2fab7100,"     IMAD.MOV.U32 R21, RZ, RZ, -0x1 ",,0,0,0,0,,,,,,,,,,,,,,,,,,,,,,,,,,,,,,,,,,,,,,,,
3074,00000013 2fab7110,     CALL.REL.NOINC 0x132fab7d60 ,,0,0,0,0,,,,,,,,,,,,,,,,,,,,,,,,,,,,,,,,,,,,,,,,
3075,00000013 2fab7120,"     FADD.FTZ R18, R18, R21 ",,0,0,0,0,,,,,,,,,,,,,,,,,,,,,,,,,,,,,,,,,,,,,,,,
3076,00000013 2fab7130,"     MOV R22, 0xc080 ",,0,0,0,0,,,,,,,,,,,,,,,,,,,,,,,,,,,,,,,,,,,,,,,,
3077,00000013 2fab7140,"     IMAD.MOV.U32 R17, RZ, RZ, 0x1 ",,0,0,0,0,,,,,,,,,,,,,,,,,,,,,,,,,,,,,,,,,,,,,,,,
3078,00000013 2fab7150,"     IMAD.MOV.U32 R16, RZ, RZ, 0x1f ",,0,0,0,0,,,,,,,,,,,,,,,,,,,,,,,,,,,,,,,,,,,,,,,,
3079,00000013 2fab7160,"     IMAD.MOV.U32 R21, RZ, RZ, -0x1 ",,0,0,0,0,,,,,,,,,,,,,,,,,,,,,,,,,,,,,,,,,,,,,,,,
3080,00000013 2fab7170,     CALL.REL.NOINC 0x132fab7d60 ,,0,0,0,0,,,,,,,,,,,,,,,,,,,,,,,,,,,,,,,,,,,,,,,,
3081,00000013 2fab7180,     BRA 0x132faadaa0 ,,0,0,0,0,,,,,,,,,,,,,,,,,,,,,,,,,,,,,,,,,,,,,,,,
3082,00000013 2fab7190,"     IMAD.MOV.U32 R18, RZ, RZ, R14 ",,0,0,0,0,,,,,,,,,,,,,,,,,,,,,,,,,,,,,,,,,,,,,,,,
3083,00000013 2fab71a0,"     MOV R22, 0xc0f0 ",,0,0,0,0,,,,,,,,,,,,,,,,,,,,,,,,,,,,,,,,,,,,,,,,
3084,00000013 2fab71b0,"     IMAD.MOV.U32 R17, RZ, RZ, 0x10 ",,0,0,0,0,,,,,,,,,,,,,,,,,,,,,,,,,,,,,,,,,,,,,,,,
3085,00000013 2fab71c0,"     IMAD.MOV.U32 R16, RZ, RZ, 0x1f ",,0,0,0,0,,,,,,,,,,,,,,,,,,,,,,,,,,,,,,,,,,,,,,,,
3086,00000013 2fab71d0,"     IMAD.MOV.U32 R21, RZ, RZ, -0x1 ",,0,0,0,0,,,,,,,,,,,,,,,,,,,,,,,,,,,,,,,,,,,,,,,,
3087,00000013 2fab71e0,     CALL.REL.NOINC 0x132fab7d60 ,,0,0,0,0,,,,,,,,,,,,,,,,,,,,,,,,,,,,,,,,,,,,,,,,
3088,00000013 2fab71f0,"     FMNMX.FTZ R18, R14, R21, !PT ",,0,0,0,0,,,,,,,,,,,,,,,,,,,,,,,,,,,,,,,,,,,,,,,,
3089,00000013 2fab7200,"     IMAD.MOV.U32 R17, RZ, RZ, 0x8 ",,0,0,0,0,,,,,,,,,,,,,,,,,,,,,,,,,,,,,,,,,,,,,,,,
3090,00000013 2fab7210,"     MOV R22, 0xc150 ",,0,0,0,0,,,,,,,,,,,,,,,,,,,,,,,,,,,,,,,,,,,,,,,,
3091,00000013 2fab7220,"     IMAD.MOV.U32 R16, RZ, RZ, 0x1f ",,0,0,0,0,,,,,,,,,,,,,,,,,,,,,,,,,,,,,,,,,,,,,,,,
3092,00000013 2fab7230,"     IMAD.MOV.U32 R21, RZ, RZ, -0x1 ",,0,0,0,0,,,,,,,,,,,,,,,,,,,,,,,,,,,,,,,,,,,,,,,,
3093,00000013 2fab7240,     CALL.REL.NOINC 0x132fab7d60 ,,0,0,0,0,,,,,,,,,,,,,,,,,,,,,,,,,,,,,,,,,,,,,,,,
3094,00000013 2fab7250,"     FMNMX.FTZ R18, R18, R21, !PT ",,0,0,0,0,,,,,,,,,,,,,,,,,,,,,,,,,,,,,,,,,,,,,,,,
3095,00000013 2fab7260,"     IMAD.MOV.U32 R17, RZ, RZ, 0x4 ",,0,0,0,0,,,,,,,,,,,,,,,,,,,,,,,,,,,,,,,,,,,,,,,,
3096,00000013 2fab7270,"     MOV R22, 0xc1b0 ",,0,0,0,0,,,,,,,,,,,,,,,,,,,,,,,,,,,,,,,,,,,,,,,,
3097,00000013 2fab7280,"     IMAD.MOV.U32 R16, RZ, RZ, 0x1f ",,0,0,0,0,,,,,,,,,,,,,,,,,,,,,,,,,,,,,,,,,,,,,,,,
3098,00000013 2fab7290,"     IMAD.MOV.U32 R21, RZ, RZ, -0x1 ",,0,0,0,0,,,,,,,,,,,,,,,,,,,,,,,,,,,,,,,,,,,,,,,,
3099,00000013 2fab72a0,     CALL.REL.NOINC 0x132fab7d60 ,,0,0,0,0,,,,,,,,,,,,,,,,,,,,,,,,,,,,,,,,,,,,,,,,
3100,00000013 2fab72b0,"     FMNMX.FTZ R18, R18, R21, !PT ",,0,0,0,0,,,,,,,,,,,,,,,,,,,,,,,,,,,,,,,,,,,,,,,,
3101,00000013 2fab72c0,"     IMAD.MOV.U32 R17, RZ, RZ, 0x2 ",,0,0,0,0,,,,,,,,,,,,,,,,,,,,,,,,,,,,,,,,,,,,,,,,
3102,00000013 2fab72d0,"     MOV R22, 0xc210 ",,0,0,0,0,,,,,,,,,,,,,,,,,,,,,,,,,,,,,,,,,,,,,,,,
3103,00000013 2fab72e0,"     IMAD.MOV.U32 R16, RZ, RZ, 0x1f ",,0,0,0,0,,,,,,,,,,,,,,,,,,,,,,,,,,,,,,,,,,,,,,,,
3104,00000013 2fab72f0,"     IMAD.MOV.U32 R21, RZ, RZ, -0x1 ",,0,0,0,0,,,,,,,,,,,,,,,,,,,,,,,,,,,,,,,,,,,,,,,,
3105,00000013 2fab7300,     CALL.REL.NOINC 0x132fab7d60 ,,0,0,0,0,,,,,,,,,,,,,,,,,,,,,,,,,,,,,,,,,,,,,,,,
3106,00000013 2fab7310,"     FMNMX.FTZ R18, R18, R21, !PT ",,0,0,0,0,,,,,,,,,,,,,,,,,,,,,,,,,,,,,,,,,,,,,,,,
3107,00000013 2fab7320,"     IMAD.MOV.U32 R17, RZ, RZ, 0x1 ",,0,0,0,0,,,,,,,,,,,,,,,,,,,,,,,,,,,,,,,,,,,,,,,,
3108,00000013 2fab7330,"     MOV R22, 0xc270 ",,0,0,0,0,,,,,,,,,,,,,,,,,,,,,,,,,,,,,,,,,,,,,,,,
3109,00000013 2fab7340,"     IMAD.MOV.U32 R16, RZ, RZ, 0x1f ",,0,0,0,0,,,,,,,,,,,,,,,,,,,,,,,,,,,,,,,,,,,,,,,,
3110,00000013 2fab7350,"     IMAD.MOV.U32 R21, RZ, RZ, -0x1 ",,0,0,0,0,,,,,,,,,,,,,,,,,,,,,,,,,,,,,,,,,,,,,,,,
3111,00000013 2fab7360,     CALL.REL.NOINC 0x132fab7d60 ,,0,0,0,0,,,,,,,,,,,,,,,,,,,,,,,,,,,,,,,,,,,,,,,,
3112,00000013 2fab7370,     BRA 0x132faadfa0 ,,0,0,0,0,,,,,,,,,,,,,,,,,,,,,,,,,,,,,,,,,,,,,,,,
3113,00000013 2fab7380,"     IMAD.MOV.U32 R18, RZ, RZ, R14 ",,0,0,0,0,,,,,,,,,,,,,,,,,,,,,,,,,,,,,,,,,,,,,,,,
3114,00000013 2fab7390,"     MOV R22, 0xc2e0 ",,0,0,0,0,,,,,,,,,,,,,,,,,,,,,,,,,,,,,,,,,,,,,,,,
3115,00000013 2fab73a0,"     IMAD.MOV.U32 R17, RZ, RZ, 0x10 ",,0,0,0,0,,,,,,,,,,,,,,,,,,,,,,,,,,,,,,,,,,,,,,,,
3116,00000013 2fab73b0,"     IMAD.MOV.U32 R16, RZ, RZ, 0x1f ",,0,0,0,0,,,,,,,,,,,,,,,,,,,,,,,,,,,,,,,,,,,,,,,,
3117,00000013 2fab73c0,"     IMAD.MOV.U32 R21, RZ, RZ, -0x1 ",,0,0,0,0,,,,,,,,,,,,,,,,,,,,,,,,,,,,,,,,,,,,,,,,
3118,00000013 2fab73d0,     CALL.REL.NOINC 0x132fab7d60 ,,0,0,0,0,,,,,,,,,,,,,,,,,,,,,,,,,,,,,,,,,,,,,,,,
3119,00000013 2fab73e0,"     FADD.FTZ R18, R14, R21 ",,0,0,0,0,,,,,,,,,,,,,,,,,,,,,,,,,,,,,,,,,,,,,,,,
3120,00000013 2fab73f0,"     MOV R22, 0xc340 ",,0,0,0,0,,,,,,,,,,,,,,,,,,,,,,,,,,,,,,,,,,,,,,,,
3121,00000013 2fab7400,"     IMAD.MOV.U32 R17, RZ, RZ, 0x8 ",,0,0,0,0,,,,,,,,,,,,,,,,,,,,,,,,,,,,,,,,,,,,,,,,
3122,00000013 2fab7410,"     IMAD.MOV.U32 R16, RZ, RZ, 0x1f ",,0,0,0,0,,,,,,,,,,,,,,,,,,,,,,,,,,,,,,,,,,,,,,,,
3123,00000013 2fab7420,"     IMAD.MOV.U32 R21, RZ, RZ, -0x1 ",,0,0,0,0,,,,,,,,,,,,,,,,,,,,,,,,,,,,,,,,,,,,,,,,
3124,00000013 2fab7430,     CALL.REL.NOINC 0x132fab7d60 ,,0,0,0,0,,,,,,,,,,,,,,,,,,,,,,,,,,,,,,,,,,,,,,,,
3125,00000013 2fab7440,"     FADD.FTZ R18, R18, R21 ",,0,0,0,0,,,,,,,,,,,,,,,,,,,,,,,,,,,,,,,,,,,,,,,,
3126,00000013 2fab7450,"     MOV R22, 0xc3a0 ",,0,0,0,0,,,,,,,,,,,,,,,,,,,,,,,,,,,,,,,,,,,,,,,,
3127,00000013 2fab7460,"     IMAD.MOV.U32 R17, RZ, RZ, 0x4 ",,0,0,0,0,,,,,,,,,,,,,,,,,,,,,,,,,,,,,,,,,,,,,,,,
3128,00000013 2fab7470,"     IMAD.MOV.U32 R16, RZ, RZ, 0x1f ",,0,0,0,0,,,,,,,,,,,,,,,,,,,,,,,,,,,,,,,,,,,,,,,,
3129,00000013 2fab7480,"     IMAD.MOV.U32 R21, RZ, RZ, -0x1 ",,0,0,0,0,,,,,,,,,,,,,,,,,,,,,,,,,,,,,,,,,,,,,,,,
3130,00000013 2fab7490,     CALL.REL.NOINC 0x132fab7d60 ,,0,0,0,0,,,,,,,,,,,,,,,,,,,,,,,,,,,,,,,,,,,,,,,,
3131,00000013 2fab74a0,"     FADD.FTZ R18, R18, R21 ",,0,0,0,0,,,,,,,,,,,,,,,,,,,,,,,,,,,,,,,,,,,,,,,,
3132,00000013 2fab74b0,"     MOV R22, 0xc400 ",,0,0,0,0,,,,,,,,,,,,,,,,,,,,,,,,,,,,,,,,,,,,,,,,
3133,00000013 2fab74c0,"     IMAD.MOV.U32 R17, RZ, RZ, 0x2 ",,0,0,0,0,,,,,,,,,,,,,,,,,,,,,,,,,,,,,,,,,,,,,,,,
3134,00000013 2fab74d0,"     IMAD.MOV.U32 R16, RZ, RZ, 0x1f ",,0,0,0,0,,,,,,,,,,,,,,,,,,,,,,,,,,,,,,,,,,,,,,,,
3135,00000013 2fab74e0,"     IMAD.MOV.U32 R21, RZ, RZ, -0x1 ",,0,0,0,0,,,,,,,,,,,,,,,,,,,,,,,,,,,,,,,,,,,,,,,,
3136,00000013 2fab74f0,     CALL.REL.NOINC 0x132fab7d60 ,,0,0,0,0,,,,,,,,,,,,,,,,,,,,,,,,,,,,,,,,,,,,,,,,
3137,00000013 2fab7500,"     FADD.FTZ R18, R18, R21 ",,0,0,0,0,,,,,,,,,,,,,,,,,,,,,,,,,,,,,,,,,,,,,,,,
3138,00000013 2fab7510,"     MOV R22, 0xc460 ",,0,0,0,0,,,,,,,,,,,,,,,,,,,,,,,,,,,,,,,,,,,,,,,,
3139,00000013 2fab7520,"     IMAD.MOV.U32 R17, RZ, RZ, 0x1 ",,0,0,0,0,,,,,,,,,,,,,,,,,,,,,,,,,,,,,,,,,,,,,,,,
3140,00000013 2fab7530,"     IMAD.MOV.U32 R16, RZ, RZ, 0x1f ",,0,0,0,0,,,,,,,,,,,,,,,,,,,,,,,,,,,,,,,,,,,,,,,,
3141,00000013 2fab7540,"     IMAD.MOV.U32 R21, RZ, RZ, -0x1 ",,0,0,0,0,,,,,,,,,,,,,,,,,,,,,,,,,,,,,,,,,,,,,,,,
3142,00000013 2fab7550,     CALL.REL.NOINC 0x132fab7d60 ,,0,0,0,0,,,,,,,,,,,,,,,,,,,,,,,,,,,,,,,,,,,,,,,,
3143,00000013 2fab7560,"     IMAD.MOV.U32 R23, RZ, RZ, R21 ",,0,0,0,0,,,,,,,,,,,,,,,,,,,,,,,,,,,,,,,,,,,,,,,,
3144,00000013 2fab7570,     BRA 0x132faae790 ,,0,0,0,0,,,,,,,,,,,,,,,,,,,,,,,,,,,,,,,,,,,,,,,,
3145,00000013 2fab7580,"     IMAD.MOV.U32 R18, RZ, RZ, R14 ",,0,0,0,0,,,,,,,,,,,,,,,,,,,,,,,,,,,,,,,,,,,,,,,,
3146,00000013 2fab7590,"     MOV R22, 0xc4e0 ",,0,0,0,0,,,,,,,,,,,,,,,,,,,,,,,,,,,,,,,,,,,,,,,,
3147,00000013 2fab75a0,"     IMAD.MOV.U32 R17, RZ, RZ, 0x10 ",,0,0,0,0,,,,,,,,,,,,,,,,,,,,,,,,,,,,,,,,,,,,,,,,
3148,00000013 2fab75b0,"     IMAD.MOV.U32 R16, RZ, RZ, 0x1f ",,0,0,0,0,,,,,,,,,,,,,,,,,,,,,,,,,,,,,,,,,,,,,,,,
3149,00000013 2fab75c0,"     IMAD.MOV.U32 R21, RZ, RZ, -0x1 ",,0,0,0,0,,,,,,,,,,,,,,,,,,,,,,,,,,,,,,,,,,,,,,,,
3150,00000013 2fab75d0,     CALL.REL.NOINC 0x132fab7d60 ,,0,0,0,0,,,,,,,,,,,,,,,,,,,,,,,,,,,,,,,,,,,,,,,,
3151,00000013 2fab75e0,"     FMNMX.FTZ R18, R14, R21, !PT ",,0,0,0,0,,,,,,,,,,,,,,,,,,,,,,,,,,,,,,,,,,,,,,,,
3152,00000013 2fab75f0,"     IMAD.MOV.U32 R17, RZ, RZ, 0x8 ",,0,0,0,0,,,,,,,,,,,,,,,,,,,,,,,,,,,,,,,,,,,,,,,,
3153,00000013 2fab7600,"     MOV R22, 0xc540 ",,0,0,0,0,,,,,,,,,,,,,,,,,,,,,,,,,,,,,,,,,,,,,,,,
3154,00000013 2fab7610,"     IMAD.MOV.U32 R16, RZ, RZ, 0x1f ",,0,0,0,0,,,,,,,,,,,,,,,,,,,,,,,,,,,,,,,,,,,,,,,,
3155,00000013 2fab7620,"     IMAD.MOV.U32 R21, RZ, RZ, -0x1 ",,0,0,0,0,,,,,,,,,,,,,,,,,,,,,,,,,,,,,,,,,,,,,,,,
3156,00000013 2fab7630,     CALL.REL.NOINC 0x132fab7d60 ,,0,0,0,0,,,,,,,,,,,,,,,,,,,,,,,,,,,,,,,,,,,,,,,,
3157,00000013 2fab7640,"     FMNMX.FTZ R18, R18, R21, !PT ",,0,0,0,0,,,,,,,,,,,,,,,,,,,,,,,,,,,,,,,,,,,,,,,,
3158,00000013 2fab7650,"     IMAD.MOV.U32 R17, RZ, RZ, 0x4 ",,0,0,0,0,,,,,,,,,,,,,,,,,,,,,,,,,,,,,,,,,,,,,,,,
3159,00000013 2fab7660,"     MOV R22, 0xc5a0 ",,0,0,0,0,,,,,,,,,,,,,,,,,,,,,,,,,,,,,,,,,,,,,,,,
3160,00000013 2fab7670,"     IMAD.MOV.U32 R16, RZ, RZ, 0x1f ",,0,0,0,0,,,,,,,,,,,,,,,,,,,,,,,,,,,,,,,,,,,,,,,,
3161,00000013 2fab7680,"     IMAD.MOV.U32 R21, RZ, RZ, -0x1 ",,0,0,0,0,,,,,,,,,,,,,,,,,,,,,,,,,,,,,,,,,,,,,,,,
3162,00000013 2fab7690,     CALL.REL.NOINC 0x132fab7d60 ,,0,0,0,0,,,,,,,,,,,,,,,,,,,,,,,,,,,,,,,,,,,,,,,,
3163,00000013 2fab76a0,"     FMNMX.FTZ R18, R18, R21, !PT ",,0,0,0,0,,,,,,,,,,,,,,,,,,,,,,,,,,,,,,,,,,,,,,,,
3164,00000013 2fab76b0,"     IMAD.MOV.U32 R17, RZ, RZ, 0x2 ",,0,0,0,0,,,,,,,,,,,,,,,,,,,,,,,,,,,,,,,,,,,,,,,,
3165,00000013 2fab76c0,"     MOV R22, 0xc600 ",,0,0,0,0,,,,,,,,,,,,,,,,,,,,,,,,,,,,,,,,,,,,,,,,
3166,00000013 2fab76d0,"     IMAD.MOV.U32 R16, RZ, RZ, 0x1f ",,0,0,0,0,,,,,,,,,,,,,,,,,,,,,,,,,,,,,,,,,,,,,,,,
3167,00000013 2fab76e0,"     IMAD.MOV.U32 R21, RZ, RZ, -0x1 ",,0,0,0,0,,,,,,,,,,,,,,,,,,,,,,,,,,,,,,,,,,,,,,,,
3168,00000013 2fab76f0,     CALL.REL.NOINC 0x132fab7d60 ,,0,0,0,0,,,,,,,,,,,,,,,,,,,,,,,,,,,,,,,,,,,,,,,,
3169,00000013 2fab7700,"     FMNMX.FTZ R18, R18, R21, !PT ",,0,0,0,0,,,,,,,,,,,,,,,,,,,,,,,,,,,,,,,,,,,,,,,,
3170,00000013 2fab7710,"     IMAD.MOV.U32 R17, RZ, RZ, 0x1 ",,0,0,0,0,,,,,,,,,,,,,,,,,,,,,,,,,,,,,,,,,,,,,,,,
3171,00000013 2fab7720,"     MOV R22, 0xc660 ",,0,0,0,0,,,,,,,,,,,,,,,,,,,,,,,,,,,,,,,,,,,,,,,,
3172,00000013 2fab7730,"     IMAD.MOV.U32 R16, RZ, RZ, 0x1f ",,0,0,0,0,,,,,,,,,,,,,,,,,,,,,,,,,,,,,,,,,,,,,,,,
3173,00000013 2fab7740,"     IMAD.MOV.U32 R21, RZ, RZ, -0x1 ",,0,0,0,0,,,,,,,,,,,,,,,,,,,,,,,,,,,,,,,,,,,,,,,,
3174,00000013 2fab7750,     CALL.REL.NOINC 0x132fab7d60 ,,0,0,0,0,,,,,,,,,,,,,,,,,,,,,,,,,,,,,,,,,,,,,,,,
3175,00000013 2fab7760,     BRA 0x132faaec80 ,,0,0,0,0,,,,,,,,,,,,,,,,,,,,,,,,,,,,,,,,,,,,,,,,
3176,00000013 2fab7770,"     IMAD.MOV.U32 R18, RZ, RZ, R14 ",,0,0,0,0,,,,,,,,,,,,,,,,,,,,,,,,,,,,,,,,,,,,,,,,
3177,00000013 2fab7780,"     MOV R22, 0xc6d0 ",,0,0,0,0,,,,,,,,,,,,,,,,,,,,,,,,,,,,,,,,,,,,,,,,
3178,00000013 2fab7790,"     IMAD.MOV.U32 R17, RZ, RZ, 0x10 ",,0,0,0,0,,,,,,,,,,,,,,,,,,,,,,,,,,,,,,,,,,,,,,,,
3179,00000013 2fab77a0,"     IMAD.MOV.U32 R16, RZ, RZ, 0x1f ",,0,0,0,0,,,,,,,,,,,,,,,,,,,,,,,,,,,,,,,,,,,,,,,,
3180,00000013 2fab77b0,"     IMAD.MOV.U32 R21, RZ, RZ, -0x1 ",,0,0,0,0,,,,,,,,,,,,,,,,,,,,,,,,,,,,,,,,,,,,,,,,
3181,00000013 2fab77c0,     CALL.REL.NOINC 0x132fab7d60 ,,0,0,0,0,,,,,,,,,,,,,,,,,,,,,,,,,,,,,,,,,,,,,,,,
3182,00000013 2fab77d0,"     FADD.FTZ R18, R14, R21 ",,0,0,0,0,,,,,,,,,,,,,,,,,,,,,,,,,,,,,,,,,,,,,,,,
3183,00000013 2fab77e0,"     MOV R22, 0xc730 ",,0,0,0,0,,,,,,,,,,,,,,,,,,,,,,,,,,,,,,,,,,,,,,,,
3184,00000013 2fab77f0,"     IMAD.MOV.U32 R17, RZ, RZ, 0x8 ",,0,0,0,0,,,,,,,,,,,,,,,,,,,,,,,,,,,,,,,,,,,,,,,,
3185,00000013 2fab7800,"     IMAD.MOV.U32 R16, RZ, RZ, 0x1f ",,0,0,0,0,,,,,,,,,,,,,,,,,,,,,,,,,,,,,,,,,,,,,,,,
3186,00000013 2fab7810,"     IMAD.MOV.U32 R21, RZ, RZ, -0x1 ",,0,0,0,0,,,,,,,,,,,,,,,,,,,,,,,,,,,,,,,,,,,,,,,,
3187,00000013 2fab7820,     CALL.REL.NOINC 0x132fab7d60 ,,0,0,0,0,,,,,,,,,,,,,,,,,,,,,,,,,,,,,,,,,,,,,,,,
3188,00000013 2fab7830,"     FADD.FTZ R18, R18, R21 ",,0,0,0,0,,,,,,,,,,,,,,,,,,,,,,,,,,,,,,,,,,,,,,,,
3189,00000013 2fab7840,"     MOV R22, 0xc790 ",,0,0,0,0,,,,,,,,,,,,,,,,,,,,,,,,,,,,,,,,,,,,,,,,
3190,00000013 2fab7850,"     IMAD.MOV.U32 R17, RZ, RZ, 0x4 ",,0,0,0,0,,,,,,,,,,,,,,,,,,,,,,,,,,,,,,,,,,,,,,,,
3191,00000013 2fab7860,"     IMAD.MOV.U32 R16, RZ, RZ, 0x1f ",,0,0,0,0,,,,,,,,,,,,,,,,,,,,,,,,,,,,,,,,,,,,,,,,
3192,00000013 2fab7870,"     IMAD.MOV.U32 R21, RZ, RZ, -0x1 ",,0,0,0,0,,,,,,,,,,,,,,,,,,,,,,,,,,,,,,,,,,,,,,,,
3193,00000013 2fab7880,     CALL.REL.NOINC 0x132fab7d60 ,,0,0,0,0,,,,,,,,,,,,,,,,,,,,,,,,,,,,,,,,,,,,,,,,
3194,00000013 2fab7890,"     FADD.FTZ R18, R18, R21 ",,0,0,0,0,,,,,,,,,,,,,,,,,,,,,,,,,,,,,,,,,,,,,,,,
3195,00000013 2fab78a0,"     MOV R22, 0xc7f0 ",,0,0,0,0,,,,,,,,,,,,,,,,,,,,,,,,,,,,,,,,,,,,,,,,
3196,00000013 2fab78b0,"     IMAD.MOV.U32 R17, RZ, RZ, 0x2 ",,0,0,0,0,,,,,,,,,,,,,,,,,,,,,,,,,,,,,,,,,,,,,,,,
3197,00000013 2fab78c0,"     IMAD.MOV.U32 R16, RZ, RZ, 0x1f ",,0,0,0,0,,,,,,,,,,,,,,,,,,,,,,,,,,,,,,,,,,,,,,,,
3198,00000013 2fab78d0,"     IMAD.MOV.U32 R21, RZ, RZ, -0x1 ",,0,0,0,0,,,,,,,,,,,,,,,,,,,,,,,,,,,,,,,,,,,,,,,,
3199,00000013 2fab78e0,     CALL.REL.NOINC 0x132fab7d60 ,,0,0,0,0,,,,,,,,,,,,,,,,,,,,,,,,,,,,,,,,,,,,,,,,
3200,00000013 2fab78f0,"     FADD.FTZ R18, R18, R21 ",,0,0,0,0,,,,,,,,,,,,,,,,,,,,,,,,,,,,,,,,,,,,,,,,
3201,00000013 2fab7900,"     MOV R22, 0xc850 ",,0,0,0,0,,,,,,,,,,,,,,,,,,,,,,,,,,,,,,,,,,,,,,,,
3202,00000013 2fab7910,"     IMAD.MOV.U32 R17, RZ, RZ, 0x1 ",,0,0,0,0,,,,,,,,,,,,,,,,,,,,,,,,,,,,,,,,,,,,,,,,
3203,00000013 2fab7920,"     IMAD.MOV.U32 R16, RZ, RZ, 0x1f ",,0,0,0,0,,,,,,,,,,,,,,,,,,,,,,,,,,,,,,,,,,,,,,,,
3204,00000013 2fab7930,"     IMAD.MOV.U32 R21, RZ, RZ, -0x1 ",,0,0,0,0,,,,,,,,,,,,,,,,,,,,,,,,,,,,,,,,,,,,,,,,
3205,00000013 2fab7940,     CALL.REL.NOINC 0x132fab7d60 ,,0,0,0,0,,,,,,,,,,,,,,,,,,,,,,,,,,,,,,,,,,,,,,,,
3206,00000013 2fab7950,"     IMAD.MOV.U32 R23, RZ, RZ, R21 ",,0,0,0,0,,,,,,,,,,,,,,,,,,,,,,,,,,,,,,,,,,,,,,,,
3207,00000013 2fab7960,     BRA 0x132faaf470 ,,0,0,0,0,,,,,,,,,,,,,,,,,,,,,,,,,,,,,,,,,,,,,,,,
3208,00000013 2fab7970,"     IMAD.MOV.U32 R17, RZ, RZ, 0x10 ",,0,0,0,0,,,,,,,,,,,,,,,,,,,,,,,,,,,,,,,,,,,,,,,,
3209,00000013 2fab7980,"     MOV R22, 0xc8c0 ",,0,0,0,0,,,,,,,,,,,,,,,,,,,,,,,,,,,,,,,,,,,,,,,,
3210,00000013 2fab7990,"     IMAD.MOV.U32 R16, RZ, RZ, 0x1f ",,0,0,0,0,,,,,,,,,,,,,,,,,,,,,,,,,,,,,,,,,,,,,,,,
3211,00000013 2fab79a0,"     IMAD.MOV.U32 R21, RZ, RZ, -0x1 ",,0,0,0,0,,,,,,,,,,,,,,,,,,,,,,,,,,,,,,,,,,,,,,,,
3212,00000013 2fab79b0,     CALL.REL.NOINC 0x132fab7d60 ,,0,0,0,0,,,,,,,,,,,,,,,,,,,,,,,,,,,,,,,,,,,,,,,,
3213,00000013 2fab79c0,"     FMNMX.FTZ R18, R18, R21, !PT ",,0,0,0,0,,,,,,,,,,,,,,,,,,,,,,,,,,,,,,,,,,,,,,,,
3214,00000013 2fab79d0,"     IMAD.MOV.U32 R17, RZ, RZ, 0x8 ",,0,0,0,0,,,,,,,,,,,,,,,,,,,,,,,,,,,,,,,,,,,,,,,,
3215,00000013 2fab79e0,"     MOV R22, 0xc920 ",,0,0,0,0,,,,,,,,,,,,,,,,,,,,,,,,,,,,,,,,,,,,,,,,
3216,00000013 2fab79f0,"     IMAD.MOV.U32 R16, RZ, RZ, 0x1f ",,0,0,0,0,,,,,,,,,,,,,,,,,,,,,,,,,,,,,,,,,,,,,,,,
3217,00000013 2fab7a00,"     IMAD.MOV.U32 R21, RZ, RZ, -0x1 ",,0,0,0,0,,,,,,,,,,,,,,,,,,,,,,,,,,,,,,,,,,,,,,,,
3218,00000013 2fab7a10,     CALL.REL.NOINC 0x132fab7d60 ,,0,0,0,0,,,,,,,,,,,,,,,,,,,,,,,,,,,,,,,,,,,,,,,,
3219,00000013 2fab7a20,"     FMNMX.FTZ R18, R18, R21, !PT ",,0,0,0,0,,,,,,,,,,,,,,,,,,,,,,,,,,,,,,,,,,,,,,,,
3220,00000013 2fab7a30,"     IMAD.MOV.U32 R17, RZ, RZ, 0x4 ",,0,0,0,0,,,,,,,,,,,,,,,,,,,,,,,,,,,,,,,,,,,,,,,,
3221,00000013 2fab7a40,"     MOV R22, 0xc980 ",,0,0,0,0,,,,,,,,,,,,,,,,,,,,,,,,,,,,,,,,,,,,,,,,
3222,00000013 2fab7a50,"     IMAD.MOV.U32 R16, RZ, RZ, 0x1f ",,0,0,0,0,,,,,,,,,,,,,,,,,,,,,,,,,,,,,,,,,,,,,,,,
3223,00000013 2fab7a60,"     IMAD.MOV.U32 R21, RZ, RZ, -0x1 ",,0,0,0,0,,,,,,,,,,,,,,,,,,,,,,,,,,,,,,,,,,,,,,,,
3224,00000013 2fab7a70,     CALL.REL.NOINC 0x132fab7d60 ,,0,0,0,0,,,,,,,,,,,,,,,,,,,,,,,,,,,,,,,,,,,,,,,,
3225,00000013 2fab7a80,"     FMNMX.FTZ R18, R18, R21, !PT ",,0,0,0,0,,,,,,,,,,,,,,,,,,,,,,,,,,,,,,,,,,,,,,,,
3226,00000013 2fab7a90,"     IMAD.MOV.U32 R17, RZ, RZ, 0x2 ",,0,0,0,0,,,,,,,,,,,,,,,,,,,,,,,,,,,,,,,,,,,,,,,,
3227,00000013 2fab7aa0,"     MOV R22, 0xc9e0 ",,0,0,0,0,,,,,,,,,,,,,,,,,,,,,,,,,,,,,,,,,,,,,,,,
3228,00000013 2fab7ab0,"     IMAD.MOV.U32 R16, RZ, RZ, 0x1f ",,0,0,0,0,,,,,,,,,,,,,,,,,,,,,,,,,,,,,,,,,,,,,,,,
3229,00000013 2fab7ac0,"     IMAD.MOV.U32 R21, RZ, RZ, -0x1 ",,0,0,0,0,,,,,,,,,,,,,,,,,,,,,,,,,,,,,,,,,,,,,,,,
3230,00000013 2fab7ad0,     CALL.REL.NOINC 0x132fab7d60 ,,0,0,0,0,,,,,,,,,,,,,,,,,,,,,,,,,,,,,,,,,,,,,,,,
3231,00000013 2fab7ae0,"     FMNMX.FTZ R20, R18, R21, !PT ",,0,0,0,0,,,,,,,,,,,,,,,,,,,,,,,,,,,,,,,,,,,,,,,,
3232,00000013 2fab7af0,"     IMAD.MOV.U32 R17, RZ, RZ, 0x1 ",,0,0,0,0,,,,,,,,,,,,,,,,,,,,,,,,,,,,,,,,,,,,,,,,
3233,00000013 2fab7b00,"     MOV R22, 0xca50 ",,0,0,0,0,,,,,,,,,,,,,,,,,,,,,,,,,,,,,,,,,,,,,,,,
3234,00000013 2fab7b10,"     IMAD.MOV.U32 R16, RZ, RZ, 0x1f ",,0,0,0,0,,,,,,,,,,,,,,,,,,,,,,,,,,,,,,,,,,,,,,,,
3235,00000013 2fab7b20,"     IMAD.MOV.U32 R21, RZ, RZ, -0x1 ",,0,0,0,0,,,,,,,,,,,,,,,,,,,,,,,,,,,,,,,,,,,,,,,,
3236,00000013 2fab7b30,"     IMAD.MOV.U32 R18, RZ, RZ, R20 ",,0,0,0,0,,,,,,,,,,,,,,,,,,,,,,,,,,,,,,,,,,,,,,,,
3237,00000013 2fab7b40,     CALL.REL.NOINC 0x132fab7d60 ,,0,0,0,0,,,,,,,,,,,,,,,,,,,,,,,,,,,,,,,,,,,,,,,,
3238,00000013 2fab7b50,     BRA 0x132faaf980 ,,0,0,0,0,,,,,,,,,,,,,,,,,,,,,,,,,,,,,,,,,,,,,,,,
3239,00000013 2fab7b60,"     IMAD.MOV.U32 R17, RZ, RZ, 0x10 ",,0,0,0,0,,,,,,,,,,,,,,,,,,,,,,,,,,,,,,,,,,,,,,,,
3240,00000013 2fab7b70,"     MOV R22, 0xcab0 ",,0,0,0,0,,,,,,,,,,,,,,,,,,,,,,,,,,,,,,,,,,,,,,,,
3241,00000013 2fab7b80,"     IMAD.MOV.U32 R16, RZ, RZ, 0x1f ",,0,0,0,0,,,,,,,,,,,,,,,,,,,,,,,,,,,,,,,,,,,,,,,,
3242,00000013 2fab7b90,"     IMAD.MOV.U32 R21, RZ, RZ, -0x1 ",,0,0,0,0,,,,,,,,,,,,,,,,,,,,,,,,,,,,,,,,,,,,,,,,
3243,00000013 2fab7ba0,     CALL.REL.NOINC 0x132fab7d60 ,,0,0,0,0,,,,,,,,,,,,,,,,,,,,,,,,,,,,,,,,,,,,,,,,
3244,00000013 2fab7bb0,"     FADD.FTZ R18, R18, R21 ",,0,0,0,0,,,,,,,,,,,,,,,,,,,,,,,,,,,,,,,,,,,,,,,,
3245,00000013 2fab7bc0,"     MOV R22, 0xcb10 ",,0,0,0,0,,,,,,,,,,,,,,,,,,,,,,,,,,,,,,,,,,,,,,,,
3246,00000013 2fab7bd0,"     IMAD.MOV.U32 R17, RZ, RZ, 0x8 ",,0,0,0,0,,,,,,,,,,,,,,,,,,,,,,,,,,,,,,,,,,,,,,,,
3247,00000013 2fab7be0,"     IMAD.MOV.U32 R16, RZ, RZ, 0x1f ",,0,0,0,0,,,,,,,,,,,,,,,,,,,,,,,,,,,,,,,,,,,,,,,,
3248,00000013 2fab7bf0,"     IMAD.MOV.U32 R21, RZ, RZ, -0x1 ",,0,0,0,0,,,,,,,,,,,,,,,,,,,,,,,,,,,,,,,,,,,,,,,,
3249,00000013 2fab7c00,     CALL.REL.NOINC 0x132fab7d60 ,,0,0,0,0,,,,,,,,,,,,,,,,,,,,,,,,,,,,,,,,,,,,,,,,
3250,00000013 2fab7c10,"     FADD.FTZ R18, R18, R21 ",,0,0,0,0,,,,,,,,,,,,,,,,,,,,,,,,,,,,,,,,,,,,,,,,
3251,00000013 2fab7c20,"     MOV R22, 0xcb70 ",,0,0,0,0,,,,,,,,,,,,,,,,,,,,,,,,,,,,,,,,,,,,,,,,
3252,00000013 2fab7c30,"     IMAD.MOV.U32 R17, RZ, RZ, 0x4 ",,0,0,0,0,,,,,,,,,,,,,,,,,,,,,,,,,,,,,,,,,,,,,,,,
3253,00000013 2fab7c40,"     IMAD.MOV.U32 R16, RZ, RZ, 0x1f ",,0,0,0,0,,,,,,,,,,,,,,,,,,,,,,,,,,,,,,,,,,,,,,,,
3254,00000013 2fab7c50,"     IMAD.MOV.U32 R21, RZ, RZ, -0x1 ",,0,0,0,0,,,,,,,,,,,,,,,,,,,,,,,,,,,,,,,,,,,,,,,,
3255,00000013 2fab7c60,     CALL.REL.NOINC 0x132fab7d60 ,,0,0,0,0,,,,,,,,,,,,,,,,,,,,,,,,,,,,,,,,,,,,,,,,
3256,00000013 2fab7c70,"     FADD.FTZ R18, R18, R21 ",,0,0,0,0,,,,,,,,,,,,,,,,,,,,,,,,,,,,,,,,,,,,,,,,
3257,00000013 2fab7c80,"     MOV R22, 0xcbd0 ",,0,0,0,0,,,,,,,,,,,,,,,,,,,,,,,,,,,,,,,,,,,,,,,,
3258,00000013 2fab7c90,"     IMAD.MOV.U32 R17, RZ, RZ, 0x2 ",,0,0,0,0,,,,,,,,,,,,,,,,,,,,,,,,,,,,,,,,,,,,,,,,
3259,00000013 2fab7ca0,"     IMAD.MOV.U32 R16, RZ, RZ, 0x1f ",,0,0,0,0,,,,,,,,,,,,,,,,,,,,,,,,,,,,,,,,,,,,,,,,
3260,00000013 2fab7cb0,"     IMAD.MOV.U32 R21, RZ, RZ, -0x1 ",,0,0,0,0,,,,,,,,,,,,,,,,,,,,,,,,,,,,,,,,,,,,,,,,
3261,00000013 2fab7cc0,     CALL.REL.NOINC 0x132fab7d60 ,,0,0,0,0,,,,,,,,,,,,,,,,,,,,,,,,,,,,,,,,,,,,,,,,
3262,00000013 2fab7cd0,"     FADD.FTZ R20, R18, R21 ",,0,0,0,0,,,,,,,,,,,,,,,,,,,,,,,,,,,,,,,,,,,,,,,,
3263,00000013 2fab7ce0,"     MOV R22, 0xcc40 ",,0,0,0,0,,,,,,,,,,,,,,,,,,,,,,,,,,,,,,,,,,,,,,,,
3264,00000013 2fab7cf0,"     IMAD.MOV.U32 R17, RZ, RZ, 0x1 ",,0,0,0,0,,,,,,,,,,,,,,,,,,,,,,,,,,,,,,,,,,,,,,,,
3265,00000013 2fab7d00,"     IMAD.MOV.U32 R16, RZ, RZ, 0x1f ",,0,0,0,0,,,,,,,,,,,,,,,,,,,,,,,,,,,,,,,,,,,,,,,,
3266,00000013 2fab7d10,"     IMAD.MOV.U32 R21, RZ, RZ, -0x1 ",,0,0,0,0,,,,,,,,,,,,,,,,,,,,,,,,,,,,,,,,,,,,,,,,
3267,00000013 2fab7d20,"     IMAD.MOV.U32 R18, RZ, RZ, R20 ",,0,0,0,0,,,,,,,,,,,,,,,,,,,,,,,,,,,,,,,,,,,,,,,,
3268,00000013 2fab7d30,     CALL.REL.NOINC 0x132fab7d60 ,,0,0,0,0,,,,,,,,,,,,,,,,,,,,,,,,,,,,,,,,,,,,,,,,
3269,00000013 2fab7d40,"     IMAD.MOV.U32 R23, RZ, RZ, R21 ",,0,0,0,0,,,,,,,,,,,,,,,,,,,,,,,,,,,,,,,,,,,,,,,,
3270,00000013 2fab7d50,     BRA 0x132fab0160 ,,0,0,0,0,,,,,,,,,,,,,,,,,,,,,,,,,,,,,,,,,,,,,,,,
3271,00000013 2fab7d60,     WARPSYNC R21 ,,0,0,0,0,,,,,,,,,,,,,,,,,,,,,,,,,,,,,,,,,,,,,,,,
3272,00000013 2fab7d70,"     SHFL.BFLY PT, R21, R18, R17, R16 ",,0,0,0,0,,,,,,,,,,,,,,,,,,,,,,,,,,,,,,,,,,,,,,,,
3273,00000013 2fab7d80,"     IMAD.MOV.U32 R16, RZ, RZ, R22 ",,0,0,0,0,,,,,,,,,,,,,,,,,,,,,,,,,,,,,,,,,,,,,,,,
3274,00000013 2fab7d90,"     IMAD.MOV.U32 R17, RZ, RZ, 0x0 ",,0,0,0,0,,,,,,,,,,,,,,,,,,,,,,,,,,,,,,,,,,,,,,,,
3275,00000013 2fab7da0,     RET.REL.NODEC R16 0x132faab100 ,,0,0,0,0,,,,,,,,,,,,,,,,,,,,,,,,,,,,,,,,,,,,,,,,
3276,00000013 2fab7db0,     BRA 0x132fab7db0,,0,0,,,,,,,,,,,,,,,,,,,,,,,,,,,,,,,,,,,,,,,,,,
3277,00000013 2fab7dc0,     NOP,,0,0,0,0,,,,,,,,,,,,,,,,,,,,,,,,,,,,,,,,,,,,,,,,
3278,00000013 2fab7dd0,     NOP,,0,0,0,0,,,,,,,,,,,,,,,,,,,,,,,,,,,,,,,,,,,,,,,,
3279,00000013 2fab7de0,     NOP,,0,0,0,0,,,,,,,,,,,,,,,,,,,,,,,,,,,,,,,,,,,,,,,,
3280,00000013 2fab7df0,     NOP,,0,0,0,0,,,,,,,,,,,,,,,,,,,,,,,,,,,,,,,,,,,,,,,,
